Depth;Age;Pinus;Picea;Betula;Alnus;Juniperus;Acer;Ulmus;Quercus;Empetrum Nigrum;Vaccinium;Salix;Ericaceae;Corylus;Fraxinus;Tilia;Calluna;Poaceae;Moneses;Thalictrum;Viola Polustris;Philipendula;Artemisia;Urtica;Humulus;Asteraceae;Chenopodiaceae;Rumex Acetosa;Apiaceae;Trifolium;Plantago major media;Rosaceae;Ranunculus acris;Gallium;Saxifraga;Epilobium;Cyperaceae;Lycopodium annotinum;Sphagnum;Driopteris;Typha;Potamogen;Nymphar;Isoetes;Charcoal;Fungi hyphae;Pinus + Fungi;FeS2;Ustilagum;Meliola;Glomus;Helicoon Ellipticum;Cercophora;Neurospora;;Betula pollen Coroded;POLLEN SUM;Sedimentation rate;Lycopodium count;Lycopodium tab added;Lycopodium per tablet;Lyc batch No.;Sample vol. ml
0.5;-34;567.8110802;104.3640303;191.0392419;10.61329122;3.53776374;0;0;0;0;0;0;5.306645609;0;0;0;0;3.53776374;0;0;0;0;0;0;0;0;0;0;0;0;0;0;0;0;0;0;1.76888187;0;1.76888187;5.306645609;0;0;0;0;84.90632975;134.4350221;1.76888187;5.306645609;0;0;0;0;0;0;0;0;887.9786986;;;;;;
1;-3;799.8048074;162.9696316;300.8670122;15.04335061;5.014450203;0;0;0;0;0;0;5.014450203;0;0;0;0;5.014450203;0;0;0;2.507225101;0;0;0;0;0;0;0;0;0;0;0;0;0;0;0;0;40.11560162;0;0;0;0;0;172.998532;215.6213587;0;5.014450203;0;0;0;0;0;0;0;0;1296.235377;;;;;;
1.5;28;855.7306215;108.5821332;299.8935109;25.85288887;10.34115555;0;0;2.585288887;0;0;0;5.170577773;0;0;0;0;15.51173332;0;0;0;0;2.585288887;0;0;0;0;0;2.585288887;0;0;0;0;0;0;0;2.585288887;0;10.34115555;0;0;0;0;2.585288887;152.5320443;227.505422;0;12.92644443;0;0;0;0;0;0;0;0;1331.423777;;;;;;
2;59;787.5304476;64.476177;297.0509583;16.11904425;4.605441214;0;0;0;0;0;0;4.605441214;0;0;0;2.302720607;9.210882428;0;0;0;0;2.302720607;0;0;0;0;0;0;0;0;0;0;0;0;0;9.210882428;0;18.42176486;2.302720607;0;0;0;0;128.952354;175.0067661;0;2.302720607;0;0;0;0;0;0;0;0;1197.414716;;;;;;
2.5;89.5;1822.103367;224.951033;764.8335122;28.11887913;0;0;0;0;0;0;0;33.74265495;0;0;0;0;22.4951033;0;0;0;0;0;0;0;0;0;0;0;0;0;0;0;0;0;0;28.11887913;0;11.24755165;5.623775825;0;0;0;0;269.9412396;837.9425979;0;5.623775825;0;0;0;0;0;0;0;0;2924.363429;;;;;;
3;120;2333.697406;141.8661037;993.0627261;21.27991556;7.093305187;0;0;0;0;0;0;21.27991556;0;7.093305187;0;0;56.74644149;0;0;7.093305187;0;7.093305187;0;0;0;0;0;0;0;0;0;0;0;0;0;14.18661037;0;28.37322075;0;0;0;0;0;446.8782268;1198.768577;0;7.093305187;0;0;0;0;0;0;0;0;3610.49234;;;;;;
3.5;151;1688.452172;217.1642665;825.2242126;43.4328533;10.85821332;0;0;0;0;0;10.85821332;27.14553331;0;0;0;0;48.86195996;0;0;0;0;5.429106662;0;0;0;0;5.429106662;0;0;0;0;0;0;0;0;10.85821332;0;38.00374663;0;0;0;0;5.429106662;320.3172931;906.6608126;21.71642665;21.71642665;0;0;5.429106662;5.429106662;0;0;0;0;2893.713851;;;;;;
4;182;1749.236876;166.066792;863.5473185;16.6066792;0;0;0;0;0;0;0;0;5.535559734;0;0;0;38.74891814;0;0;0;0;0;0;0;0;0;0;0;0;0;0;0;0;0;0;0;5.535559734;11.07111947;0;0;0;0;0;260.1713075;874.6184379;0;11.07111947;0;0;0;0;0;0;0;0;2839.742143;;;;;;
4.5;212;2078.33842;198.6125452;1198.768577;42.55983112;14.18661037;0;0;0;0;0;0;42.55983112;7.093305187;0;0;0;14.18661037;0;0;0;0;21.27991556;0;0;0;0;0;0;0;0;0;0;0;0;0;14.18661037;0;49.65313631;7.093305187;0;0;0;0;695.1439083;1106.555609;0;21.27991556;0;0;0;0;0;0;0;0;3631.772255;;;;;;
5;242;2350.224447;243.6208269;960.1526706;50.15722906;7.165318437;0;0;0;0;0;0;14.33063687;0;0;0;0;35.82659219;0;0;0;0;7.165318437;0;0;0;0;0;0;0;0;0;0;0;0;0;14.33063687;0;85.98382125;0;0;0;0;0;752.3584359;938.6567153;0;28.66127375;0;0;0;0;0;0;0;0;3682.973677;;;;;;
5.5;273;2236.687034;238.6708726;941.0451547;47.73417452;13.63833558;0;0;0;0;0;0;6.819167788;0;0;0;0;34.09583894;0;0;0;0;0;0;0;0;0;0;0;0;0;0;0;0;0;0;13.63833558;6.819167788;13.63833558;0;0;0;0;0;436.4267384;736.4701211;0;6.819167788;0;0;0;0;0;0;0;0;3532.328914;;;;;;
6;303.5;1805.352722;302.9115305;951.1422058;18.17469183;0;0;0;0;0;0;0;6.05823061;0;0;0;0;30.29115305;0;0;0;0;12.11646122;0;6.05823061;0;0;0;0;0;0;0;0;0;0;0;6.05823061;0;54.52407549;0;0;0;0;0;636.114214;720.9294426;0;6.05823061;0;0;0;0;0;0;0;0;3138.163456;;;;;;
6.5;332.5;2398.14733;447.7553559;1039.703115;37.94536914;7.589073829;0;0;0;0;0;0;0;0;0;0;0;45.53444297;0;0;0;0;0;0;0;0;0;0;0;0;0;0;0;0;0;0;22.76722149;0;30.35629531;0;0;0;0;0;440.1662821;1047.292188;0;30.35629531;0;0;0;0;0;0;0;0;3999.441908;;;;;;
7;362;1652.43048;229.6598294;907.4363992;28.00729627;11.20291851;0;5.601459254;0;0;0;0;16.80437776;0;0;0;5.601459254;16.80437776;0;0;0;0;0;0;0;0;0;0;0;0;0;0;0;0;0;0;22.40583702;5.601459254;39.21021478;5.601459254;0;0;0;5.601459254;296.8773405;834.6174289;0;0;0;0;0;0;0;0;0;0;2895.954435;;;;;;
7.5;393;1806.806697;225.8508371;1141.801454;56.46270928;12.54726873;0;0;6.273634365;31.36817182;0;0;0;6.273634365;0;0;6.273634365;43.91544055;0;0;0;0;6.273634365;0;0;6.273634365;0;0;0;6.273634365;0;0;0;0;0;0;6.273634365;0;69.00997801;6.273634365;0;0;0;0;150.5672248;1010.055133;0;25.09453746;6.273634365;0;0;0;0;0;0;0;3362.66802;;;;;;
8;423;1946.044835;185.0113047;1260.81778;75.37497599;27.40908218;0;0;0;13.70454109;0;0;27.40908218;0;0;0;0;41.11362327;0;0;0;0;0;0;0;0;0;6.852270544;0;0;0;0;0;0;0;0;6.852270544;13.70454109;41.11362327;0;0;0;0;0;287.7953629;1205.999616;0;27.40908218;0;0;0;0;0;0;0;0;3590.589765;;;;;;
8.5;453.5;2322.738438;112.0291851;1180.04075;44.81167404;14.93722468;0;0;0;29.87444936;0;0;14.93722468;0;0;0;22.40583702;29.87444936;0;7.468612339;0;0;0;0;0;0;7.468612339;0;0;0;0;0;0;0;0;0;7.468612339;0;104.5605727;0;7.468612339;0;0;0;209.1211455;1172.572137;0;0;0;0;0;0;0;0;0;0;3794.055068;;;;;;
9;482.5;1348.831388;125.4726873;1014.237556;26.14014319;36.59620046;0;0;5.228028637;0;0;5.228028637;15.68408591;0;0;0;5.228028637;26.14014319;0;0;0;5.228028637;5.228028637;0;0;0;0;0;0;0;0;0;0;0;0;0;15.68408591;0;47.05225774;0;0;0;0;0;339.8218614;841.7126106;0;0;0;0;0;0;0;0;0;0;2634.926433;;;;;;
9.5;512;1755.710278;309.1449992;839.9411299;75.82801867;23.33169805;0;0;0;0;0;0;17.49877354;0;0;0;0;17.49877354;0;0;0;0;0;0;0;0;0;0;0;0;0;0;0;0;0;0;40.83047159;0;46.6633961;0;0;0;0;11.66584903;291.6462256;816.6094318;0;5.832924513;0;0;0;0;0;0;0;0;3079.784143;;;;;;
10;542;1820.347528;287.4232939;1092.208517;57.48465877;19.16155292;0;0;0;0;0;0;6.387184308;0;0;0;0;12.77436862;0;0;0;0;6.387184308;0;0;0;0;0;0;0;0;0;0;0;0;0;38.32310585;0;89.42058032;0;0;0;0;25.54873723;491.8131917;830.3339601;0;31.93592154;0;0;6.387184308;0;0;0;0;0;3340.497393;;;;;;
10.5;573;2076.27423;455.5853527;1254.726873;37.3430617;7.468612339;0;0;7.468612339;0;0;0;0;0;0;0;0;44.81167404;0;0;0;0;7.468612339;0;0;0;0;0;0;0;0;0;0;0;0;0;7.468612339;0;82.15473573;0;0;0;0;0;769.2670709;1165.103525;0;22.40583702;0;0;7.468612339;0;0;0;0;0;3898.615641;;;;;;
11;603.5;3037.304362;642.5066919;1246.073584;58.40969926;19.46989975;0;0;0;0;0;0;38.93979951;0;0;0;0;38.93979951;0;0;0;0;0;0;0;0;0;0;0;0;0;0;0;0;0;0;38.93979951;19.46989975;97.34949877;9.734949877;0;0;0;9.734949877;1255.808534;1654.941479;0;9.734949877;0;0;0;0;0;0;0;0;5120.583635;;;;;;
11.5;633;1733.709746;456.8559465;843.4263628;52.71414767;11.71425504;0;0;0;0;0;0;29.2856376;0;0;0;0;0;0;0;0;0;17.57138256;0;0;0;0;0;0;0;0;0;0;0;0;0;11.71425504;0;64.42840271;0;0;0;0;0;544.7128593;860.9977453;0;0;0;5.857127519;0;0;0;0;0;0;3156.991733;;;;;;
12;662;2161.927421;609.202916;1144.112793;37.14651927;0;0;0;0;0;0;0;14.85860771;0;0;0;0;7.429303853;0;0;0;0;7.429303853;0;0;0;0;0;0;0;0;0;0;0;0;0;14.85860771;0;44.57582312;14.85860771;0;0;0;0;638.9201314;898.9457662;0;7.429303853;0;0;7.429303853;0;0;0;0;0;3996.965473;;;;;;
12.5;691;1825.189905;210.093802;1129.254186;45.95801919;0;0;0;0;0;0;0;65.65431312;0;0;0;0;78.78517575;0;0;0;0;0;0;19.69629394;0;0;0;0;0;0;0;0;0;0;0;6.565431312;0;59.08888181;0;0;0;0;0;334.8369969;1175.212205;0;32.82715656;0;0;0;0;6.565431312;0;0;0;3381.197126;;;;;;
13;722;2127.991556;120.5861882;1241.328408;28.37322075;0;0;0;7.093305187;0;7.093305187;0;21.27991556;0;0;0;0;7.093305187;7.093305187;0;0;0;7.093305187;0;0;0;0;0;0;0;0;0;0;0;0;0;7.093305187;0;56.74644149;0;0;0;0;0;425.5983112;1276.794934;14.18661037;28.37322075;0;0;28.37322075;7.093305187;0;0;0;0;3582.119119;;;;;;
13.5;754;1513.157834;96.24325446;978.473087;37.42793229;5.34684747;0;0;0;0;0;5.34684747;10.69369494;0;0;0;0;21.38738988;0;0;0;0;0;5.34684747;5.34684747;5.34684747;0;0;0;0;0;0;0;0;0;0;48.12162723;0;21.38738988;0;0;0;0;0;470.5225774;818.0676629;0;53.4684747;0;0;5.34684747;0;0;0;0;5.34684747;2732.239057;;;;;;
14;782.5;2142.949977;204.7870285;1119.014834;21.94146734;43.88293468;0;0;7.313822446;7.313822446;0;0;0;0;0;0;0;102.3935142;0;0;7.313822446;7.313822446;7.313822446;0;0;7.313822446;0;0;0;0;0;0;0;0;0;0;14.62764489;0;65.82440202;51.19675712;0;0;0;7.313822446;497.3399263;833.7757589;0;0;0;0;0;0;0;0;0;7.313822446;3693.480335;;;;;;
14.5;814;3577.837129;876.4500349;1668.856916;72.03698917;24.01232972;0;0;0;0;0;0;84.04315404;0;0;0;0;12.00616486;0;0;0;0;12.00616486;0;0;0;0;0;0;0;0;0;0;0;0;0;60.03082431;0;120.0616486;24.01232972;0;0;0;0;2029.041862;2245.152829;0;24.01232972;0;0;0;0;0;0;0;0;6387.279707;;;;;;
15;855;2608.939625;527.2421541;1481.732261;36.36152787;27.2711459;0;0;9.090381967;0;0;0;109.0845836;0;0;0;0;27.2711459;0;0;0;0;9.090381967;0;0;0;0;0;0;0;9.090381967;0;0;0;0;0;45.45190984;0;118.1749656;36.36152787;0;0;0;0;1336.286149;1572.63608;0;0;0;0;0;0;0;0;0;0;4890.625498;;;;;;
15.5;909;2528.108931;662.1237676;1083.475256;60.19306978;34.39603988;0;0;0;0;0;0;60.19306978;0;0;0;0;34.39603988;0;0;0;8.599009969;25.79702991;0;0;0;0;0;0;0;0;0;0;0;0;0;17.19801994;8.599009969;85.99009969;25.79702991;0;0;0;8.599009969;1436.034665;1513.425755;0;51.59405981;0;0;0;0;0;0;0;0;4514.480234;;;;;;
16;963;2474.60398;654.0024804;1352.194318;88.37871357;0;0;0;0;0;0;0;35.35148543;0;0;0;0;17.67574271;0;0;0;0;8.837871357;0;0;0;0;0;0;0;0;0;0;0;0;0;53.02722814;0;79.54084221;17.67574271;0;0;0;17.67574271;1414.059417;1599.654716;0;17.67574271;0;0;0;0;0;0;0;0;4684.071819;;;;;;
16.5;1016.5;4276.115677;649.0532725;1603.543379;25.45306951;12.72653475;0;0;0;0;0;0;63.63267377;0;0;0;0;38.17960426;0;0;0;0;0;0;0;0;0;0;0;0;0;0;0;0;0;0;12.72653475;0;267.2572298;50.90613902;0;0;0;0;2443.494673;2430.768138;0;12.72653475;0;0;0;0;0;0;0;0;6681.430746;;;;;;
17;1065;4174.303399;763.5920852;1463.551497;50.90613902;38.17960426;0;0;0;0;0;0;101.812278;0;0;0;0;12.72653475;0;0;0;0;25.45306951;0;0;0;0;0;0;0;0;0;0;0;0;0;50.90613902;0;114.5388128;12.72653475;0;0;0;0;2087.1517;2265.323186;0;0;0;0;0;0;0;0;0;0;6681.430746;;;;;;
17.5;1116.5;3440.877915;919.1386211;1626.16833;58.91914238;35.35148543;0;0;0;0;0;0;47.1353139;0;0;0;0;35.35148543;0;0;0;0;11.78382848;0;0;0;0;0;0;0;0;0;0;0;0;0;35.35148543;0;94.27062781;11.78382848;0;0;0;23.56765695;2015.034669;2250.711239;0;0;0;0;0;11.78382848;0;0;0;0;6210.077607;;;;;;
18;1168;3914.009745;1164.597992;1188.610321;24.01232972;0;0;0;0;0;0;0;60.03082431;0;0;0;0;24.01232972;0;0;0;0;12.00616486;0;0;0;0;0;0;0;0;0;0;0;0;0;84.04315404;0;192.0986378;24.01232972;0;0;0;0;1872.961719;2185.122005;0;0;0;0;0;0;0;0;0;0;6471.322861;;;;;;
18.5;1217;4110.670726;941.7635718;1501.731101;76.35920852;0;0;0;12.72653475;0;0;0;50.90613902;0;0;0;0;25.45306951;0;0;0;0;0;0;0;0;0;0;0;0;0;0;0;0;0;0;63.63267377;12.72653475;38.17960426;12.72653475;0;0;0;0;1985.339422;2328.95586;0;0;0;0;0;0;0;0;0;0;6783.243024;;;;;;
19;1268;4284.600034;947.4198095;1937.261401;70.70297086;28.28118834;0;0;28.28118834;0;0;0;98.9841592;0;0;0;0;70.70297086;0;0;0;14.14059417;14.14059417;0;0;0;0;0;0;0;0;0;0;0;0;0;42.42178251;14.14059417;127.2653475;28.28118834;0;0;0;0;2375.619821;2616.009922;0;0;0;0;0;0;0;0;0;0;7536.936693;;;;;;
19.5;1320.5;4966.452587;1195.052654;1769.298734;46.560493;0;0;0;0;0;0;0;46.560493;0;0;0;0;31.04032867;0;0;0;0;15.52016433;0;0;0;0;0;0;0;0;0;0;0;0;0;139.681479;0;108.6411503;31.04032867;0;0;0;0;2529.786786;2793.62958;0;31.04032867;0;0;0;0;0;0;0;0;8210.166933;;;;;;
20;1374;4826.771108;1257.133311;1815.859227;108.6411503;31.04032867;0;0;0;0;0;0;62.08065734;0;0;0;0;46.560493;0;0;0;15.52016433;0;0;0;0;0;0;0;0;0;0;0;0;0;0;46.560493;0;108.6411503;0;0;0;0;0;2809.149744;2964.351388;0;0;0;0;0;0;0;0;0;0;8210.166933;;;;;;
20.5;1427;3866.908637;893.3048433;1541.868634;36.71115794;12.23705265;0;0;0;0;0;0;36.71115794;0;0;0;0;48.94821059;0;0;0;0;12.23705265;0;0;0;0;0;0;0;0;0;0;0;0;0;36.71115794;0;36.71115794;0;0;0;0;12.23705265;2141.484213;2251.617687;0;24.4741053;0;0;0;0;0;0;0;0;6485.637903;;;;;;
21;1477;4208.433652;1156.957705;2068.061898;72.30985656;0;0;0;0;0;0;0;86.77182787;0;0;0;0;43.38591393;0;0;0;0;14.46197131;0;0;0;0;0;0;0;0;0;0;0;0;0;43.38591393;0;159.0816844;0;0;0;0;14.46197131;2458.535123;2675.464693;0;14.46197131;0;0;0;14.46197131;0;0;0;0;7693.768738;;;;;;
21.5;1528;3386.167283;1022.667971;1363.557295;79.54084221;0;0;0;0;0;0;0;90.90381967;0;0;0;0;34.08893238;0;0;0;0;0;0;0;0;0;0;0;0;11.36297746;0;0;0;0;0;34.08893238;0;136.3557295;0;0;0;0;0;1943.069145;2158.965717;0;11.36297746;0;0;0;0;0;0;0;0;6022.378053;;;;;;
22;1580;3934.836766;986.9557564;1688.213794;90.90381967;0;0;0;0;12.98625995;0;0;77.91755972;0;0;0;0;38.95877986;0;0;0;12.98625995;0;0;0;0;0;0;0;0;0;0;0;0;0;0;25.97251991;0;103.8900796;25.97251991;0;0;0;0;2090.787852;2454.403131;0;12.98625995;0;0;0;0;0;0;0;0;6869.731515;;;;;;
22.5;1633;3930.25338;1060.544563;1472.285393;87.338964;37.43098457;12.47699486;0;0;0;0;0;87.338964;0;0;0;0;12.47699486;0;0;0;0;12.47699486;0;0;0;0;0;0;0;0;0;0;0;0;0;24.95398971;12.47699486;162.2009331;24.95398971;0;0;0;0;2008.796172;2283.290059;12.47699486;24.95398971;0;0;12.47699486;0;0;0;0;0;6737.577223;;;;;;
23;1684;4584.444906;1344.963332;1677.588672;101.2337992;0;0;0;0;0;0;0;115.6957705;0;0;0;0;43.38591393;0;0;0;0;0;0;0;0;0;0;0;0;0;0;0;0;0;0;43.38591393;0;115.6957705;0;0;0;0;0;2472.997094;2747.774549;0;0;0;0;0;0;0;0;0;0;7910.698307;;;;;;
23.5;1734.5;3017.420337;1016.070113;1375.28682;41.05333792;20.52666896;0;10.26333448;0;0;0;0;20.52666896;0;0;0;0;10.26333448;0;0;0;0;0;0;0;0;0;0;0;0;0;0;10.26333448;0;0;0;61.58000687;0;61.58000687;0;0;0;0;0;1642.133517;1857.663541;0;10.26333448;0;0;0;0;0;0;0;0;5583.253957;;;;;;
24;1785.5;3110.930718;797.9335282;1333.256022;70.70297086;10.10042441;0;0;0;0;0;0;20.20084882;0;0;0;0;20.20084882;0;0;0;0;0;0;0;0;0;0;0;0;0;0;0;0;0;0;10.10042441;0;60.60254645;20.20084882;0;0;0;0;1666.570027;1888.779364;0;0;0;0;0;0;0;0;0;0;5373.425785;;;;;;
24.5;1835;3247.460592;987.4035585;1535.961091;142.6249584;21.9423013;0;0;0;0;0;0;98.74035585;0;0;0;0;43.8846026;0;0;0;0;0;0;0;0;0;0;0;0;0;0;0;0;0;0;32.91345195;10.97115065;76.79805455;0;0;0;0;0;1744.412953;2095.489774;0;32.91345195;0;0;0;0;0;0;0;0;6110.930912;;;;;;
25;1889;3779.780822;1501.731101;1361.739219;127.2653475;25.45306951;0;0;0;0;0;0;76.35920852;0;0;0;0;12.72653475;0;0;0;0;0;0;0;0;0;0;0;0;0;0;0;0;0;0;38.17960426;25.45306951;63.63267377;0;0;0;0;12.72653475;2150.784373;2430.768138;0;12.72653475;0;0;0;0;0;0;0;0;6923.234906;;;;;;
25.5;1943;7918.737245;2532.929422;3386.126701;133.3120748;0;0;0;26.66241497;0;0;0;133.3120748;0;0;0;0;106.6496599;0;0;0;0;26.66241497;0;0;0;0;0;0;0;0;0;0;0;0;0;106.6496599;0;266.6241497;0;0;0;0;0;4825.897109;5119.183673;0;0;0;0;0;0;0;0;0;0;14371.04167;;;;;;
26;1981;6025.126165;2353.24793;2272.101449;101.4331004;0;0;0;0;0;0;0;60.85986025;0;0;0;0;81.14648033;0;0;0;0;0;0;0;0;0;0;0;0;0;0;0;20.28662008;0;0;60.85986025;0;142.0063406;0;0;0;0;0;3489.298654;3996.464156;0;0;0;0;0;0;0;0;0;0;10975.06146;;;;;;
26.5;2008;7872.248932;1890.296856;2775.625763;143.5668498;23.9278083;0;0;0;23.9278083;0;0;95.71123321;0;0;0;0;47.85561661;0;0;0;47.85561661;23.9278083;0;0;0;0;23.9278083;0;0;0;0;0;0;0;0;119.6390415;47.85561661;287.1336996;23.9278083;0;0;0;0;3972.016178;4737.706044;0;23.9278083;0;0;0;0;0;0;0;0;13088.51114;;;;;;
27;2034;6648.939732;2006.346726;3406.123512;93.31845238;0;0;0;0;0;0;0;23.3296131;0;0;0;0;46.65922619;0;0;0;0;0;0;0;0;0;23.3296131;0;0;0;0;0;0;0;0;23.3296131;23.3296131;209.9665179;23.3296131;0;0;0;0;4292.64881;4502.615327;0;46.65922619;0;0;0;0;0;0;0;0;12271.37649;;;;;;
27.5;2061;5972.380952;2343.330026;2509.229497;82.94973545;0;0;0;0;0;0;0;103.6871693;0;0;0;0;20.73743386;0;0;0;0;0;0;0;0;20.73743386;0;0;0;0;0;0;0;0;0;20.73743386;0;331.7989418;20.73743386;0;0;0;0;3566.838624;4023.062169;0;20.73743386;0;0;0;0;0;0;0;0;11073.78968;;;;;;
28;2086;5722.357929;1725.511006;1690.296496;70.42902066;0;0;0;0;0;0;0;17.60725517;0;0;0;0;35.21451033;0;0;0;0;0;0;0;17.60725517;0;0;0;0;0;0;0;0;0;0;70.42902066;17.60725517;105.643531;17.60725517;0;0;0;0;2729.124551;3204.52044;0;0;0;0;0;0;0;0;0;0;9349.452493;;;;;;
28.5;2112.5;5618.962133;2124.483916;2759.843592;99.27494934;0;0;0;0;0;0;0;59.5649696;0;0;0;0;138.9849291;0;0;0;0;19.85498987;0;0;0;0;0;0;0;0;0;0;0;0;0;79.41995947;0;99.27494934;0;0;0;0;59.5649696;3176.798379;3832.013045;0;0;0;0;0;0;0;0;0;0;10900.38944;;;;;;
29;2137;5340.992275;2382.598784;2601.003673;158.8399189;39.70997974;0;0;0;0;0;0;59.5649696;0;0;0;0;79.41995947;0;0;0;0;0;0;0;0;0;0;0;0;0;0;0;0;0;0;99.27494934;19.85498987;138.9849291;19.85498987;0;0;0;0;3196.653369;3871.723024;0;39.70997974;0;0;0;0;0;0;0;0;10761.40451;;;;;;
29.5;2165;8338.455261;3461.813556;3883.251728;210.719086;30.10272657;0;0;0;0;0;0;240.8218126;0;0;0;0;90.30817972;0;0;0;0;0;0;0;0;0;0;0;0;0;0;0;0;0;0;90.30817972;0;240.8218126;30.10272657;0;0;0;0;5267.977151;5870.031682;0;0;0;0;0;0;0;0;0;0;16345.78053;;;;;;
30;2191;6986.273327;2623.005148;3455.304858;100.8848134;25.22120335;0;0;0;0;0;0;126.1060167;0;0;0;0;0;0;0;0;0;50.44240669;0;0;25.22120335;0;0;0;0;0;0;0;0;0;0;50.44240669;0;378.3180502;75.66361004;0;0;25.22120335;0;4211.940959;4892.913449;0;25.22120335;0;0;0;0;0;0;0;0;13442.90138;;;;;;
30.5;2217;5346.369668;1710.838294;2838.43626;174.9720982;19.44134425;0;0;0;0;0;0;136.0894097;0;0;0;0;58.32403274;0;0;0;0;0;0;0;0;0;0;0;0;0;0;0;0;0;0;58.32403274;0;330.5028522;77.76537698;0;0;0;0;3305.028522;3849.386161;0;19.44134425;0;0;0;0;0;0;0;0;10342.79514;;;;;;
31;2243.5;7130.486874;2057.791514;3421.676587;143.5668498;0;0;0;0;0;0;0;119.6390415;0;0;0;0;95.71123321;0;0;0;0;0;0;0;0;0;0;0;0;0;0;0;0;0;0;47.85561661;0;358.9171245;71.78342491;0;0;0;0;4115.583028;4618.067002;0;0;0;0;0;0;0;0;0;0;13016.72772;;;;;;
31.5;2273;8179.087885;2579.980742;3650.398284;247.0194328;0;0;0;0;0;0;0;54.89320728;0;0;0;0;54.89320728;0;0;0;0;0;0;0;0;0;0;0;0;0;0;0;0;0;0;109.7864146;0;603.8252801;137.2330182;0;0;0;0;4858.048845;5434.427521;0;0;0;0;0;0;0;0;0;0;14876.05917;;;;;;
36.5;2529;6578.950893;1843.039435;3452.782738;163.3072917;23.3296131;0;0;0;0;0;0;209.9665179;0;46.65922619;0;0;69.98883929;0;0;0;0;0;0;0;0;0;0;0;0;0;0;0;0;0;0;93.31845238;0;303.2849702;23.3296131;0;0;0;0;3802.726935;4339.308036;0;0;0;0;0;0;0;0;0;0;12481.34301;;;;;;
37;2557.5;7776.537698;1762.681878;3603.129134;207.3743386;0;0;0;0;25.92179233;0;0;155.530754;0;0;0;0;103.6871693;0;0;0;0;25.92179233;0;0;0;0;0;0;0;0;0;0;0;0;0;51.84358466;25.92179233;311.0615079;25.92179233;0;0;0;0;4251.173942;4976.984127;0;0;0;0;0;0;0;0;0;0;13712.62814;;;;;;
37.5;2585;5635.702614;1280.841503;2726.362628;54.89320728;0;0;0;0;18.29773576;0;0;54.89320728;0;0;0;0;18.29773576;0;0;0;0;0;0;0;0;0;0;0;0;0;0;0;0;0;0;54.89320728;0;256.1683007;36.59547152;0;0;0;0;3037.424136;3513.165266;0;0;0;0;0;0;0;0;0;0;9844.181839;;;;;;
38;2611.5;5031.081781;2150.381729;2698.120471;60.85986025;40.57324017;0;0;20.28662008;0;0;0;60.85986025;0;0;0;0;60.85986025;0;0;0;0;40.57324017;0;0;0;0;0;0;0;0;0;0;0;0;0;60.85986025;0;243.439441;0;0;0;0;0;3306.719073;3935.604296;0;20.28662008;0;0;0;0;0;0;0;0;10224.45652;;;;;;
38.5;2639;7615.989823;2829.656298;4696.025346;210.719086;30.10272657;0;0;0;0;0;0;120.4109063;0;0;0;0;180.6163594;0;0;0;30.10272657;0;0;0;0;0;0;0;0;0;0;0;0;0;0;60.20545315;0;361.2327189;0;0;0;0;0;5087.360791;5990.442588;0;0;0;0;0;0;0;0;0;0;15773.82873;;;;;;
39;2666;7932.068452;2986.190476;4168.224206;217.7430556;31.10615079;0;0;0;0;0;0;93.31845238;0;0;0;62.21230159;0;0;0;0;0;62.21230159;0;0;0;0;0;0;0;0;0;0;0;0;0;93.31845238;31.10615079;217.7430556;31.10615079;0;0;0;31.10615079;5288.045635;6034.593254;0;0;0;0;0;0;0;0;0;0;15646.39385;;;;;;
39.5;2693;7081.223739;2799.553571;3513.165266;82.33981092;0;0;0;0;0;0;0;109.7864146;0;0;0;27.44660364;82.33981092;0;0;0;0;27.44660364;0;0;0;0;0;0;0;0;0;0;0;0;0;137.2330182;0;247.0194328;54.89320728;0;0;0;27.44660364;4556.136204;5297.194503;0;0;0;0;0;0;0;0;0;0;13860.53484;;;;;;
40;2719;7669.610305;2187.151228;4257.65439;87.48604911;58.32403274;0;0;0;0;0;0;233.296131;0;0;0;0;58.32403274;0;0;0;0;29.16201637;0;0;0;0;0;0;0;0;0;0;0;0;0;58.32403274;29.16201637;174.9720982;0;0;0;0;0;5132.514881;5774.079241;0;0;0;0;0;0;0;0;0;0;14639.33222;;;;;;
40.5;2742;7736.40073;2558.731759;4364.895353;150.5136329;0;0;0;0;0;0;30.10272657;60.20545315;0;0;0;0;120.4109063;0;0;0;0;0;0;0;0;0;0;0;0;0;0;0;0;0;0;120.4109063;0;301.0272657;60.20545315;0;0;0;0;5087.360791;5809.826229;0;0;0;0;0;0;0;0;0;0;15141.67147;;;;;;
41;2767.5;21011.58009;4935.606061;7967.478355;564.0692641;141.017316;0;0;0;0;0;0;282.034632;0;0;0;0;70.50865801;0;0;0;141.017316;0;0;70.50865801;0;0;0;0;0;0;0;0;0;0;0;141.017316;0;1339.664502;70.50865801;0;0;0;0;12903.08442;13819.69697;0;0;0;0;0;0;0;0;0;0;35324.83766;;;;;;
41.5;2792;9085.544218;1772.789116;4400.315841;158.2847425;126.627794;0;0;31.65694849;0;0;63.31389699;31.65694849;0;0;0;31.65694849;126.627794;0;0;0;0;0;0;0;0;0;0;0;0;0;0;0;0;0;0;0;0;601.4820214;31.65694849;0;0;0;0;5856.535471;6204.761905;31.65694849;31.65694849;0;0;0;0;0;0;0;0;15828.47425;;;;;;
42;2820;36231.37755;5761.564626;11855.52721;221.5986395;110.7993197;0;0;0;0;0;221.5986395;332.3979592;221.5986395;0;0;0;221.5986395;0;0;0;0;110.7993197;0;110.7993197;0;0;0;0;0;0;0;0;0;0;0;110.7993197;0;1440.391156;110.7993197;0;0;0;0;20830.27211;21938.26531;0;0;0;0;0;0;0;0;0;0;55510.45918;;;;;;
42.5;2847;8942.156863;2615.73296;3345.704949;182.4929972;91.2464986;0;0;0;0;0;0;30.41549953;0;0;0;0;91.2464986;0;0;0;0;60.83099907;0;0;0;0;0;0;0;0;0;0;0;0;0;60.83099907;30.41549953;304.1549953;0;0;0;0;0;4805.648926;5900.606909;0;0;0;0;0;0;0;0;0;0;15420.65826;;;;;;
43;2875.5;17003.43407;3460.347985;8471.886447;178.9835165;119.3223443;0;0;59.66117216;0;0;0;238.6446886;0;0;0;0;238.6446886;0;0;0;0;59.66117216;0;0;0;0;0;0;0;0;0;0;0;0;0;0;0;954.5787546;59.66117216;0;0;0;0;10381.04396;11693.58974;0;0;0;0;0;0;0;0;0;0;29830.58608;;;;;;
43.5;2902.5;10099.97354;2102.724868;4756.984127;103.4126984;34.47089947;0;0;0;0;0;34.47089947;34.47089947;0;34.47089947;0;0;34.47089947;0;0;0;0;0;0;0;0;0;0;0;0;0;0;0;0;0;0;137.8835979;68.94179894;654.9470899;0;0;0;0;0;5515.343915;6687.354497;0;0;0;0;0;0;0;0;0;0;17373.33333;;;;;;
44;2928.5;10452.06916;2769.982993;4727.437642;110.7993197;110.7993197;0;0;0;0;0;0;110.7993197;0;0;0;0;147.7324263;0;0;0;0;0;0;36.93310658;0;0;0;0;0;0;0;0;0;0;0;36.93310658;73.86621315;258.531746;73.86621315;0;0;0;0;5835.430839;7017.290249;0;0;0;0;0;0;0;0;0;0;18503.48639;;;;;;
44.5;2953.5;8647.061803;2343.287741;4884.599797;165.0202634;165.0202634;0;0;0;0;0;0;99.01215805;0;0;0;0;132.0162107;0;0;0;0;0;0;66.00810537;0;0;0;0;0;0;0;0;0;0;0;99.01215805;0;429.0526849;0;0;0;0;0;5478.672746;6270.77001;0;33.00405268;0;0;0;0;0;0;0;0;16601.0385;;;;;;
45;2981;16509.09864;3434.778912;7146.556122;332.3979592;0;0;0;55.39965986;0;0;0;55.39965986;55.39965986;0;0;0;110.7993197;0;0;0;0;0;0;0;0;0;0;0;0;0;0;0;0;0;0;110.7993197;55.39965986;664.7959184;55.39965986;0;0;0;0;9528.741497;10858.33333;0;166.1989796;0;0;0;0;0;0;0;0;27810.62925;;;;;;
45.5;3008.5;10198.25228;1980.243161;3960.486322;66.00810537;0;0;0;0;0;0;0;231.0283688;0;0;0;0;66.00810537;0;0;0;0;0;0;0;0;0;0;0;0;0;0;0;0;0;0;33.00405268;0;330.0405268;0;0;0;0;0;5049.620061;6468.794326;0;33.00405268;0;0;0;0;0;0;0;0;16535.0304;;;;;;
46;3036.5;13524.44196;3344.754464;6447.135417;533.2217262;48.47470238;0;0;0;0;0;0;145.4241071;0;0;0;0;145.4241071;0;0;0;0;0;0;48.47470238;0;0;0;0;0;0;0;0;0;0;0;48.47470238;48.47470238;484.7470238;0;0;0;0;0;8143.75;9549.516369;0;0;0;0;0;0;0;0;0;0;24285.82589;;;;;;
46.5;3063.5;11246.13095;2326.785714;5700.625;155.1190476;0;0;0;38.7797619;0;0;0;155.1190476;0;0;0;0;0;0;0;0;0;0;0;0;0;0;0;0;0;0;0;0;0;0;0;155.1190476;0;232.6785714;116.3392857;0;0;0;0;6204.761905;7484.494048;0;38.7797619;0;0;0;0;0;0;0;0;19777.67857;;;;;;
47;3090.5;10404.32636;2572.706156;5410.24971;227.0034843;0;0;37.83391405;0;0;0;37.83391405;75.66782811;37.83391405;0;0;0;75.66782811;0;0;0;37.83391405;0;0;0;0;0;0;0;0;0;0;0;0;0;0;151.3356562;0;378.3391405;0;0;0;0;0;6015.592334;7301.945412;0;0;0;0;0;0;0;0;0;0;19068.29268;;;;;;
47.5;3116;5674.091479;1612.421679;2632.941729;61.23120301;61.23120301;0;0;0;0;0;0;40.82080201;20.410401;0;0;0;102.052005;0;0;0;0;0;0;0;0;0;0;0;0;0;0;0;0;0;0;61.23120301;0;285.745614;0;0;0;0;0;2530.889724;3796.334586;0;20.410401;0;0;0;0;0;0;0;0;10266.4317;;;;;;
48;3141;10858.33333;2426.221001;6125.213675;159.0964591;119.3223443;0;0;0;0;0;0;159.0964591;0;0;0;0;39.77411477;0;0;0;0;0;0;0;0;0;0;0;0;0;0;0;0;0;0;0;0;278.4188034;39.77411477;0;0;0;0;6403.632479;7676.404151;0;0;0;0;0;0;0;0;0;0;19887.05739;;;;;;
48.5;3166;8692.520216;2253.616352;3277.987421;87.8032345;29.26774483;0;0;29.26774483;0;0;0;146.3387242;0;0;0;0;58.53548967;0;0;0;58.53548967;0;0;0;0;0;0;0;0;0;0;0;0;0;0;29.26774483;0;380.4806828;0;0;0;0;0;4302.358491;5502.336029;0;0;0;0;0;0;0;0;0;0;14663.14016;;;;;;
49;3193;8273.015873;2159.500467;4440.662932;121.6619981;60.83099907;0;0;0;0;0;0;60.83099907;0;0;0;0;91.2464986;0;0;0;0;0;0;0;0;0;0;0;0;0;0;0;0;0;0;60.83099907;0;547.4789916;60.83099907;0;0;0;0;4531.90943;5596.451914;0;0;0;0;0;0;0;0;0;0;15268.58077;;;;;;
49.5;3219;1986.103694;572.6357365;1014.797508;57.98842902;7.248553627;0;7.248553627;0;0;0;0;0;0;0;0;0;14.49710725;0;0;0;0;0;0;0;7.248553627;0;0;0;0;0;0;0;0;0;0;0;0;14.49710725;0;0;0;0;0;645.1212728;1116.277259;0;14.49710725;0;0;0;0;0;0;0;0;3667.768135;;;;;;
50;3250;3796.334586;938.8784461;1796.115288;68.03467001;27.213868;0;0;40.82080201;0;0;13.606934;108.855472;0;0;0;0;40.82080201;0;0;0;0;0;0;0;0;0;0;0;0;0;0;0;0;0;0;27.213868;0;163.283208;13.606934;0;0;0;0;1619.225146;2503.675856;0;40.82080201;0;0;0;0;0;0;0;0;6857.894737;;;;;;
50.5;3284;8797.705053;1898.134994;4007.173877;90.38738068;120.5165076;0;0;0;0;0;30.12912689;90.38738068;0;0;0;0;0;0;0;0;0;0;0;30.12912689;0;0;0;0;0;0;0;0;0;0;0;90.38738068;0;482.0660303;30.12912689;0;0;0;0;4639.885542;5814.921491;0;0;0;0;0;0;0;0;0;0;15154.95083;;;;;;
51;3320;5286.009439;1677.087332;3269.25885;169.8316286;63.68686072;0;0;0;0;0;42.45790714;84.91581429;0;0;0;0;127.3737214;0;0;0;0;0;0;0;0;0;0;0;0;0;0;0;0;0;0;0;0;127.3737214;21.22895357;0;0;0;0;3056.969314;3969.814318;0;0;0;0;0;0;0;0;0;0;10720.62155;;;;;;
51.5;3360;5845.03855;1472.246552;3449.891174;131.8429748;43.94765827;0;0;0;0;0;0;43.94765827;0;0;0;0;0;0;0;0;0;0;0;0;0;0;0;0;0;0;0;0;0;0;0;0;21.97382914;197.7644622;0;0;0;0;0;3230.152883;4109.106048;0;0;0;0;0;0;0;0;0;0;10986.91457;;;;;;
52;3394.5;3426.673544;791.6797497;1618.807846;35.448347;11.81611567;0;0;11.81611567;0;0;0;0;0;0;0;0;11.81611567;0;0;0;0;0;0;0;0;0;0;0;0;0;0;0;0;0;0;11.81611567;0;94.52892534;11.81611567;0;0;0;0;1252.508261;1985.107432;0;0;0;0;0;0;0;0;0;0;5919.873949;;;;;;
52.5;3425;7392.254637;1547.216087;3192.668116;98.23594202;24.5589855;0;0;0;0;0;0;0;0;0;0;0;24.5589855;0;0;0;0;0;0;0;0;0;0;0;0;0;0;0;0;0;0;0;0;196.471884;24.5589855;0;0;0;0;3659.28884;4592.530289;0;0;0;0;0;0;0;0;0;0;12279.49275;;;;;;
53;3457;5314.697214;1049.398813;2098.797626;84.62893654;50.77736192;0;0;33.85157461;0;0;16.92578731;67.70314923;0;0;0;0;33.85157461;0;0;0;0;0;0;0;0;0;0;0;0;0;0;0;0;0;0;50.77736192;16.92578731;152.3320858;0;0;0;0;0;2132.649201;3165.122226;0;0;0;0;0;0;0;0;0;0;8801.4094;;;;;;
53.5;3489;6888.795434;1136.535274;3108.076054;208.7513768;23.19459742;0;0;0;0;0;0;185.5567794;0;0;0;0;23.19459742;0;0;0;0;23.19459742;0;0;0;0;0;0;0;0;0;0;0;0;0;23.19459742;0;92.77838968;23.19459742;0;0;0;0;3386.411223;4406.97351;0;0;0;0;0;0;0;0;0;0;11620.49331;;;;;;
54;3521;2379.024566;370.5645742;874.5323951;29.64516593;14.82258297;0;0;0;0;0;0;22.23387445;0;0;0;0;14.82258297;0;0;0;0;0;0;0;0;0;0;0;0;0;0;0;0;0;0;7.411291484;0;22.23387445;7.411291484;0;0;0;0;696.6613995;1148.75018;0;0;0;0;0;0;0;0;0;0;3713.057033;;;;;;
54.5;3553;1375.861347;289.4053178;645.2315283;18.97739789;0;0;0;4.744349472;0;0;0;23.72174736;0;0;0;0;0;0;0;0;0;4.744349472;0;4.744349472;0;0;4.744349472;0;0;0;0;0;0;0;0;23.72174736;0;28.46609683;0;0;0;0;0;417.5027536;692.675023;0;0;0;0;0;0;0;0;0;0;2395.896484;;;;;;
56;3647;6900.61155;1016.185947;3568.466932;141.793388;70.896694;0;0;0;0;0;0;70.896694;0;0;0;0;47.26446267;0;0;0;0;94.52892534;0;0;0;0;0;0;0;0;0;0;0;0;0;118.1611567;0;165.4256193;47.26446267;0;0;0;0;3473.938006;4442.859491;0;0;0;0;0;0;0;0;0;0;12028.80575;;;;;;
56.5;3680;7381.804005;1092.613589;4530.349028;213.1928954;0;0;0;26.64911193;0;0;0;0;0;0;0;0;53.29822386;0;0;0;0;26.64911193;0;0;0;0;0;0;0;0;0;0;0;0;0;26.64911193;0;79.94733579;26.64911193;0;0;0;0;4077.314125;5249.87505;0;0;0;0;0;0;0;0;0;0;13351.20508;;;;;;
57;3712;8517.056173;1596.948032;5197.909282;93.93811956;31.31270652;0;0;0;0;0;0;156.5635326;0;0;0;0;31.31270652;0;0;0;0;31.31270652;0;0;0;0;0;0;0;0;0;0;0;0;0;31.31270652;0;125.2508261;31.31270652;0;0;0;0;5010.033043;6074.665065;0;0;0;0;0;0;0;0;0;0;15687.66597;;;;;;
57.5;3742.5;6672.015158;1132.074774;3733.438085;264.9536705;72.26009197;0;0;24.08669732;0;0;0;48.17339464;0;24.08669732;0;0;72.26009197;0;0;0;0;0;0;0;0;0;0;0;0;0;0;0;0;0;0;96.34678929;0;240.8669732;0;0;0;0;0;3564.831204;4600.559188;0;0;0;0;0;0;0;0;0;0;12139.69545;;;;;;
58;3774;6121.129081;929.2803225;2787.840967;161.6139691;0;0;0;0;0;0;0;40.40349228;0;20.20174614;0;0;40.40349228;0;0;0;0;0;0;0;0;0;0;0;0;0;0;0;0;0;0;80.80698456;0;80.80698456;0;0;0;0;0;2787.840967;3797.928274;0;0;0;0;0;0;0;0;0;0;10181.68006;;;;;;
58.5;3804;6533.918094;1273.383398;2421.515971;83.50055072;41.75027536;0;0;20.87513768;0;0;0;83.50055072;0;0;0;0;62.62541304;0;0;0;0;20.87513768;0;0;0;0;0;0;0;0;0;0;0;0;0;62.62541304;0;125.2508261;20.87513768;0;0;0;0;2922.519275;4008.026434;0;0;0;0;0;0;0;0;0;0;10604.56994;;;;;;
59;3837;8245.679383;1304.696105;3052.988886;130.4696105;78.2817663;0;0;26.0939221;0;0;0;130.4696105;0;0;0;0;26.0939221;0;0;0;26.0939221;26.0939221;0;0;0;0;0;0;0;0;0;0;0;0;0;130.4696105;0;208.7513768;0;0;0;0;0;4070.651847;5010.033043;0;0;0;0;0;0;0;0;0;0;13177.43066;;;;;;
59.5;3867.5;5292.288426;564.5107654;2593.221329;176.4096142;0;0;0;0;0;0;0;105.8457685;0;0;0;0;52.92288426;0;0;0;0;0;0;0;0;0;0;0;0;0;0;0;0;17.64096142;17.64096142;70.56384568;0;105.8457685;52.92288426;0;0;0;0;2275.684023;3263.577862;0;0;0;0;0;0;0;0;0;17.64096142;8891.044555;;;;;;
60;3900;8081.660444;1431.438012;4980.211418;149.1081263;29.82162526;0;0;59.64325051;0;0;0;89.46487577;0;0;0;0;0;0;0;0;0;0;0;0;0;0;0;0;0;0;29.82162526;0;0;0;0;59.64325051;0;268.3946273;0;0;0;0;0;4711.81679;5785.3953;0;0;0;0;0;0;0;0;0;0;14910.81263;;;;;;
60.5;3930.5;4111.494508;626.2541304;1810.69129;149.7564225;13.61422023;0;0;13.61422023;0;0;0;54.4568809;0;13.61422023;0;0;13.61422023;0;0;0;0;0;0;0;0;0;0;0;0;0;0;0;0;0;0;13.61422023;0;108.9137618;13.61422023;0;0;0;0;1470.335784;2273.574778;0;0;0;0;0;0;0;0;0;0;6820.724333;;;;;;
61;3964;7164.347251;1127.257435;4033.0766;250.5016521;0;0;0;0;0;0;25.05016521;100.2006609;0;0;0;0;75.15049564;0;0;0;0;0;0;0;0;0;0;0;0;0;0;0;0;0;0;50.10033043;0;100.2006609;0;0;0;0;0;3757.524782;4734.481226;0;0;0;0;0;0;0;0;0;0;12825.68459;;;;;;
61.5;3993.5;3348.542493;587.9120408;2326.08677;127.8069654;0;0;0;0;0;0;0;25.56139308;0;0;0;0;51.12278615;0;0;0;0;0;0;0;0;0;0;0;0;0;0;0;0;0;0;25.56139308;12.78069654;76.68417923;25.56139308;0;0;0;0;1303.631047;2223.841198;0;0;0;0;0;0;0;0;0;0;6492.593841;;;;;;
62;4024;4848.996267;984.1136334;2701.839248;250.5016521;0;0;0;0;0;0;53.67892546;71.57190061;17.89297515;0;0;0;17.89297515;0;0;0;0;0;0;0;0;0;0;0;0;0;0;0;0;0;0;0;0;161.0367764;53.67892546;0;0;0;0;2326.08677;3274.414453;0;0;0;0;0;0;0;0;0;0;8946.487577;;;;;;
62.5;4055;3556.650816;531.725205;1725.152887;153.6095037;11.81611567;0;0;0;0;0;0;23.63223133;0;0;0;0;11.81611567;0;0;0;0;11.81611567;0;0;0;0;0;0;0;0;0;0;0;0;0;11.81611567;0;59.08057834;11.81611567;0;0;0;0;1110.714873;1949.659085;0;0;0;0;0;0;0;0;0;0;6038.035106;;;;;;
63;4090;4902.395614;988.3072995;3463.968159;352.2679483;0;0;0;0;0;0;0;19.57044157;0;19.57044157;0;0;19.57044157;0;0;0;0;19.57044157;0;0;0;0;0;0;0;0;0;0;0;0;0;78.2817663;19.57044157;97.85220787;0;0;0;0;0;2661.580054;3757.524782;0;0;0;0;0;0;0;0;0;0;9863.502553;;;;;;
63.5;4120;4242.871733;751.5049564;2567.641935;140.9071793;31.31270652;0;15.65635326;15.65635326;0;0;31.31270652;109.5944728;0;0;15.65635326;0;46.96905978;0;0;0;0;0;0;0;0;0;0;0;0;0;0;0;0;0;0;46.96905978;0;15.65635326;0;0;0;0;0;1878.762391;2927.738059;0;0;0;0;0;0;0;0;0;0;8016.052869;;;;;;
64;4151;3729.058685;612.021082;2533.482618;170.796581;0;0;0;28.46609683;0;0;14.23304842;71.16524209;0;0;0;0;28.46609683;0;0;0;0;0;0;0;0;0;0;0;0;0;0;0;0;0;0;42.69914525;14.23304842;42.69914525;28.46609683;0;0;0;0;1594.101423;2604.64786;0;0;0;0;0;0;0;0;0;0;7230.388596;;;;;;
64.5;4183;5065.29076;810.4465217;3020.755217;165.7731522;36.83847826;0;0;0;0;0;0;73.67695651;0;0;18.41923913;0;0;0;0;0;0;0;0;18.41923913;0;0;0;0;0;0;0;0;0;0;0;18.41923913;0;73.67695651;0;0;0;0;0;2431.339565;3499.655434;0;0;0;0;0;0;0;0;0;0;9228.038803;;;;;;
65;4213;4536.523822;687.3520943;2413.369576;91.64694591;0;0;0;0;0;0;0;0;0;0;0;0;0;0;0;0;0;30.54898197;0;0;0;0;0;0;0;0;0;0;0;0;0;0;15.27449098;30.54898197;15.27449098;0;0;0;0;1802.389936;2779.957359;0;0;0;0;0;0;0;0;0;0;7759.44142;;;;;;
65.5;4245;3807.625113;601.2039652;1690.886152;112.7257435;37.57524782;0;0;12.52508261;0;0;0;25.05016521;12.52508261;12.52508261;0;0;12.52508261;0;0;0;0;0;0;12.52508261;0;0;0;0;0;0;12.52508261;0;0;0;0;37.57524782;0;37.57524782;25.05016521;0;0;0;12.52508261;1252.508261;2166.839291;0;0;0;0;0;0;0;0;0;0;6387.79213;;;;;;
66;4277;3996.767933;605.1444406;2195.407738;154.8043918;14.07312653;0;0;0;0;0;0;28.14625305;14.07312653;0;0;0;28.14625305;0;0;0;0;0;0;0;0;0;0;0;0;0;0;0;0;0;0;28.14625305;0;84.43875915;14.07312653;0;0;0;0;1562.117044;2575.382154;0;0;0;0;0;0;0;0;0;0;7064.709516;;;;;;
66.5;4306;3142.257566;461.4504119;1713.958673;109.8691457;0;0;10.98691457;10.98691457;0;0;0;54.93457284;0;0;0;0;10.98691457;0;0;0;0;0;0;0;0;0;0;0;0;0;0;0;0;0;0;21.97382914;0;32.9607437;10.98691457;0;0;0;0;944.8746528;1944.683879;0;0;0;0;0;0;0;0;0;0;5537.404942;;;;;;
67;4333;4119.360502;584.503855;2129.264043;41.75027536;0;0;0;27.83351691;0;0;0;13.91675845;0;0;0;0;13.91675845;0;0;0;0;13.91675845;0;0;0;0;13.91675845;0;0;0;0;0;0;0;0;13.91675845;0;13.91675845;0;0;0;0;0;1530.84343;2560.683555;0;0;0;0;0;0;0;0;0;0;6972.295985;;;;;;
67.5;4366;3455.580827;458.5074883;1509.719779;111.8310947;22.36621894;0;22.36621894;0;0;0;0;22.36621894;0;0;0;0;11.18310947;0;0;0;0;0;0;0;0;0;0;0;0;0;11.18310947;0;0;0;0;11.18310947;0;22.36621894;0;0;0;0;0;984.1136334;1867.579282;0;0;0;0;0;0;0;0;0;0;5636.287173;;;;;;
68;4396;3828.690024;668.9532756;2405.385183;128.0974358;0;0;0;0;0;0;0;42.69914525;0;14.23304842;14.23304842;0;0;0;0;0;0;0;0;0;0;0;0;0;0;0;0;0;0;0;0;42.69914525;0;14.23304842;0;0;0;0;0;1594.101423;2561.948715;0;0;0;0;0;0;0;0;0;0;7144.990306;;;;;;
68.5;4426;2938.577073;375.7524782;1339.220371;125.2508261;9.634678929;0;0;0;0;0;0;19.26935786;9.634678929;0;0;0;9.634678929;0;0;0;0;9.634678929;0;9.634678929;0;0;0;0;0;0;0;0;0;0;0;19.26935786;0;28.90403679;0;0;0;0;0;674.427525;1628.260739;0;0;0;0;0;0;0;0;0;0;4865.512859;;;;;;
69;4456;3821.428265;524.0085581;1917.104481;115.0262688;0;0;0;0;0;0;0;12.78069654;0;0;0;0;12.78069654;0;0;0;0;25.56139308;0;0;0;0;0;0;0;0;0;0;0;0;0;51.12278615;0;25.56139308;0;0;0;0;0;1303.631047;2249.402591;0;0;0;0;0;0;0;0;0;0;6479.813145;;;;;;
69.5;4505;2982.162526;377.7405866;1520.902888;99.40541752;19.8810835;0;0;0;0;0;0;9.940541752;0;0;0;0;9.940541752;0;0;0;0;0;0;0;0;0;0;0;0;0;0;0;0;0;0;19.8810835;0;69.58379226;9.940541752;0;0;0;0;735.6000896;1729.654265;0;0;0;0;0;0;0;0;0;0;5039.854668;;;;;;
70;4553;3737.323036;626.2541304;2047.110276;202.0174614;0;0;13.46783076;0;0;0;0;53.87132304;13.46783076;0;0;0;53.87132304;0;0;0;0;0;0;0;0;0;0;0;0;0;0;0;0;0;0;13.46783076;0;80.80698456;0;0;0;0;0;1441.057891;2249.127737;0;0;0;0;0;0;0;0;0;0;6760.851042;;;;;;
70.5;4591;3180.973361;298.2162526;1381.735304;79.52433402;0;0;0;0;0;0;0;9.940541752;0;0;0;0;9.940541752;0;0;9.940541752;0;0;0;19.8810835;0;0;0;0;0;0;0;0;0;0;0;0;0;19.8810835;9.940541752;0;0;0;0;974.1730917;1739.594807;0;0;0;0;0;0;0;0;0;0;4990.151959;;;;;;
71;4623;5598.332378;531.3671409;3074.338458;170.796581;0;0;0;18.97739789;0;0;18.97739789;37.95479578;0;18.97739789;0;0;0;0;0;0;0;0;0;18.97739789;0;0;0;0;0;0;0;0;0;0;0;18.97739789;0;113.8643873;18.97739789;0;0;0;0;2542.971317;3605.705599;0;0;0;0;0;0;0;0;0;0;9507.676343;;;;;;
71.5;4659;3988.966526;367.5839461;2205.503677;122.527982;54.4568809;0;0;13.61422023;0;0;0;54.4568809;0;0;0;0;40.84266068;0;0;0;0;0;0;27.22844045;0;0;0;0;0;0;0;0;0;0;0;40.84266068;0;40.84266068;13.61422023;0;0;0;0;1470.335784;2436.94542;27.22844045;0;0;0;0;0;0;0;0;0;6916.023875;;;;;;
72;4692;3207.643107;224.0258678;1486.717123;122.1959279;20.36598798;0;0;0;0;0;0;20.36598798;0;0;0;0;10.18299399;0;0;0;10.18299399;0;0;0;0;0;0;0;0;0;0;0;0;0;0;10.18299399;0;61.09796394;20.36598798;0;0;0;0;784.0905372;1608.91305;0;0;0;0;0;0;0;0;0;0;5111.862983;;;;;;
72.5;4727;4343.805245;239.8420074;2051.981619;93.27189176;13.32455597;0;0;0;0;0;0;13.32455597;13.32455597;0;0;0;0;0;0;0;13.32455597;13.32455597;0;0;0;0;0;0;0;0;0;0;0;0;0;0;0;66.62277983;13.32455597;0;0;0;0;1412.402932;2385.095518;0;0;0;0;0;0;0;0;0;0;6795.523542;;;;;;
73;4763;3373.873603;124.1224403;1850.552746;214.3933059;11.2838582;0;0;0;0;0;11.2838582;22.56771641;0;0;0;0;45.13543282;0;0;0;11.2838582;11.2838582;0;0;0;0;0;0;0;0;0;0;0;0;0;11.2838582;0;33.85157461;0;0;0;0;0;1004.26338;2008.52676;0;11.2838582;0;0;0;0;0;0;0;11.2838582;5687.064535;;;;;;
73.5;4796;5122.43763;192.6935786;2633.478907;112.4045875;16.05779821;0;0;16.05779821;0;0;16.05779821;64.23119286;0;0;0;0;32.11559643;0;0;16.05779821;0;16.05779821;0;16.05779821;0;0;0;0;0;0;0;0;0;0;0;32.11559643;0;96.34678929;32.11559643;0;0;0;16.05779821;1959.051382;3034.923863;0;0;0;0;0;0;0;0;0;0;8285.823879;;;;;;
74;4827.5;3870.250526;87.67557825;2229.464704;162.8260739;25.05016521;0;0;0;0;0;0;50.10033043;0;0;0;0;37.57524782;0;0;0;0;0;0;0;0;0;0;0;0;0;0;0;0;0;0;12.52508261;12.52508261;100.2006609;12.52508261;0;0;0;0;1252.508261;2241.989787;0;12.52508261;0;0;0;0;0;0;0;0;6475.467708;;;;;;
74.5;4861;4762.444201;116.5123963;2373.940076;116.5123963;0;0;0;0;0;0;0;29.12809909;0;0;0;0;29.12809909;0;0;0;0;0;0;0;0;0;0;0;0;0;0;0;0;0;0;14.56404954;0;58.25619817;0;0;0;0;0;1660.301648;2636.092967;0;0;0;0;0;0;0;0;0;0;7442.229317;;;;;;
75;4895;3435.779541;22.98180295;2148.798576;80.43631032;0;0;0;11.49090147;0;0;0;22.98180295;0;0;0;0;11.49090147;0;0;0;0;11.49090147;0;0;0;0;0;0;0;0;0;0;0;0;0;34.47270442;0;91.9272118;22.98180295;0;0;0;0;1045.672034;1953.453251;0;0;0;0;0;0;0;0;0;0;5779.923442;;;;;;
75.5;4930;4200.330733;25.30319719;2289.939345;75.90959156;25.30319719;0;12.65159859;0;0;0;0;0;0;0;0;0;12.65159859;0;0;0;0;0;0;12.65159859;0;0;0;0;0;0;0;0;0;0;0;37.95479578;0;50.60639437;25.30319719;0;0;0;12.65159859;1277.811458;2302.590944;0;0;0;0;0;0;0;0;0;0;6692.695656;;;;;;
76;4964;3560.370704;46.38919484;1913.554287;150.7648832;0;0;0;11.59729871;0;0;0;69.58379226;0;0;0;0;11.59729871;0;0;0;0;11.59729871;0;11.59729871;0;0;0;0;0;0;11.59729871;0;0;0;0;0;0;46.38919484;11.59729871;0;0;0;0;1066.951481;1739.594807;0;0;0;0;0;0;0;0;0;0;5798.649355;;;;;;
76.5;4998;5582.608248;17.89297515;3095.484702;178.9297515;17.89297515;0;0;0;0;0;17.89297515;35.78595031;0;0;0;0;35.78595031;0;0;0;0;0;0;0;0;0;0;0;0;0;0;0;0;17.89297515;0;35.78595031;0;53.67892546;0;0;0;17.89297515;0;2326.08677;3435.451229;0;0;0;0;0;0;0;0;0;0;9035.952452;;;;;;
77;5030;3654.106669;11.49090147;1884.507842;80.43631032;22.98180295;0;0;0;0;0;11.49090147;22.98180295;22.98180295;0;0;0;22.98180295;0;0;0;0;0;0;11.49090147;0;0;0;0;0;0;0;0;0;0;0;0;0;45.9636059;11.49090147;0;0;0;0;1045.672034;1953.453251;0;0;0;0;0;0;0;0;0;0;5745.450737;;;;;;
77.5;5064;6548.201082;21.97382914;4218.975194;175.7906331;0;0;0;0;0;0;0;21.97382914;0;0;0;0;21.97382914;0;0;0;0;0;0;0;0;0;0;0;0;0;21.97382914;0;0;0;0;21.97382914;0;109.8691457;43.94765827;0;0;0;0;3142.257566;4153.053707;0;0;0;0;0;0;0;0;0;0;11052.83606;;;;;;
78;5097.5;3197.192139;0;2109.487597;109.8691457;21.97382914;0;0;0;0;0;10.98691457;21.97382914;0;0;0;0;10.98691457;0;0;0;0;0;0;10.98691457;0;0;0;0;0;0;0;0;0;0;0;21.97382914;0;43.94765827;21.97382914;0;0;0;0;944.8746528;1845.801647;0;0;0;0;0;0;0;0;0;0;5515.431113;;;;;;
78.5;5128;4650.116876;14.39664668;2389.843348;86.37988005;28.79329335;0;14.39664668;0;0;0;0;43.18994003;0;0;0;0;28.79329335;0;0;14.39664668;14.39664668;0;0;0;0;0;0;0;0;0;0;0;0;0;0;0;0;57.5865867;14.39664668;0;0;0;0;1626.821074;2548.206462;0;0;0;0;0;0;0;0;0;0;7284.703218;;;;;;
79;5164.5;4249.581599;0;2952.3409;164.0189389;29.82162526;0;0;0;0;0;0;0;0;0;0;0;44.73243788;0;0;0;0;14.91081263;0;0;0;0;0;0;0;0;0;0;0;0;0;0;0;29.82162526;14.91081263;0;0;0;0;1729.654265;2654.124648;0;0;0;0;0;0;0;0;0;0;7455.406314;;;;;;
79.5;5196;4659.869443;0;2181.788583;80.80698456;0;0;0;0;0;0;0;0;0;0;0;0;13.46783076;0;0;0;0;0;0;0;0;0;0;0;0;0;0;0;0;0;0;0;0;40.40349228;13.46783076;0;0;0;0;1441.057891;2370.338214;0;0;0;0;0;0;0;0;0;0;6935.932842;;;;;;
80;5231;3877.445786;0;2465.042854;186.5437835;13.32455597;0;0;0;0;0;0;79.94733579;0;0;0;0;26.64911193;0;0;0;0;0;0;0;0;0;0;0;0;0;0;0;13.32455597;0;0;13.32455597;0;39.9736679;26.64911193;0;0;0;0;1412.402932;2385.095518;0;0;0;0;0;0;0;0;0;0;6675.602539;;;;;;
80.5;5264;22766.17956;147.353913;13335.52913;884.1234782;0;0;0;0;0;0;0;147.353913;0;0;0;0;0;0;0;0;0;0;0;0;0;0;0;0;0;0;0;0;0;0;0;147.353913;0;221.0308695;73.67695651;0;0;0;73.67695651;13482.88304;14514.36043;0;0;0;0;0;0;0;0;0;0;37427.89391;;;;;;
81;5296.5;4043.423407;40.84266068;2436.94542;204.2133034;0;0;0;0;0;0;0;27.22844045;0;0;0;0;40.84266068;0;0;0;0;0;0;0;0;0;0;0;0;0;13.61422023;0;0;0;0;27.22844045;0;13.61422023;0;0;0;0;0;1470.335784;2328.031659;0;0;0;0;0;0;0;0;0;0;6834.338553;;;;;;
81.5;5329;4878.956597;0;2242.86363;145.6404954;29.12809909;0;0;0;0;0;0;43.69214863;0;0;0;0;0;0;0;0;0;0;0;0;0;0;0;0;0;0;0;0;0;0;0;14.56404954;14.56404954;14.56404954;14.56404954;14.56404954;0;14.56404954;14.56404954;1660.301648;2694.349166;0;0;0;0;0;0;0;0;0;0;7354.845019;;;;;;
82;5361.5;3318.611631;32.11559643;1777.063002;128.4623857;0;0;0;10.70519881;0;0;0;10.70519881;0;0;0;0;10.70519881;0;0;0;10.70519881;10.70519881;0;21.41039762;0;0;0;0;0;0;0;0;0;0;0;21.41039762;21.41039762;21.41039762;0;0;0;0;0;888.5315012;1809.178599;0;0;0;0;0;0;0;0;0;0;5352.599405;;;;;;
82.5;5394;7468.66037;0;3873.497769;255.1405716;0;0;0;0;0;0;23.19459742;23.19459742;0;0;0;0;0;0;0;0;0;0;0;23.19459742;0;0;0;0;0;0;0;0;0;0;0;0;23.19459742;92.77838968;46.38919484;0;0;0;0;3386.411223;4476.557302;0;0;0;0;0;0;0;0;0;0;11666.8825;;;;;;
83;5427;3662.995857;0;1914.210738;248.138429;11.81611567;0;0;0;0;0;0;23.63223133;11.81611567;0;0;0;35.448347;0;0;0;0;0;0;0;0;0;0;0;0;0;0;0;0;0;0;0;0;59.08057834;11.81611567;0;0;0;0;1110.714873;2020.555779;0;0;0;0;0;0;0;0;0;0;5908.057834;;;;;;
83.5;5462.5;6993.171122;0;3256.521478;208.7513768;20.87513768;0;0;20.87513768;0;0;0;62.62541304;0;0;0;0;0;0;0;0;20.87513768;0;0;0;20.87513768;0;0;0;0;0;0;0;0;0;0;20.87513768;0;104.3756884;62.62541304;0;0;0;0;2922.519275;4049.77671;0;0;0;0;0;0;0;0;0;0;10625.44508;;;;;;
84;5497;3564.831204;0;1980.46178;224.809175;21.41039762;0;0;21.41039762;0;0;0;32.11559643;0;0;0;0;10.70519881;0;0;0;10.70519881;0;0;21.41039762;0;0;0;0;0;0;0;0;0;0;0;32.11559643;0;32.11559643;10.70519881;0;0;0;0;888.5315012;1894.820189;0;0;0;0;0;0;0;0;0;0;5919.974942;;;;;;
84.5;5532;6680.044057;0;3081.567943;218.6919185;39.76216701;0;0;0;0;0;0;0;0;0;0;0;39.76216701;0;0;0;0;0;0;0;0;0;0;0;0;0;0;0;0;0;0;0;0;19.8810835;0;0;0;0;0;2723.70844;3837.049116;0;0;0;0;0;0;0;0;0;0;10059.82825;;;;;;
85;5564;3906.906501;0;1631.708009;160.8726206;0;0;0;0;0;0;0;22.98180295;0;0;0;0;34.47270442;0;0;0;0;0;0;0;0;0;0;0;0;0;0;0;0;0;0;11.49090147;0;22.98180295;0;0;0;0;0;1045.672034;1964.944152;0;0;0;0;0;0;0;0;0;0;5768.43254;;;;;;
85.5;5598;6963.096772;0;3651.380014;169.8316286;21.22895357;0;0;0;0;0;0;21.22895357;0;0;0;0;0;0;0;42.45790714;0;21.22895357;0;0;0;0;0;0;0;0;0;0;0;0;0;21.22895357;0;106.1447679;42.45790714;0;0;0;0;2993.282454;4033.501179;0;0;0;0;0;0;0;0;0;0;10911.68214;;;;;;
86;5633;3639.767595;0;1605.779821;171.283181;21.41039762;0;0;0;0;0;10.70519881;21.41039762;0;0;0;0;21.41039762;0;0;0;0;0;0;0;0;0;0;0;0;0;0;0;0;0;0;32.11559643;10.70519881;53.52599405;10.70519881;0;0;0;0;888.5315012;1723.537008;10.70519881;0;0;0;0;0;0;0;0;10.70519881;5523.882586;;;;;;
86.5;5665;4357.129801;0;2225.200846;106.5964477;0;0;0;0;0;0;0;26.64911193;0;0;0;0;13.32455597;0;0;0;0;0;0;0;0;0;0;0;0;0;0;0;0;0;0;13.32455597;0;26.64911193;0;0;0;0;0;1412.402932;2438.393742;0;0;0;0;0;0;0;0;0;0;6742.225318;;;;;;
87;5697;4796.537317;14.23304842;2106.491166;156.5635326;14.23304842;0;0;0;0;0;0;0;0;0;0;0;28.46609683;0;0;0;0;0;0;0;0;0;0;0;0;0;0;0;0;0;0;0;14.23304842;85.3982905;14.23304842;0;0;0;0;1594.101423;2476.550425;0;0;0;0;0;0;0;0;0;0;7116.524209;;;;;;
87.5;5732;4835.264448;0;2330.247927;131.0764459;14.56404954;0;0;0;0;0;0;0;0;0;0;0;0;0;0;0;0;0;0;0;0;0;0;0;0;0;0;0;0;0;0;0;14.56404954;58.25619817;14.56404954;0;0;0;0;1660.301648;2606.964868;0;14.56404954;0;0;0;0;0;0;0;0;7311.152871;;;;;;
88;5767;3136.446306;0;1707.96581;227.7287747;10.35130794;0;0;0;0;0;20.70261588;20.70261588;0;0;0;0;10.35130794;0;0;10.35130794;0;0;0;20.70261588;0;0;0;0;0;0;0;0;0;10.35130794;0;31.05392382;0;41.40523176;0;0;0;0;0;817.7533273;1604.452731;0;0;0;0;0;0;0;0;0;0;5206.707894;;;;;;
88.5;5803;3865.91492;0;2059.412621;84.30344063;0;0;12.04334866;0;0;0;0;0;0;0;0;0;12.04334866;0;0;12.04334866;0;0;0;0;0;0;0;0;0;0;0;0;0;0;0;12.04334866;24.08669732;12.04334866;36.13004598;0;0;0;0;1156.161471;2240.062851;0;0;0;0;0;0;0;0;0;0;6057.804376;;;;;;
89;5838;3351.305887;11.2838582;2110.081484;146.6901567;0;0;0;0;0;0;0;22.56771641;0;0;0;0;0;0;0;0;0;0;0;0;0;0;0;0;0;0;0;0;0;0;0;11.2838582;0;56.41929102;0;0;0;0;0;1004.26338;1918.255895;0;0;0;0;0;0;0;0;0;0;5653.212961;;;;;;
90;5912;4035.859951;0;2713.767898;153.084343;0;0;0;13.91675845;0;0;0;27.83351691;0;0;0;0;13.91675845;0;0;0;0;0;0;0;0;0;0;0;0;0;0;0;0;0;0;27.83351691;0;13.91675845;13.91675845;0;0;0;0;1530.84343;2463.266246;0;0;0;0;0;0;0;0;0;0;6986.212743;;;;;;
91;5986.5;2652.447114;0;1912.011347;93.72604643;9.372604643;0;9.372604643;0;0;0;0;9.372604643;0;0;0;0;9.372604643;0;0;0;0;0;0;0;0;0;0;0;0;0;0;0;0;0;0;9.372604643;0;28.11781393;18.74520929;0;0;0;0;956.0056736;1621.460603;0;0;0;0;0;0;0;0;0;0;4705.047531;;;;;;
91.5;6026;3214.803392;0;1920.531897;125.2520802;0;0;10.43767335;0;0;0;0;10.43767335;0;0;0;0;0;0;0;0;0;10.43767335;0;0;0;0;0;0;0;0;0;0;0;0;0;0;0;10.43767335;20.8753467;0;0;0;0;1169.019415;1878.781203;0;0;0;0;0;0;0;0;0;0;5291.90039;;;;;;
92;6065.5;2636.138782;0;1837.03051;174.5178984;9.18515255;0;0;0;0;0;0;9.18515255;0;0;0;0;9.18515255;0;0;0;0;0;0;0;0;0;0;0;0;0;0;0;0;0;0;9.18515255;27.55545765;9.18515255;27.55545765;0;0;0;0;918.515255;1506.365018;0;0;0;0;0;0;0;0;0;0;4684.4278;;;;;;
92.5;6105.5;3214.803392;0;1920.531897;114.8144069;10.43767335;0;0;0;0;0;0;10.43767335;10.43767335;0;0;0;10.43767335;0;0;0;0;0;0;0;0;0;0;0;0;0;0;0;0;0;0;0;10.43767335;20.8753467;20.8753467;0;0;0;0;1169.019415;1899.65655;0;0;0;0;0;0;0;0;0;0;5291.90039;;;;;;
93;6142.5;1900.37639;0;1108.552894;114.0225834;6.334587965;0;0;6.334587965;0;0;0;12.66917593;0;0;0;0;6.334587965;0;0;0;0;0;0;0;0;6.334587965;0;0;0;0;0;0;0;6.334587965;0;0;6.334587965;0;0;0;0;0;0;348.4023381;937.5190189;0;0;0;0;0;0;0;0;0;0;3167.293983;;;;;;
93.5;6179;3698.232474;0;2272.116683;157.1144515;0;0;0;0;0;0;0;12.08572704;0;0;0;0;12.08572704;0;0;12.08572704;0;0;0;0;0;0;0;0;0;0;0;0;0;0;0;0;12.08572704;12.08572704;0;0;0;0;0;1498.630153;2235.859502;0;0;0;0;0;0;0;0;0;0;6163.72079;;;;;;
94;6215;2342.992303;7.784027585;1299.932607;194.6006896;15.56805517;0;0;0;0;0;0;7.784027585;7.784027585;0;0;0;7.784027585;0;0;0;0;7.784027585;0;0;0;0;0;0;0;0;0;0;0;0;0;15.56805517;7.784027585;23.35208275;7.784027585;0;0;0;0;638.2902619;1292.148579;0;0;0;0;0;0;0;0;0;0;3907.581847;;;;;;
94.5;6252.5;2196.449523;0;1071.601131;73.21498409;0;0;0;0;0;0;0;13.31181529;6.655907645;0;0;0;6.655907645;0;0;0;0;0;0;0;0;0;0;0;0;0;0;0;0;0;0;13.31181529;0;13.31181529;19.96772293;0;0;0;0;412.666274;1058.289316;0;0;0;0;0;0;0;0;0;0;3381.201084;;;;;;
95;6288.5;2560.945075;0;1198.740248;93.40833102;15.56805517;0;0;0;0;0;0;15.56805517;0;0;0;0;0;0;0;0;0;0;0;0;0;0;0;0;0;0;0;0;0;0;0;7.784027585;0;23.35208275;7.784027585;0;0;0;0;638.2902619;1261.012469;0;0;0;0;0;0;0;0;0;0;3892.013792;;;;;;
95.5;6326.5;5912.941954;0;3482.703675;191.3573448;38.27146896;0;0;0;0;0;0;0;0;0;0;0;19.13573448;0;0;0;0;19.13573448;0;0;0;0;19.13573448;0;0;0;0;0;0;0;0;0;0;38.27146896;19.13573448;0;0;0;0;2908.631641;3769.739692;0;0;0;0;0;0;0;0;0;0;9682.681646;;;;;;
96;6363;2616.376787;9.277931869;1744.251191;194.8365692;9.277931869;0;0;0;0;0;0;27.83379561;0;0;0;0;27.83379561;0;0;0;0;0;0;9.277931869;0;0;0;0;0;0;0;0;0;0;0;18.55586374;0;18.55586374;37.11172747;0;0;0;0;937.0711187;1716.417396;0;0;0;0;0;0;0;0;0;0;4657.521798;;;;;;
96.5;6398;2359.634017;0;1425.282292;174.201169;15.83646991;0;0;0;0;0;0;0;0;0;0;0;0;0;0;0;0;0;0;0;0;0;0;0;0;0;0;0;7.918234957;0;0;7.918234957;0;39.59117478;23.75470487;0;0;0;0;665.1317364;1385.691117;0;0;0;0;0;0;0;0;0;0;3990.790418;;;;;;
97;6433;2566.439683;9.005051519;1719.96484;153.0858758;18.01010304;0;0;0;0;0;0;9.005051519;0;0;0;0;9.005051519;0;0;0;9.005051519;9.005051519;0;0;0;0;0;0;0;0;0;0;0;0;0;18.01010304;9.005051519;27.01515456;18.01010304;0;0;0;0;882.4950489;1710.959789;0;0;0;0;0;0;0;0;0;0;4520.535863;;;;;;
97.5;6468;2534.421722;0;1632.916009;161.5906467;17.00954176;0;0;0;0;0;0;8.504770879;0;0;0;0;0;0;0;0;0;0;0;0;0;0;0;0;0;0;0;0;0;0;0;8.504770879;0;25.51431264;8.504770879;0;0;0;0;782.4389209;1530.858758;0;0;0;0;0;0;0;0;0;0;4362.947461;;;;;;
98;6503.5;3774.720226;0;2252.249735;239.0656143;0;0;0;0;0;0;0;25.16480151;0;0;0;0;12.58240075;0;0;0;12.58240075;0;0;0;0;0;0;0;0;0;0;0;0;0;0;0;0;50.32960301;12.58240075;0;0;0;0;1597.964896;2390.656143;0;0;0;0;0;0;0;0;0;0;6316.365178;;;;;;
98.5;6541;2999.233486;0;1527.734557;159.3342789;0;0;0;0;0;0;0;9.372604643;0;0;0;0;9.372604643;0;0;0;0;0;0;0;0;0;0;0;0;0;0;0;0;0;0;9.372604643;9.372604643;56.23562786;18.74520929;0;0;0;0;956.0056736;1696.44144;0;0;0;0;0;0;0;0;0;0;4714.420135;;;;;;
99;6578;3315.101035;10.55764661;1657.550518;200.5952856;21.11529322;0;0;0;0;0;0;21.11529322;0;0;0;0;42.23058644;0;0;0;0;0;0;10.55764661;0;0;0;0;0;0;0;0;0;0;0;21.11529322;0;31.67293983;10.55764661;0;0;0;0;1193.014067;1974.279916;0;0;0;0;0;0;0;0;0;0;5299.938598;;;;;;
99.5;6615;3603.406;11.7758366;2143.202262;164.8617124;11.7758366;0;0;0;0;0;0;11.7758366;0;0;0;0;0;0;0;0;0;0;0;0;0;0;0;0;0;0;0;0;0;0;0;11.7758366;0;35.32750981;11.7758366;0;0;0;0;1436.652065;2131.426425;0;0;0;0;0;0;0;0;0;0;5958.573321;;;;;;
100;6649;4273.092708;0;2116.578631;212.9890446;0;0;0;0;0;0;0;13.31181529;0;0;0;0;26.62363058;0;0;0;0;0;0;0;0;0;13.31181529;0;0;0;0;0;0;0;0;13.31181529;39.93544587;39.93544587;53.24726116;0;0;0;0;1743.847803;2342.879491;0;13.31181529;0;0;0;0;0;0;0;0;6669.21946;;;;;;
100.5;6684;3389.004561;0;1879.261096;126.6917593;0;0;0;0;0;0;0;0;0;0;0;0;10.55764661;0;0;0;0;0;0;0;0;0;0;0;0;0;0;0;0;0;0;10.55764661;0;21.11529322;21.11529322;0;0;0;10.55764661;1193.014067;1953.164623;0;0;0;0;0;0;0;0;0;0;5416.07271;;;;;;
101;6723.5;2718.805155;0;1662.512612;156.1475933;18.3703051;0;0;0;0;0;0;27.55545765;0;0;0;0;9.18515255;0;0;0;0;0;0;0;0;0;0;0;0;0;0;0;0;0;0;18.3703051;0;18.3703051;18.3703051;0;0;0;0;918.515255;1634.957154;0;0;0;0;0;0;0;9.18515255;0;0;4610.94658;;;;;;
101.5;6759.5;3342.968312;0;1890.43256;138.8453292;10.68040994;0;0;0;0;0;0;10.68040994;0;0;0;0;0;0;0;0;0;0;0;0;0;0;0;0;0;0;0;0;0;0;0;10.68040994;0;32.04122983;0;0;0;0;0;1217.566733;1933.154199;0;0;0;0;0;0;0;0;0;0;5404.28743;;;;;;
102;6795;2772.876241;0;1421.099074;199.3004799;8.665238255;0;17.33047651;0;0;0;0;0;0;0;0;0;17.33047651;0;0;8.665238255;0;8.665238255;0;0;0;8.665238255;0;0;0;0;0;0;0;0;0;25.99571476;0;17.33047651;0;0;0;0;0;814.5323959;1516.416695;0;0;0;0;0;0;0;0;0;0;4488.593416;;;;;;
102.5;6829;2253.232735;0;1270.134376;86.11080515;0;0;7.17590043;0;0;0;0;0;0;0;0;0;7.17590043;0;0;0;0;0;0;7.17590043;7.17590043;0;0;0;0;0;0;0;0;0;0;7.17590043;0;14.35180086;7.17590043;0;0;0;0;516.6648309;1277.310276;0;0;0;0;0;0;0;0;0;0;3645.357418;;;;;;
103;6867;2265.670962;0;1416.044351;122.4687007;7.654293792;0;0;0;0;0;0;0;0;0;0;0;15.30858758;0;0;0;0;0;0;0;0;0;0;0;0;0;0;0;0;0;0;0;0;7.654293792;7.654293792;0;0;0;0;612.3435033;1285.921357;0;0;0;0;0;0;0;0;0;0;3827.146896;;;;;;
103.5;6902.5;2329.354687;0;1396.143188;73.4812204;0;0;0;0;0;0;0;0;0;0;0;0;7.34812204;0;0;0;0;0;0;0;0;0;0;0;0;0;0;0;0;0;0;0;0;22.04436612;7.34812204;0;0;0;0;551.109153;1315.313845;0;0;0;0;0;0;0;0;0;0;3806.327217;;;;;;
104;6939;2326.905313;0;1301.229945;145.431582;22.96288137;0;7.654293792;0;0;0;0;0;0;0;0;0;15.30858758;0;0;0;7.654293792;0;0;0;0;0;0;0;0;0;0;0;0;0;0;0;0;22.96288137;0;0;0;0;0;612.3435033;1377.772882;0;0;0;0;0;0;0;0;0;0;3827.146896;;;;;;
104.5;6976.5;2430.898132;0;1385.691117;134.6099943;7.918234957;0;0;0;0;0;0;0;0;0;0;0;7.918234957;0;0;0;0;0;0;0;0;7.918234957;7.918234957;0;0;0;0;0;7.918234957;0;0;0;0;23.75470487;15.83646991;0;0;0;0;665.1317364;1417.364057;0;0;0;0;0;0;0;0;0;0;3990.790418;;;;;;
105;7013.5;1693.352146;0;759.4427807;87.23329237;10.26274028;0;0;0;0;0;0;5.13137014;0;0;0;0;10.26274028;0;0;0;0;0;0;0;0;0;0;0;0;0;0;0;0;0;0;5.13137014;0;5.13137014;10.26274028;0;0;0;0;107.7587729;241.1743966;0;0;0;0;0;0;0;0;0;0;2570.81644;;;;;;
105.5;7049;3042.581782;0;1703.080369;124.3822741;0;0;0;0;0;0;0;0;0;0;0;0;0;0;0;0;0;9.567867239;0;0;9.567867239;0;0;0;0;0;0;0;0;0;0;0;0;28.70360172;0;0;0;0;0;995.0581929;1750.919705;0;0;0;0;0;0;0;0;0;0;4889.180159;;;;;;
106;7085;2763.97251;0;1356.706019;92.69420004;0;0;0;0;0;0;0;0;0;0;0;0;0;0;0;0;0;0;0;0;0;0;0;0;0;0;0;0;0;0;0;16.85349092;0;25.28023638;0;0;0;0;0;766.8338367;1348.279273;0;0;0;0;0;0;0;0;0;0;4230.22622;;;;;;
106.5;7121;2208.643552;0;1262.08203;56.09253466;0;0;0;0;0;0;0;7.011566832;0;0;0;0;0;0;0;0;0;0;0;0;0;0;0;0;0;0;0;0;0;0;0;7.011566832;7.011566832;14.02313366;0;0;0;0;0;483.7981114;1121.850693;0;0;0;0;0;0;0;0;0;0;3540.84125;;;;;;
107;7155;2543.580706;0;1580.906064;229.6288137;17.6637549;0;0;0;0;0;0;26.49563236;0;0;0;0;17.6637549;0;0;0;0;0;0;0;0;0;0;0;0;0;0;0;0;0;0;0;0;0;26.49563236;0;0;0;0;847.8602354;1536.746677;0;0;0;0;0;0;0;0;0;0;4415.938726;;;;;;
107.5;7192;2647.485147;0;1674.939583;162.0909274;18.01010304;0;9.005051519;0;0;0;0;9.005051519;0;0;0;0;0;0;0;0;0;0;0;0;0;0;0;0;0;0;0;0;0;0;0;0;0;36.02020608;9.005051519;0;0;0;0;882.4950489;1710.959789;0;0;0;0;0;0;0;0;0;0;4520.535863;;;;;;
108;7228;3989.372227;0;2577.326387;246.7652924;13.70918291;0;0;0;0;0;0;13.70918291;0;0;0;0;13.70918291;0;0;0;0;0;0;0;0;0;0;0;0;0;0;0;0;0;0;27.41836582;0;13.70918291;27.41836582;0;0;0;0;1823.321327;2453.943741;0;0;0;0;0;0;0;0;0;0;6882.009821;;;;;;
108.5;7263;2720.218255;0;1633.897329;52.99126471;0;0;0;0;0;0;0;17.6637549;0;0;0;0;0;0;0;8.831877452;0;0;0;0;0;0;0;0;0;0;0;0;0;0;0;0;0;8.831877452;8.831877452;0;0;0;0;847.8602354;1598.569819;0;0;0;0;0;0;0;0;0;0;4433.602481;;;;;;
109;7301;3463.798492;0;1914.495652;110.6644886;22.13289771;0;0;0;0;0;0;11.06644886;0;0;0;0;0;0;0;11.06644886;0;0;0;0;0;0;0;0;0;0;0;0;0;0;0;0;11.06644886;0;22.13289771;0;0;0;0;1294.774516;2003.027243;0;0;0;0;0;0;0;0;0;0;5533.224428;;;;;;
109.5;7340;2686.223859;0;1559.742886;103.9828591;17.33047651;0;0;0;0;0;0;0;0;8.665238255;0;0;0;0;0;0;0;0;0;0;0;0;0;0;0;0;0;0;0;0;0;0;0;17.33047651;8.665238255;0;0;0;0;814.5323959;1611.734315;0;0;0;0;0;0;0;0;0;0;4375.945319;;;;;;
110;7401;2808.53703;0;1360.109128;194.3013039;17.6637549;0;0;0;0;0;0;17.6637549;0;0;0;0;8.831877452;0;0;0;0;0;0;8.831877452;0;0;0;0;0;0;0;0;0;0;0;0;8.831877452;0;26.49563236;0;0;0;0;847.8602354;1430.764147;0;0;0;0;0;0;0;0;0;0;4415.938726;;;;;;
110.5;7462.5;2838.212138;0;1717.623527;64.29606785;9.18515255;0;9.18515255;0;0;0;0;0;0;0;0;0;18.3703051;0;0;0;0;9.18515255;0;0;0;0;0;0;0;0;0;0;0;0;0;0;0;45.92576275;9.18515255;0;0;0;0;918.515255;1690.068069;0;0;0;0;0;0;0;0;0;0;4666.057495;;;;;;
111;7517;3079.113639;0;1962.28259;156.5651003;0;0;0;0;0;0;0;10.43767335;0;10.43767335;0;0;0;0;0;0;0;0;0;10.43767335;0;0;0;0;0;0;0;0;0;0;0;10.43767335;20.8753467;0;41.75069341;0;0;0;0;1169.019415;1951.844917;0;0;0;0;0;0;0;0;0;0;5239.712023;;;;;;
111.5;7572;3016.597469;0;1701.670367;135.3601428;29.00574489;0;0;0;0;0;0;0;0;9.668581631;0;0;0;0;0;0;0;0;0;0;0;0;0;0;0;0;0;0;0;0;0;9.668581631;0;38.67432653;0;0;0;0;0;1015.201071;1798.356183;0;0;0;0;0;0;0;0;0;0;4901.970887;;;;;;
112;7627;3164.884085;0;1737.191895;79.87089174;9.983861467;0;0;0;0;0;0;19.96772293;0;0;0;0;19.96772293;0;0;0;0;0;0;0;0;0;0;0;0;0;0;0;0;0;0;19.96772293;9.983861467;19.96772293;9.983861467;0;0;0;0;1078.257038;1547.498527;0;0;0;0;0;0;0;0;0;0;5051.833902;;;;;;
112.5;7678;2791.21626;0;1587.337043;98.09386218;0;0;0;0;0;0;0;0;0;0;0;0;0;0;0;8.917623835;0;0;0;0;0;0;0;0;0;0;0;0;0;0;0;0;0;17.83524767;8.917623835;0;0;0;0;865.009512;1614.089914;0;0;0;0;0;0;0;0;0;0;4485.564789;;;;;;
113;7728;4113.913396;0;2251.009216;103.4946766;0;0;0;0;0;0;0;12.93683458;0;0;0;0;12.93683458;0;0;0;0;0;0;0;0;0;0;0;0;0;0;0;0;0;0;12.93683458;0;25.87366915;25.87366915;0;0;0;0;1668.85166;2380.377562;0;0;0;0;0;0;0;0;0;0;6507.227792;;;;;;
113.5;7782;2603.864347;0;1499.960692;101.1209455;8.426745459;0;0;0;0;0;0;16.85349092;0;0;0;0;0;0;0;0;0;0;0;0;0;0;0;0;0;0;0;0;0;0;0;8.426745459;0;33.70698183;50.56047275;0;0;0;8.426745459;766.8338367;1516.814183;0;0;0;0;0;0;0;0;0;0;4238.652966;;;;;;
114;7836;2747.040994;0;1411.791966;59.53339616;8.504770879;0;0;0;0;0;0;25.51431264;0;0;0;0;0;0;0;0;0;8.504770879;0;0;0;0;0;0;0;0;0;0;0;0;0;0;0;8.504770879;34.01908352;0;0;0;0;782.4389209;1428.801508;0;0;0;0;0;0;0;0;0;0;4260.890211;;;;;;
114.5;7889;2721.526681;0;1403.287195;93.55247967;8.504770879;0;0;0;0;0;0;8.504770879;0;0;0;0;8.504770879;0;0;0;0;8.504770879;0;0;0;0;0;0;0;0;0;0;0;0;0;8.504770879;0;8.504770879;17.00954176;0;0;8.504770879;0;782.4389209;1556.373071;0;0;0;0;0;0;0;0;0;0;4260.890211;;;;;;
115;7940.5;2578.288435;0;1248.858461;153.0858758;24.17145408;0;0;0;0;0;0;24.17145408;0;0;0;0;0;0;0;8.05715136;0;0;0;0;0;0;0;0;0;0;0;0;0;0;0;16.11430272;16.11430272;24.17145408;48.34290816;0;0;0;8.05715136;692.9150169;1426.115791;0;0;0;0;0;0;0;0;0;0;4052.747134;;;;;;
115.5;7990;3119.12472;0;1540.426626;105.2465396;19.13573448;0;19.13573448;0;0;0;0;9.567867239;0;0;0;0;19.13573448;0;0;0;9.567867239;0;0;0;0;0;0;0;0;0;0;0;0;0;0;0;9.567867239;19.13573448;9.567867239;0;0;0;0;995.0581929;1789.191174;0;0;0;0;0;0;0;0;0;0;4841.340823;;;;;;
116;8042.5;3130.853073;0;1629.623839;148.1476218;0;0;0;0;0;0;0;9.876508118;0;0;0;0;19.75301624;0;0;0;0;0;0;0;0;0;0;0;0;0;0;0;0;0;0;0;0;29.62952435;59.25904871;0;0;0;0;1056.786369;1570.364791;0;0;0;0;0;0;0;0;0;0;4938.254059;;;;;;
116.5;8095;4254.886843;0;2296.288137;175.5985046;13.50757728;0;0;13.50757728;0;0;0;54.03030912;0;0;0;0;27.01515456;0;0;0;0;13.50757728;0;0;0;0;0;0;0;0;0;0;0;0;0;13.50757728;0;40.52273184;27.01515456;0;0;0;0;1783.000201;2431.36391;0;0;0;0;0;0;0;0;0;0;6861.849258;;;;;;
117;8150.5;2825.52788;0;1434.633351;78.729879;17.49552867;0;0;0;0;0;0;0;0;0;0;0;26.243293;0;0;0;0;0;0;0;0;0;0;0;0;0;0;0;0;0;0;8.747764333;0;8.747764333;8.747764333;0;0;0;0;831.0376117;1452.128879;0;0;0;0;0;0;0;8.747764333;0;0;4391.377695;;;;;;
117.8;8205;3055.061609;0;1886.949817;99.83861467;9.983861467;0;0;0;0;0;0;0;0;0;0;0;19.96772293;0;0;0;0;0;0;0;0;0;0;0;0;0;0;0;0;0;0;0;0;49.91930734;19.96772293;0;0;0;0;1078.257038;1807.078926;0;0;0;0;0;0;0;0;0;0;5071.801625;;;;;;
118;8256.5;4140.173239;0;2563.617204;109.6734633;27.41836582;0;0;0;0;0;0;0;0;0;0;0;27.41836582;0;0;0;0;0;0;0;0;0;0;0;0;0;0;0;0;0;0;13.70918291;13.70918291;27.41836582;41.12754873;0;0;0;0;1823.321327;2481.362107;0;0;0;0;0;0;0;0;0;13.70918291;6882.009821;;;;;;
118.5;8310;2842.198147;0;1507.751456;51.99142953;8.665238255;0;0;0;0;0;0;0;0;0;0;0;8.665238255;0;0;0;0;0;0;0;0;0;0;0;0;0;0;0;0;0;0;8.665238255;0;17.33047651;17.33047651;0;0;0;0;814.5323959;1533.747171;0;0;0;0;0;0;0;0;0;0;4427.936748;;;;;;
119;8362.5;2897.584206;0;1619.238233;104.1615238;47.34614716;0;0;0;0;0;0;9.469229433;0;0;0;0;37.87691773;0;0;0;0;18.93845887;0;0;0;0;0;0;0;0;0;0;0;0;0;9.469229433;0;0;18.93845887;0;0;0;0;975.3306316;1524.545939;0;0;0;0;0;0;0;0;0;0;4744.083946;;;;;;
119.5;8420;2720.884812;0;1577.073362;51.99142953;43.32619127;0;0;0;0;0;0;0;0;0;0;0;8.665238255;0;0;0;0;0;0;8.665238255;0;0;0;0;0;0;0;0;0;8.665238255;0;8.665238255;0;8.665238255;51.99142953;0;0;0;0;814.5323959;1516.416695;0;0;0;0;0;0;0;0;0;8.665238255;4427.936748;;;;;;
120;8473;2599.726213;0;1402.37597;73.80926156;32.80411625;0;0;8.201029062;0;0;0;8.201029062;0;0;0;0;41.00514531;0;0;0;0;8.201029062;0;0;0;0;0;0;0;0;0;0;0;0;0;0;8.201029062;16.40205812;41.00514531;0;0;0;0;721.6905575;1467.984202;0;0;0;0;0;0;0;0;0;0;4174.323793;;;;;;
120.5;8522;3686.146747;0;2235.859502;108.7715434;12.08572704;0;0;0;0;0;0;12.08572704;0;0;0;0;36.25718112;0;0;0;0;12.08572704;0;0;12.08572704;0;0;0;0;0;0;0;0;12.08572704;0;0;0;12.08572704;36.25718112;0;12.08572704;0;0;1498.630153;2272.116683;0;0;0;0;0;0;0;0;0;0;6127.463609;;;;;;
121;8572;2337.293283;0;1599.200667;57.40720344;32.80411625;0;0;0;0;0;0;0;0;0;0;0;49.20617437;0;0;8.201029062;0;8.201029062;0;0;0;0;0;0;0;0;0;0;8.201029062;0;0;8.201029062;16.40205812;32.80411625;49.20617437;0;0;0;0;721.6905575;1418.778028;0;0;0;0;0;0;0;0;0;0;4108.71556;;;;;;
121.5;8624;2842.563;0;1895.042;96.68581631;19.33716326;0;0;0;0;0;0;0;0;0;0;0;29.00574489;0;0;0;0;0;0;0;0;0;0;0;0;0;0;0;0;9.668581631;0;0;0;48.34290816;77.34865305;0;0;0;0;1015.201071;1779.01902;0;0;0;0;0;0;0;0;0;0;4892.302305;;;;;;
122;8674;3349.879165;0;2182.824488;118.8666801;10.80606182;0;10.80606182;0;0;0;0;0;0;0;0;0;32.41818547;0;0;10.80606182;0;0;0;0;10.80606182;0;10.80606182;0;0;0;10.80606182;0;0;0;0;32.41818547;10.80606182;21.61212365;86.44849459;0;0;0;0;1242.69711;1880.254757;0;0;0;0;0;0;0;0;0;0;5781.243075;;;;;;
122.5;8730.5;2334.917284;0;1991.547095;77.25829248;8.584254719;0;0;0;0;0;8.584254719;0;0;0;0;0;42.9212736;0;0;0;0;0;0;0;8.584254719;0;0;0;0;0;8.584254719;0;0;0;0;0;8.584254719;25.75276416;42.9212736;0;0;0;0;798.3356889;1553.750104;0;0;0;0;0;0;0;0;0;0;4480.980964;;;;;;
123;8786;1738.868574;0;1668.752906;49.08096782;14.02313366;0;7.011566832;0;0;0;7.011566832;0;0;0;0;0;21.0347005;0;0;0;0;0;0;0;0;0;0;0;0;0;0;0;0;0;0;14.02313366;0;14.02313366;84.13880198;0;0;0;0;483.7981114;1213.001062;0;0;0;0;0;0;0;0;0;0;3519.80655;;;;;;
123.5;8837;2259.710096;0;1926.443499;65.02762867;8.128453584;0;0;0;0;0;0;0;0;0;0;0;8.128453584;0;0;0;0;0;0;0;0;0;0;0;0;0;8.128453584;0;0;16.25690717;0;0;24.38536075;24.38536075;48.7707215;0;0;0;0;707.1754618;1479.378552;0;0;0;0;0;0;0;16.25690717;0;0;4291.823492;;;;;;
124;8885;1818.660205;0;2626.953629;82.66637295;0;0;9.18515255;0;0;0;36.7406102;9.18515255;0;0;0;0;9.18515255;0;0;0;0;0;0;0;9.18515255;0;0;0;0;0;0;0;0;0;0;0;9.18515255;36.7406102;73.4812204;0;0;0;0;918.515255;1634.957154;0;0;0;0;0;0;0;0;0;0;4601.761427;;;;;;
124.5;8939;2626.379557;0;4621.279877;86.11080515;0;0;0;0;0;0;0;43.05540258;0;0;0;0;28.70360172;0;0;0;0;0;0;0;0;0;0;0;0;0;0;0;0;28.70360172;0;14.35180086;43.05540258;28.70360172;186.5734112;0;0;0;0;1951.844917;2597.675956;0;0;0;0;0;0;0;0;0;0;7448.584646;;;;;;
125;8989.5;1038.976272;0;2604.969494;67.75932209;7.528813565;0;0;0;0;0;7.528813565;7.528813565;0;0;0;0;22.5864407;0;0;0;0;7.528813565;0;0;0;0;0;0;0;0;0;0;0;0;0;7.528813565;0;22.5864407;75.28813565;0;0;0;7.528813565;587.2474581;1302.484747;0;0;0;0;0;0;0;0;0;0;3771.935596;;;;;;
125.5;9046;1340.128815;0;2612.498307;45.17288139;7.528813565;0;0;0;0;0;0;15.05762713;0;7.528813565;0;0;0;0;0;0;0;0;0;0;7.528813565;0;0;0;0;0;0;0;0;7.528813565;0;7.528813565;0;22.5864407;105.4033899;0;0;0;0;587.2474581;1264.840679;0;0;0;0;0;0;0;0;0;0;4050.501698;;;;;;
