Depth;Age;Pinus;Picea;Betula;Alnus;Juniperus;Acer;Ulmus;Quercus;Empetrum Nigrum;Vaccinium;Salix;Ericaceae;Corylus;Fraxinus;Tilia;Calluna;Poaceae;Moneses;Thalictrum;Viola Polustris;Philipendula;Artemisia;Urtica;Humulus;Asteraceae;Chenopodiaceae;Rumex Acetosa;Apiaceae;Trifolium;Plantago major media;Rosaceae;Ranunculus acris;Brasicaceae;Gallium;Saxifraga;Epilobium;Cyperaceae;Lycopodium annotinum;Sphagnum;Driopteris;Typha;Potamogen;Nymphar;Isoetes;Charcoal;Fungi hyphae;Pinus + Fungi;FeS2;Ustilagum;Meliola;Glomus;Helicoon Ellipticum;Neurospora;Cercophora;Selaginella;plantago lanceolate;Gelasinospora;drosera rotundifolia;Pinus 1/2;Picea 1/2;Betula Coroded;POLLEN SUM;Sediment accrate;Lycopodium count;Lycopodium tab added;Lycopodium per tablet;Lyc batch No.;Sample vol., ml;Sample thickness, cm
1;32.5;54.85148515;22.97029703;18.21782178;1.782178218;0.396039604;0;0;0;0;0;0;0.594059406;0;0;0;0;0.198019802;0;0;0;0.198019802;0;0;0;0.198019802;0;0;0;0;0;0;0;0;0;0;0;0.594059406;0;0.785854617;0.785854617;0;0;0;0;5.253283302;15.69282137;0;0.197628458;0;0;0;0;0;0;0;0;0;0;32.03230148;14.83979764;0;;;;;;;;
1.5;82;49.70178926;23.65805169;23.06163022;1.590457256;0.795228628;0;0;0;0;0;0;0.198807157;0;0;0;0;0.198807157;0;0;0;0;0.198807157;0;0.198807157;0;0;0.198807157;0;0;0;0;0;0;0;0;0;0.198807157;0.198412698;0.984251969;0.198412698;0;0;0;0;9.856630824;18.73990307;0;0;0;0;0;0;0;0;0;0;0;0;28.65248227;14.60101868;0;;;;;;;;
2;130;55.15873016;20.63492063;22.02380952;0.992063492;0;0;0;0;0;0;0;0.396825397;0;0.198412698;0;0;0.198412698;0;0;0;0;0.198412698;0;0.198412698;0;0;0;0;0;0;0;0;0;0;0;0;0;0.198019802;0.591715976;0;0;0;0;0;17.51227496;25.66371681;0;0;0;0;0;0;0;0;0;0;0;0;26.74418605;11.26760563;0;;;;;;;;
2.5;179;58.41584158;17.82178218;20.3960396;0.792079208;0.396039604;0;0;0;0;0;0;0.792079208;0;0;0;0;0.396039604;0;0;0;0;0.198019802;0;0;0.198019802;0;0;0;0;0;0.198019802;0;0;0.198019802;0;0;0.198019802;0;0.590551181;0.197628458;0;0;0;0;13.52739726;25.18518519;0;0;0;0;0;0;0;0;0;0;0;0;24.5142003;11.24780316;0;;;;;;;;
3;228;54.92125984;19.88188976;21.8503937;0.787401575;0.984251969;0;0;0;0;0;0;0.393700787;0;0;0;0;0.590551181;0;0;0;0;0.196850394;0;0;0;0;0;0;0;0;0;0;0;0;0;0;0.393700787;0;1.167315175;0.196463654;0;0;0;0;16.30971993;25.18409426;0;0;0;0;0;0;0;0;0;0;0;0;27.01149425;13.01369863;0.392156863;;;;;;;;
3.5;277.5;55.57729941;20.54794521;20.93933464;1.369863014;0.391389432;0;0;0;0;0;0;0.195694716;0;0;0;0;0.195694716;0;0;0.195694716;0;0.195694716;0;0;0.195694716;0;0;0;0;0;0;0;0;0;0;0;0.195694716;0;1.160541586;0;0;0;0;0;15.25704809;25.94202899;0;0.1953125;0;0;0;0;0;0;0;0;0;0;28.33099579;12.34991424;0;;;;;;;;
4;326;58.76494024;17.52988048;21.51394422;0.199203187;0;0;0;0;0;0;0;0.796812749;0;0;0;0;0.597609562;0;0;0.199203187;0;0;0;0.199203187;0;0;0;0;0;0;0;0;0;0;0;0;0.199203187;0;0.594059406;0.198807157;0;0;0;0;17.43421053;25.18628912;0;0.198807157;0;0;0;0;0;0;0;0;0;0;26.82215743;9.386281588;0.198807157;;;;;;;;
4.5;375;55.28942116;18.36327345;22.35528942;1.596806387;0.399201597;0;0;0;0;0;0;0.998003992;0;0;0;0;0.798403194;0;0;0;0;0;0;0;0;0;0;0;0;0;0;0;0;0;0;0;0.199600798;0.199203187;0.988142292;0.397614314;0;0;0;0;17.46293245;25.99704579;0;0;0;0;0;0;0;0;0;0;0;0;26.64714495;10.37567084;0;;;;;;;;
5;424;54.27435388;20.67594433;21.27236581;0.994035785;0.596421471;0;0.198807157;0;0;0;0;0.795228628;0;0;0;0;0.795228628;0;0;0;0;0.198807157;0;0;0;0;0;0;0;0;0;0;0;0;0;0;0.198807157;0;0.592885375;0;0;0;0;0;11.44366197;23.556231;0;0.198412698;0;0;0;0;0;0;0;0;0;0;29.05500705;11.28747795;0;;;;;;;;
5.5;473;53.45167653;19.1321499;25.04930966;0.986193294;0;0;0;0.394477318;0;0;0;0.591715976;0;0;0;0;0.197238659;0;0;0;0;0;0;0;0;0;0;0;0;0;0;0;0;0;0;0;0.197238659;0;1.169590643;0.196850394;0;0;0;0;15.640599;26.30813953;0;0;0;0;0;0;0;0;0;0;0;0;27.67475036;9.946714032;0;;;;;;;;
6;521;49.40239044;17.72908367;29.88047809;0.996015936;0.398406375;0;0;0;0;0;0.199203187;0.996015936;0;0;0;0;0.398406375;0;0;0;0;0;0;0;0;0;0;0;0;0;0;0;0;0;0;0;0;0;1.37524558;0;0;0;0;0;17.43421053;25.8493353;0;0;0;0;0;0;0;0;0;0;0;0;23.24159021;9.712230216;0;;;;;;;;
6.5;570;56.57370518;18.92430279;21.51394422;0.796812749;0.398406375;0;0;0;0;0;0;0.597609562;0.199203187;0;0;0;0.597609562;0;0;0;0;0.199203187;0;0;0;0.199203187;0;0;0;0;0;0;0;0;0;0;0;0;1.37524558;0;0;0;0;0;16.05351171;25.51928783;0;0;0;0;0;0;0;0;0;0;0;0;24.62462462;9.712230216;0.198807157;;;;;;;;
7;621.5;52.64187867;15.26418787;27.39726027;0.978473581;0.782778865;0;0;0;0;0;0.195694716;0.782778865;0;0;0;0;0.978473581;0;0;0;0;0.391389432;0;0;0;0;0;0;0;0;0.391389432;0;0;0;0;0;0.195694716;0;1.730769231;0.1953125;0;0;0;0;16.09195402;26.15606936;0;0;0;0;0;0;0;0;0;0;0;0;27.5177305;9.236234458;0;;;;;;;;
7.5;671;57.42574257;17.62376238;23.36633663;0.594059406;0;0;0;0;0;0;0;0.792079208;0;0;0;0;0;0;0;0;0;0.198019802;0;0;0;0;0;0;0;0;0;0;0;0;0;0;0;0;0.590551181;0;0;0;0;0;15.83333333;24.5142003;0;0;0;0;0;0;0;0;0;0;0;0;30.72702332;9.660107335;0;;;;;;;;
8;719;53.57142857;17.46031746;24.00793651;2.182539683;0.396825397;0;0;0;0;0;0;1.19047619;0;0;0;0;0.793650794;0;0;0;0;0;0;0;0;0;0;0;0;0;0;0;0;0;0;0;0.396825397;0;1.176470588;0;0;0;0;0;9.352517986;23.52048558;0;0;0;0;0;0;0;0;0;0;0;0;30.19390582;8.695652174;0;;;;;;;;
8.5;766.5;56.03960396;17.82178218;22.97029703;1.188118812;0.198019802;0;0;0;0;0;0;1.188118812;0;0;0;0;0.198019802;0;0;0.198019802;0;0;0;0;0;0;0;0;0;0;0.198019802;0;0;0;0;0;0;0;0.785854617;0;0;0;0;0;17.34860884;26.16959064;0;0;0;0;0;0;0;0;0;0;0;0;31.29251701;9.33572711;0;;;;;;;;
9;814;61.30952381;14.68253968;21.42857143;0.793650794;0.396825397;0;0;0;0;0;0;0.793650794;0;0;0;0;0.396825397;0;0;0;0;0;0;0;0;0;0;0;0;0;0;0.198412698;0;0;0;0;0;0;0.198019802;0.395256917;0;0;0;0;24.7761194;26.63755459;0;0;0;0;0;0;0;0;0;0;0;0;33.68421053;8.02919708;0.198019802;;;;;;;;
9.5;860;57.93650794;14.28571429;25.3968254;0.595238095;0;0;0;0;0;0;0;1.19047619;0;0;0;0;0.198412698;0;0;0.198412698;0;0.198412698;0;0;0;0;0;0;0;0;0;0;0;0;0;0;0;0;1.176470588;0.395256917;0;0;0;0;15.71906355;26.2079063;0;0;0;0;0;0;0;0;0;0;0;0;33.68421053;7.352941176;0;;;;;;;;
10;906;56.54761905;14.48412698;26.58730159;0.992063492;0.396825397;0;0;0;0;0;0;0.595238095;0;0;0;0;0.198412698;0;0;0;0;0;0;0;0;0;0;0;0;0;0;0;0;0;0;0;0.198412698;0;0.787401575;0;0;0;0;0;14.13969336;25.99118943;0;0;0;0;0;0;0;0;0;0;0;0;29.60893855;7.692307692;0;;;;;;;;
10.5;953;57.68463074;14.97005988;25.1497006;0.798403194;0;0;0;0;0;0;0;0.598802395;0;0;0;0;0.598802395;0;0;0;0;0.199600798;0;0;0;0;0;0;0;0;0;0;0;0;0;0;0;0;0.988142292;0;0;0;0;0;15.65656566;26.43171806;0;0;0;0;0;0;0;0;0;0;0;0;33.81770145;8.073394495;0;;;;;;;;
11;1002.5;54.8;17.8;25;0.8;0;0;0;0;0;0;0.2;1;0.2;0;0;0;0.2;0;0;0;0;0;0;0;0;0;0;0;0;0;0;0;0;0;0;0;0;0;1.185770751;0.398406375;0;0;0;0;13.19444444;25.1497006;0;0.199600798;0;0;0;0;0;0;0;0;0;0;29.7752809;8.759124088;0;;;;;;;;
11.5;1051;60;15.24752475;22.77227723;0.396039604;0;0;0;0;0;0;0.198019802;0.99009901;0;0;0;0;0.396039604;0;0;0;0;0;0;0;0;0;0;0;0;0;0;0;0;0;0;0;0;0;1.559454191;0.197628458;0;0;0;0;15.41038526;25.73529412;0;0;0;0;0;0;0;0;0;0;0;0;30.72702332;8.34845735;0;;;;;;;;
12;1096;58.3011583;13.51351351;26.64092664;0.965250965;0.193050193;0;0;0;0;0;0.193050193;0;0;0;0;0;0;0;0;0;0;0;0;0;0;0;0;0;0;0;0;0;0;0;0;0;0.193050193;0;0.766283525;0;0;0;0;0;12.35194585;23.71134021;0;0;0;0;0;0;0;0;0;0;0;0;27.8551532;7.168458781;0;;;;;;;;
12.5;1139.5;62.13592233;12.81553398;23.10679612;0.194174757;0.388349515;0;0;0;0;0;0;0.388349515;0;0;0;0;0.194174757;0;0;0;0;0.194174757;0;0;0;0;0;0;0;0;0;0.194174757;0;0;0.194174757;0;0.194174757;0;0.579150579;0;0;0;0;0;15.01650165;25.57803468;0;0;0;0;0;0;0;0;0.386847195;0;0;0;26.95035461;5.504587156;0;;;;;;;;
13;1183;58.85826772;10.62992126;26.37795276;1.57480315;0.590551181;0;0;0;0;0;0;0.590551181;0;0;0;0;0.590551181;0;0;0.196850394;0;0.196850394;0;0;0;0;0;0;0;0;0;0;0;0;0.196850394;0;0.196850394;0;0.392156863;0.196463654;0;0;0;0;14.18918919;26.26995646;0;0;0;0;0;0;0;0;0;0;0;0;30.79019074;4.511278195;0;;;;;;;;
13.5;1233.5;59.96055227;12.62327416;25.64102564;0.591715976;0.394477318;0;0;0;0;0;0;0.591715976;0;0;0;0;0;0;0;0;0;0.197238659;0;0;0;0;0;0;0;0;0;0;0;0;0;0;0;0;0.782778865;0;0;0;0;0;13.92190153;25.22123894;0;0;0;0;0;0;0;0;0;0;0;0;30.4526749;5.23364486;0;;;;;;;;
14;1281.5;60.15779093;10.65088757;26.23274162;0.986193294;0.197238659;0;0;0.197238659;0;0;0.394477318;0.591715976;0;0;0;0;0.394477318;0;0;0;0;0;0;0;0;0.197238659;0;0;0;0;0;0;0;0;0;0;0;0.392927308;0.392927308;0;0;0;0;0;16.8852459;24.88888889;0;0;0;0;0;0;0;0;0;0;0;0;30.64295486;4.519774011;0.196850394;;;;;;;;
14.5;1331.5;64.1025641;11.24260355;23.66863905;0;0;0;0;0;0;0;0;0.591715976;0;0;0;0;0.197238659;0;0;0;0;0;0;0;0;0.197238659;0;0;0;0;0;0;0;0;0;0;0;0;1.169590643;0;0;0;0;0;13.6286201;25.22123894;0;0;0;0;0;0;0;0;0;0;0;0;32.12851406;4.87804878;0;;;;;;;;
15;1376;64.88095238;13.0952381;20.83333333;0.396825397;0.198412698;0;0;0;0;0;0;0.198412698;0;0;0;0;0.396825397;0;0;0;0;0;0;0;0;0;0;0;0;0;0;0;0;0;0;0;0;0;0.395256917;0.198019802;0;0;0;0;15.15151515;24.32432432;0;0.198019802;0;0;0;0;0;0;0;0;0;0;30.38674033;6.319702602;0;;;;;;;;
15.5;1419.5;60.15936255;12.15139442;25.89641434;0;0.199203187;0;0;0;0;0;0;0.796812749;0;0;0;0;0.796812749;0;0;0;0;0;0;0;0;0;0;0;0;0;0;0;0;0;0;0;0;0.198807157;1.761252446;0.198807157;0;0;0;0;17.8396072;25.62962963;0;0;0;0;0;0;0;0;0.198807157;0;0;0;28.49002849;5.283018868;0;;;;;;;;
16;1467;62.62425447;11.53081511;25.64612326;0.198807157;0;0;0;0;0;0;0;0;0;0;0;0;0;0;0;0;0;0;0;0;0;0;0;0;0;0;0;0;0;0;0;0;0;0;0.592885375;0;0;0;0;0;16.99669967;26.4619883;0;0;0;0;0;0;0;0;0;0;0;0;29.84658298;4.914933837;0;;;;;;;;
16.5;1512.5;64.87025948;10.77844311;22.15568862;0.798403194;0;0;0;0;0;0;0;0.998003992;0;0;0;0;0;0;0;0;0;0.199600798;0;0;0;0;0;0;0;0;0;0;0;0;0;0;0.199600798;0;0.988142292;0.199203187;0;0;0;0;16.08040201;26.43171806;0;0;0;0;0;0;0;0;0;0;0;0;31.83673469;4.571428571;0;;;;;;;;
17;1562;58.92857143;12.5;27.18253968;0.396825397;0;0;0;0;0;0;0;0.198412698;0;0;0;0;0.198412698;0;0;0;0;0.198412698;0;0;0;0;0;0;0;0;0;0;0;0;0.198412698;0;0.198412698;0;0.395256917;0;0;0;0;0;16.69421488;26.95652174;0;0;0;0;0;0;0;0;0;0;0.198019802;0;30.5785124;5.263157895;0;;;;;;;;
17.5;1611;56.4612326;14.31411531;27.23658052;0.397614314;0.198807157;0;0;0;0;0;0;0.795228628;0;0;0;0;0;0;0;0.198807157;0;0.198807157;0;0;0;0;0;0;0;0;0;0;0;0;0;0;0.198807157;0.198412698;0.788954635;0;0;0;0;0;17.94453507;26.56934307;0;0;0;0;0;0;0;0;0;0;0;0;28.44950213;5.628517824;0;;;;;;;;
18;1659;63.83399209;7.707509881;25.09881423;1.185770751;0.592885375;0;0;0;0;0;0;0.790513834;0;0;0;0;0.592885375;0;0;0;0.197628458;0;0;0;0;0;0;0;0;0;0;0;0;0;0;0;0;0;0.978473581;0;0;0;0;0;18.64951768;26.98412698;0;0;0;0;0;0;0;0;0;0;0;0;32.71276596;3.0651341;0;;;;;;;;
18.5;1703;62.74900398;13.94422311;22.50996016;0.199203187;0;0;0;0;0;0;0;0.398406375;0;0;0;0;0.199203187;0;0;0;0;0;0;0;0;0;0;0;0;0;0;0;0;0;0;0;0;0;0.396825397;0;0;0;0;0;20.06369427;26.71532847;0;0;0;0;0;0;0;0;0.198807157;0;0;0;30.85399449;4.924242424;0;;;;;;;;
19;1751;58.57988166;12.4260355;26.03550296;1.380670611;0.197238659;0;0;0.197238659;0;0;0;0.394477318;0;0;0;0;0.197238659;0;0;0;0.197238659;0;0;0;0;0;0;0;0;0;0;0;0;0;0;0;0.394477318;0;0.588235294;0;0;0;0;0;19.13875598;25.55066079;0;0;0;0;0;0;0;0;0;0;0;0;30.64295486;5.936920223;0;;;;;;;;
19.5;1799;57.14285714;9.325396825;32.14285714;0.992063492;0;0;0;0;0;0;0;0.198412698;0;0;0;0;0;0;0;0;0;0;0;0;0.198412698;0;0;0;0;0;0;0;0;0;0;0;0;0;0.395256917;0.198019802;0;0;0;0;19.1011236;24.88822653;0;0;0;0;0;0;0;0;0;0;0;0;31.14754098;4.182509506;0;;;;;;;;
20;1842.5;62.94820717;9.760956175;26.09561753;0.199203187;0;0;0;0;0;0;0.199203187;0.398406375;0;0;0;0;0;0;0;0;0;0.199203187;0;0;0;0;0;0;0;0;0;0;0;0;0;0;0.199203187;0;0.986193294;0.396825397;0;0;0;0;19.42215088;26.71532847;0;0;0;0;0;0;0;0;0;0;0;0;37.56218905;3.831417625;0;;;;;;;;
20.5;1890;65.20874751;11.72962227;21.47117296;0.397614314;0.198807157;0;0;0;0;0;0;0.397614314;0;0;0;0;0.397614314;0;0;0;0;0;0;0;0;0;0;0;0;0;0;0;0;0;0;0;0.198807157;0;0.592885375;0;0;0;0;0;19.77671451;26.4619883;0;0;0;0;0;0;0;0;0;0;0;0;36.56998739;4.554079696;0;;;;;;;;
21;1938;59.28143713;14.17165669;23.35329341;1.19760479;0.199600798;0;0;0.199600798;0;0;0;0.598802395;0;0;0;0;0.598802395;0;0;0;0;0;0;0;0;0.199600798;0;0;0;0;0;0;0;0;0;0;0.199600798;0.199203187;0.792079208;0.397614314;0;0;0;0;22.08398134;26.75438596;0;0;0;0;0;0;0;0;0;0;0;0;34.33813893;5.649717514;0;;;;;;;;
21.5;1986.5;61.06719368;13.24110672;22.92490119;1.383399209;0.790513834;0;0;0;0;0;0;0.197628458;0;0;0;0;0.197628458;0;0;0.197628458;0;0;0;0;0;0;0;0;0;0;0;0;0;0;0;0;0;0;0.197238659;0;0;0;0;0;17.85714286;26.23906706;0;0;0;0;0;0;0;0;0;0;0;0;31.25;5.243445693;0;;;;;;;;
22;2034;59.64566929;13.38582677;22.63779528;2.362204724;0.590551181;0;0;0;0;0;0;0.787401575;0.196850394;0;0;0;0.196850394;0;0;0;0;0;0;0;0.196850394;0;0;0;0;0;0;0;0;0;0;0;0;0;0.78125;0;0;0;0;0;16.99346405;26.58959538;0;0;0;0;0;0;0;0;0;0;0;0;27.63532764;4.868913858;0;;;;;;;;
22.5;2077.5;60.3960396;12.67326733;25.14851485;0.792079208;0;0;0;0;0;0;0;0.396039604;0;0;0;0;0;0;0;0;0;0;0;0;0.198019802;0.198019802;0;0;0;0;0;0;0;0;0;0;0.198019802;0;1.3671875;0;0;0;0;0;17.48366013;26.49199418;0;0;0;0;0;0;0;0;0;0;0;0;31.47896879;5.607476636;0;;;;;;;;
23;2125;54.89021956;14.37125749;28.54291417;0.798403194;0.199600798;0;0;0;0;0;0;0.399201597;0;0;0;0;0.199600798;0;0;0;0;0.399201597;0;0;0;0;0;0;0;0;0;0;0;0;0.199600798;0;0;0.397614314;0.792079208;0;0;0;0;0;15.79831933;26.10619469;0;0;0;0;0;0;0;0;0;0;0;0;30.12552301;6.355140187;0;;;;;;;;
23.5;2171;54.96031746;13.88888889;28.37301587;0.595238095;0.595238095;0;0;0;0.198412698;0;0;0.595238095;0;0.198412698;0;0;0.198412698;0;0;0;0;0;0;0;0;0;0;0;0;0;0;0;0;0;0.198412698;0;0.198412698;0;1.945525292;0;0;0;0;0;16.55629139;26.42335766;0;0;0;0;0;0;0;0;0;0;0;0;31.14754098;5.970149254;0;;;;;;;;
24;2217.5;57.7689243;12.35059761;27.88844622;0.597609562;0;0;0;0;0;0;0.398406375;0.199203187;0;0;0;0;0.398406375;0;0;0;0;0;0;0;0;0;0;0;0;0;0;0;0;0;0;0;0.398406375;0.198807157;0.198807157;0;0;0;0;0;17.8396072;26.71532847;0;0;0;0;0;0;0;0;0;0;0;0;31.79347826;5.639097744;0;;;;;;;;
24.5;2265;57.08661417;10.43307087;31.1023622;0.393700787;0;0;0;0;0;0;0;0.590551181;0;0;0;0;0.196850394;0;0;0;0;0.196850394;0;0;0;0;0;0;0;0;0;0;0;0;0;0;0;0;0.78125;0.196463654;0;0;0;0;15.33333333;26.1627907;0;0;0;0;0;0;0;0;0;0;0;0;32.62599469;4.511278195;0;;;;;;;;
25;2311;56.2745098;14.90196078;26.8627451;1.176470588;0;0;0;0;0;0;0;0.392156863;0;0;0;0;0.196078431;0;0;0;0;0;0;0;0;0.196078431;0;0;0;0;0;0;0;0;0;0;0;0;0.970873786;0.195694716;0;0;0;0;15.84158416;26.19392185;0;0;0;0;0;0;0;0;0;0;0;0;30.51771117;6.593406593;0;;;;;;;;
25.5;2356;55.84158416;11.68316832;30.4950495;0.594059406;0.198019802;0;0;0;0;0;0;0.99009901;0;0;0;0;0.198019802;0;0;0;0;0;0;0;0;0;0;0;0;0;0;0;0;0;0;0;0;0.197628458;0.980392157;0.197628458;0;0;0;0;17.34860884;26.49199418;0;0;0;0;0;0;0;0;0;0;0;0;28.57142857;5.253283302;0;;;;;;;;
26;2402;66.40159046;10.33797217;21.66998012;0.795228628;0.198807157;0;0;0;0;0;0;0.198807157;0;0;0;0;0.198807157;0;0;0.198807157;0;0;0;0;0;0;0;0;0;0;0;0;0;0;0;0;0;0;0.984251969;0.198412698;0;0;0;0;15.31986532;25.92047128;0;0;0;0;0;0;0;0;0;0;0;0;34.92884864;5.981308411;0;;;;;;;;
26.5;2447.5;59.6;12.2;25.4;1;0;0;0;0;0;0;0.2;0.4;0.2;0;0;0;0.4;0;0;0;0.2;0.4;0;0;0;0;0;0;0;0;0;0;0;0;0;0;0;0;1.380670611;0.398406375;0;0;0;0;20.12779553;26.79355783;0;0;0;0;0;0;0;0;0;0;0;0;33.68700265;6.367041199;0;;;;;;;;
27;2504;57.17131474;10.75697211;29.48207171;1.394422311;0;0;0;0;0;0;0;0.597609562;0;0;0;0;0.398406375;0;0;0;0;0;0;0;0;0;0;0;0;0;0;0;0;0;0;0;0.199203187;0;0.986193294;0.198807157;0;0;0;0;14.62585034;26.82215743;0;0;0;0;0;0;0;0;0;0;0;0;30.27777778;5.283018868;0;;;;;;;;
27.5;2576.5;60.67864271;11.37724551;26.94610778;0.798403194;0;0;0;0;0;0;0;0.199600798;0;0;0;0;0;0;0;0;0;0;0;0;0;0;0;0;0;0;0;0;0;0;0;0;0;0;1.377952756;0;0;0;0;0;18.27079935;26.96793003;0;0;0;0;0;0;0;0;0;0;0;0;31.46374829;5.649717514;0;;;;;;;;
28;2627;57.05765408;12.32604374;28.62823062;1.789264414;0;0;0;0;0;0;0;0;0;0;0;0;0;0;0;0;0;0;0;0;0;0;0;0;0;0;0;0;0;0;0;0;0.198807157;0;1.56555773;0.198412698;0;0;0;0;16.44518272;26.78311499;0;0;0;0;0;0;0;0;0;0;0;0;31.19015048;6.331471136;0;;;;;;;;
28.5;2660;57.37051793;11.35458167;29.08366534;0.996015936;0.199203187;0;0;0;0;0;0.199203187;0;0;0;0;0;0.597609562;0;0;0.199203187;0;0;0;0;0;0;0;0;0;0;0;0;0;0;0;0;0;0;0.396825397;0;0;0;0;0;15.77181208;26.71532847;0;0;0;0;0;0;0;0;0;0;0;0;33.42175066;5.639097744;0;;;;;;;;
29;2686;56.34920635;12.1031746;27.38095238;1.19047619;0.396825397;0;0;0;0;0;0;0.793650794;0;0;0;0;0.595238095;0;0;0.396825397;0;0.198412698;0;0;0.198412698;0;0;0;0;0;0;0;0;0;0.198412698;0;0.198412698;0;0.591715976;0;0;0;0;0;16.96869852;25.99118943;0;0;0;0;0;0;0;0;0;0;0;0;28.81355932;5.263157895;0;;;;;;;;
29.5;2711;55.77689243;11.95219124;29.88047809;0.996015936;0.199203187;0;0;0;0;0;0;0.996015936;0.199203187;0;0;0;0;0;0;0;0;0;0;0;0;0;0;0;0;0;0;0;0;0;0;0;0;0;0.396825397;0;0;0;0;0;14.33447099;26.28487518;0;0;0;0;0;0;0;0;0;0;0;0;31.60762943;5.992509363;0;;;;;;;;
30;2738;55.55555556;12.6984127;29.96031746;0.793650794;0.198412698;0;0;0;0;0;0;0.198412698;0;0;0;0;0.396825397;0;0;0;0;0;0;0;0;0;0;0;0;0;0;0;0;0;0.198412698;0;0;0;1.176470588;0;0;0;0;0;12.80276817;25.33333333;0;0;0;0;0;0;0;0;0;0;0;0;33.15649867;5.617977528;0;;;;;;;;
30.5;2764;54.09181637;12.5748503;31.13772455;1.596806387;0.399201597;0;0;0;0;0;0.199600798;0;0;0;0;0;0;0;0;0;0;0;0;0;0;0;0;0;0;0;0;0;0;0;0;0;0;0.199203187;0.988142292;0;0;0;0;0;17.59868421;26.64714495;0;0;0;0;0;0;0;0;0;0;0.199203187;0;31.27572016;6.355140187;0;;;;;;;;
31;2792;54.47619048;14.0952381;29.14285714;0.761904762;0.19047619;0;0;0;0;0;0.19047619;0.380952381;0;0;0;0;0.571428571;0;0;0.19047619;0;0;0;0;0;0;0;0;0;0;0;0;0;0;0;0;0;0.190114068;0.379506641;0.190114068;0;0;0;0;17.32283465;25.53191489;0;0;0;0;0;0;0;0;0;0;0;0;30.09320905;6.082289803;0;;;;;;;;
31.5;2819;52.81553398;13.98058252;30.29126214;1.941747573;0;0;0;0;0;0;0;0.582524272;0;0;0;0;0.388349515;0;0;0;0;0;0;0;0;0;0;0;0;0;0;0;0;0;0;0;0;0;0.386847195;0.386847195;0;0;0;0;15.15650741;26.32331903;0;0;0;0;0;0;0;0;0;0;0;0;32.50327654;5.850091408;0;;;;;;;;
32;2844.5;53.17460317;16.07142857;29.16666667;1.19047619;0;0;0;0;0;0;0;0.198412698;0;0;0;0;0;0;0;0;0;0;0;0;0;0;0;0;0;0;0;0;0;0;0;0;0.198412698;0.198019802;0.395256917;0;0;0;0;0;16.83168317;26.74418605;0;0;0;0;0;0;0;0;0;0;0.198019802;0;31.52173913;6.666666667;0;;;;;;;;
32.5;2869;58.28460039;15.20467836;24.17153996;0.584795322;0.194931774;0;0;0;0;0;0;0.389863548;0;0.194931774;0;0;0.389863548;0;0;0.194931774;0;0.194931774;0;0;0.194931774;0;0;0;0;0;0;0;0;0;0;0;0;0;1.156069364;0;0;0;0;0;12.75510204;25.43604651;0;0.194552529;0;0;0;0;0;0;0;0;0;0;28.25174825;6.215722121;0;;;;;;;;
33;2894.5;59.85267035;12.3388582;25.41436464;1.104972376;0.184162063;0;0;0;0;0;0;0.552486188;0;0;0;0;0.184162063;0;0;0;0;0;0;0;0;0.184162063;0;0;0;0;0;0;0;0;0;0;0.184162063;0;0.366972477;0;0;0;0;0;11.12929624;25.30949106;0;0;0;0;0.183823529;0;0;0;0;0;0;0;30.4737516;5.565217391;0;;;;;;;;
33.5;2918.5;61.70634921;11.30952381;24.00793651;1.19047619;0;0;0;0;0;0;0;0.396825397;0;0;0;0;0.396825397;0;0;0;0;0;0;0;0.396825397;0;0;0;0;0;0;0;0;0;0;0;0.595238095;0.395256917;1.5625;0.198019802;0;0;0;0;11.88811189;24.21052632;0;0;0;0;0;0;0;0;0;0;0;0;30.38674033;5.263157895;0;;;;;;;;
34;2945;59.92063492;11.11111111;25.79365079;0.992063492;0.396825397;0;0;0;0;0;0;0.793650794;0;0;0;0;0.595238095;0;0;0;0;0;0;0;0;0;0;0;0;0;0;0;0;0;0;0;0.396825397;0;0.982318271;0;0;0;0;0;12.19512195;24.88822653;0;0;0;0;0;0;0;0;0;0;0;0;32.62032086;5.263157895;0;;;;;;;;
34.5;2971.5;53.11111111;14.44444444;30.22222222;0.444444444;0;0;0;0;0;0;0;0.444444444;0;0;0;0;1.111111111;0;0;0.222222222;0;0;0;0;0;0;0;0;0;0;0;0;0;0;0;0;0;0;0.442477876;0;0;0;0;0;17.27941176;28.22966507;0;0;0;0;0;0;0;0;0;0;0.22172949;0.22172949;31.40243902;5.462184874;0;;;;;;;;
35;2999.5;59.09090909;13.04347826;24.90118577;1.185770751;0.395256917;0;0;0;0;0;0;0.790513834;0;0;0;0;0.197628458;0;0;0;0;0;0;0;0;0;0;0;0;0;0;0;0;0;0;0;0.395256917;0;1.171875;0.393700787;0;0;0;0;12.75862069;26.02339181;0;0;0;0;0;0;0;0;0;0;0;0;31.80592992;6.296296296;0;;;;;;;;
35.5;3023.5;59.76095618;11.75298805;26.09561753;1.195219124;0.199203187;0;0;0;0;0;0;0.398406375;0;0;0;0;0.398406375;0;0;0;0;0;0;0;0;0;0;0;0;0;0;0;0;0;0;0;0.199203187;0;1.181102362;0.594059406;0;0;0;0;11.4638448;24.96263079;0;0;0;0;0;0;0;0;0;0;0;0;28.08022923;5.283018868;0;;;;;;;;
36;3051;58.0270793;12.37911025;28.04642166;0.386847195;0;0;0;0;0;0;0;0.580270793;0;0;0;0;0.193423598;0;0;0;0;0.193423598;0;0;0;0;0;0;0;0;0;0;0;0.193423598;0;0;0;0;1.147227533;0.193050193;0;0;0;0;12.81618887;25.61151079;0;0;0;0;0;0;0;0;0;0;0;0;28.0945758;5.137614679;0;;;;;;;;
36.5;3076;62.74900398;9.163346614;25.09960159;1.593625498;0.796812749;0;0;0;0;0;0;0.199203187;0;0;0;0;0;0;0;0;0;0.199203187;0;0;0;0;0;0;0;0;0;0;0;0;0;0;0.199203187;0;0.986193294;0.198807157;0;0;0.198807157;0;7.037037037;23.59208524;0;0;0;0;0;0;0;0;0;0;0;0;33.77308707;4.562737643;0;;;;;;;;
37;3102;57.50988142;13.43873518;26.48221344;0.988142292;0.197628458;0;0;0;0;0;0;0.395256917;0;0;0;0;0.197628458;0;0;0;0;0.395256917;0;0;0;0;0;0;0;0;0;0;0;0;0;0;0.395256917;0;1.171875;0;0;0;0;0;20.18927445;26.77279305;0;0;0;0;0;0;0;0;0;0;0;0;27.92022792;6.296296296;0;;;;;;;;
37.5;3127;59.2445328;13.12127237;25.04970179;1.590457256;0.198807157;0;0;0;0;0;0;0.198807157;0;0;0;0;0.397614314;0;0;0;0;0;0;0;0;0;0;0;0;0;0;0;0;0;0;0;0.198807157;0;0.396039604;0.198412698;0;0;0;0;14.01709402;24.7005988;0;0;0;0;0;0;0;0;0;0;0;0;30.42876902;5.981308411;0;;;;;;;;
38;3150.5;53.07692308;13.46153846;30.38461538;1.730769231;0;0;0;0;0;0;0.192307692;0.576923077;0;0;0;0;0.192307692;0;0;0;0;0;0;0;0;0.192307692;0;0;0;0;0;0;0;0;0;0;0.192307692;0.19193858;0.763358779;0.19193858;0;0;0;0;16.8;25.07204611;0;0;0;0;0;0;0;0;0;0;0.19193858;0;27.57660167;5.797101449;0;;;;;;;;
38.5;3178;53.22896282;13.3072407;30.52837573;1.369863014;0.195694716;0;0;0;0;0;0;0.587084149;0;0;0;0;0.391389432;0;0;0.195694716;0;0;0;0;0;0;0;0;0;0;0;0;0;0;0.195694716;0;0;0;0.776699029;0;0;0;0.1953125;0;16.63947798;25.07331378;0;0;0;0;0;0;0;0;0;0;0;0;27.92665726;5.893186004;0;;;;;;;;
39;3205;51.93370166;11.78637201;33.5174954;2.025782689;0;0;0;0;0;0;0;0.368324125;0;0;0;0;0;0;0;0;0;0;0;0.184162063;0;0;0;0;0;0;0;0;0;0;0;0;0.184162063;0;0.183823529;0.183823529;0;0;0;0;16.84532925;25.41208791;0;0;0;0;0;0;0;0;0;0;0;0.183823529;27.50333778;5.89254766;0;;;;;;;;
39.5;3233.5;56.88622754;14.37125749;27.34530938;0.598802395;0.199600798;0;0;0;0;0;0;0.399201597;0;0;0;0;0.199600798;0;0;0;0;0;0;0;0;0;0;0;0;0;0;0;0;0;0;0;0;0;0.595238095;0.199203187;0;0;0;0;14.50511945;25.88757396;0;0;0;0;0;0;0;0;0;0;0;0;29.53586498;6.003752345;0;;;;;;;;
40;3261;62.42544732;13.71769384;21.66998012;0.795228628;0.198807157;0;0;0;0;0;0;0.596421471;0;0;0;0;0.397614314;0;0;0;0;0;0;0;0;0;0;0;0;0;0;0;0;0;0;0;0.198807157;0;0.984251969;0;0;0;0;0;17.67594108;26.56934307;0;0;0;0;0;0;0;0;0;0;0;0;30.62068966;5.628517824;0;;;;;;;;
40.5;3288;61.50793651;13.88888889;22.81746032;0.396825397;0.198412698;0;0;0;0;0;0;0.595238095;0;0;0;0;0.198412698;0;0;0;0;0.198412698;0;0;0;0;0;0;0;0;0;0;0;0;0;0;0.198412698;0;0.787401575;0;0;0;0;0;17.51227496;26.31578947;0;0;0;0;0;0;0;0;0;0;0;0;30.5785124;5.970149254;0;;;;;;;;
41;3316;64.75247525;10.4950495;22.97029703;0.396039604;0.198019802;0;0;0;0;0;0;0.396039604;0;0;0;0;0;0;0;0;0;0;0;0;0;0;0;0;0;0;0;0;0;0;0;0;0.792079208;0;1.3671875;0.590551181;0;0;0;0;13.23024055;25.73529412;0;0;0;0;0;0;0;0;0;0;0;0;28.97327707;5.253283302;0;;;;;;;;
41.5;3344;63.28125;9.765625;24.8046875;0.78125;0;0;0;0;0;0;0;0.78125;0;0;0;0;0.390625;0;0;0;0;0.1953125;0;0;0;0;0;0;0;0;0;0;0;0;0;0;0;0;0.775193798;0;0;0;0;0;15.37190083;26.11832612;0;0;0;0;0;0;0;0;0;0;0;0;30.62330623;4.832713755;0;;;;;;;;
42;3369.5;64.08730159;12.6984127;19.84126984;0.992063492;0.396825397;0;0;0;0;0;0;0.793650794;0;0;0;0;0.595238095;0;0;0;0;0.198412698;0;0;0;0;0;0;0;0;0;0;0;0;0;0;0.396825397;0;0.787401575;0;0;0;0;0;15.71906355;25.99118943;0;0;0;0;0;0;0;0;0;0;0;0;32.25806452;5.263157895;0;;;;;;;;
42.5;3398;59.95575221;13.49557522;24.33628319;1.10619469;0.221238938;0;0;0;0;0;0;0.221238938;0;0;0;0;0.221238938;0;0;0;0;0.221238938;0;0;0;0;0;0;0;0;0;0;0;0;0;0;0.221238938;0;1.094091904;0;0;0;0;0;18.99641577;28.70662461;0;0;0;0;0;0;0;0;0;0;0;0;38.41961853;5.833333333;0;;;;;;;;
43;3423;58.64811133;9.145129225;29.82107356;0.994035785;0.198807157;0;0;0;0;0;0;0.795228628;0;0;0;0;0;0;0;0;0;0;0;0;0;0;0;0;0;0;0;0;0;0;0;0;0.397614314;0;0.396039604;0;0;0;0;0;15.74539363;26.24633431;0;0;0;0;0;0;0;0;0;0;0;0;31.93504736;4.554079696;0;;;;;;;;
43.5;3449;56.39534884;10.07751938;30.23255814;0.775193798;0.581395349;0;0;0;0;0;0;1.162790698;0;0;0;0;0.387596899;0;0;0;0;0;0;0;0;0.19379845;0;0;0;0;0;0;0;0;0;0;0.19379845;0;0.193423598;0.193423598;0;0;0;0;15.68627451;25;0;0;0;0;0;0;0;0;0;0;0;0;28.33333333;4.79704797;0;;;;;;;;
44;3476;60.58823529;12.74509804;23.1372549;1.568627451;0.784313725;0;0;0;0;0;0;0.588235294;0;0;0;0;0.196078431;0;0;0;0;0;0;0;0;0;0;0;0;0;0;0;0;0;0;0;0.392156863;0.195694716;1.544401544;0.195694716;0;0;0;0;17.47572816;26.19392185;0.195694716;0;0;0;0;0;0;0;0;0;0;0;30.51771117;6.593406593;0;;;;;;;;
44.5;3499.5;56.89320388;13.78640777;25.4368932;1.165048544;0.776699029;0;0;0;0;0;0;1.165048544;0;0;0;0;0.582524272;0;0;0;0;0;0;0;0;0;0;0;0;0;0;0;0;0;0;0;0.194174757;0.19379845;1.151631478;0.19379845;0;0;0;0;11.96581197;26.95035461;0;0;0;0;0;0;0;0;0;0;0;0;33.71943372;6.871609403;0;;;;;;;;
45;3528.5;58.93909627;13.94891945;24.36149312;0.982318271;0.392927308;0;0;0;0;0;0;0.392927308;0;0;0;0;0;0;0;0.392927308;0;0;0;0;0;0;0;0;0;0;0;0;0;0;0;0;0.589390963;0;1.356589147;0.5859375;0;0;0;0;11.01398601;26.01744186;0;0;0;0;0;0;0;0;0;0;0;0;31.49394347;6.261510129;0;;;;;;;;
45.5;3563;59.29549902;12.72015656;24.85322896;1.56555773;0;0;0;0;0;0;0;0.782778865;0;0;0.195694716;0;0.195694716;0;0;0;0;0;0;0;0;0;0;0;0;0;0;0;0;0;0;0;0.391389432;0;1.541425819;0;0;0;0;0;13.0952381;26.68579627;0;0;0;0;0;0;0;0;0;0;0;0;36.99136868;5.893186004;0;;;;;;;;
46;3599;57.02970297;12.27722772;27.72277228;1.386138614;0.396039604;0;0;0;0;0;0.198019802;0.198019802;0;0;0;0;0.198019802;0;0;0;0;0;0;0;0.198019802;0;0;0;0;0;0;0;0;0;0;0;0.396039604;0;0.980392157;0;0;0;0;0;12.17391304;26.8115942;0;0;0;0;0;0;0;0;0;0;0;0;37.73119605;5.959031657;0;;;;;;;;
46.5;3645;59.5463138;11.53119093;25.8979206;1.512287335;0.189035917;0;0;0;0;0;0.378071834;0.378071834;0;0;0;0;0.378071834;0;0;0;0;0;0;0;0;0;0;0;0;0;0;0;0;0;0;0;0.189035917;0;0.376647834;0.188679245;0;0;0;0;13.70309951;25.80645161;0;0;0;0;0;0;0;0;0;0;0;0;32.9531052;5.366726297;0;;;;;;;;
47;3692.5;54.34782609;12.45059289;29.84189723;1.383399209;0;0;0;0;0;0;0.395256917;0.988142292;0;0;0;0;0;0;0;0;0;0;0;0;0;0.197628458;0;0;0;0;0;0;0;0;0;0;0.395256917;0;0.589390963;0.197238659;0;0;0;0;15.94684385;27.61087268;0;0;0;0;0;0;0;0;0;0;0;0;31.43631436;5.243445693;0;;;;;;;;
47.5;3738;58.82352941;10.19607843;29.41176471;0.588235294;0.196078431;0;0;0;0;0;0.196078431;0.392156863;0;0;0;0;0.196078431;0;0;0;0;0;0;0;0;0;0;0;0;0;0;0;0;0;0;0;0;0;0.970873786;0;0;0;0;0;18.00643087;26.93409742;0;0;0;0;0;0;0;0;0;0;0;0;33.76623377;5.204460967;0;;;;;;;;
48;3781;58.05168986;9.741550696;28.2306163;1.391650099;0.198807157;0;0;0;0;0;0.397614314;0.596421471;0;0;0;0;0.397614314;0;0;0;0;0.198807157;0;0;0;0.198807157;0;0;0;0;0;0;0;0;0;0;0.596421471;0;0.984251969;0.592885375;0;0;0;0;15.31986532;26.88953488;0;0;0;0;0;0;0;0;0;0;0;0;30.04172462;4.914933837;0;;;;;;;;
48.5;3825.5;59.04572565;10.73558648;29.22465209;0.596421471;0;0;0;0;0;0;0;0.198807157;0;0;0;0;0.198807157;0;0;0;0;0;0;0;0;0;0;0;0;0;0;0;0;0;0;0;0;0;0.788954635;0.198412698;0;0;0;0;16.99669967;27.20694645;0;0;0;0;0;0;0;0;0;0;0;0;31.00137174;5.27306968;0;;;;;;;;
49;3868;58.92857143;14.68253968;24.20634921;0.595238095;0.198412698;0;0;0;0;0;0.198412698;0.198412698;0;0;0;0;0.595238095;0;0;0;0;0;0;0;0.198412698;0;0;0;0;0;0;0;0;0;0.198412698;0;0;0;1.176470588;0.198019802;0;0;0;0;15.71906355;26.09970674;0;0;0;0;0;0;0;0;0;0;0;0;31.52173913;7.011070111;0;;;;;;;;
49.5;3911;62.37816764;12.47563353;22.61208577;0.974658869;0;0;0;0;0;0;0.194931774;0.389863548;0;0;0;0;0;0;0;0.389863548;0;0.194931774;0;0;0;0;0;0;0;0;0;0;0;0;0;0;0.389863548;0;0.581395349;0;0;0;0;0;18.18181818;27.02702703;0;0;0;0;0;0;0;0;0;0;0;0;36.58838072;6.215722121;0;;;;;;;;
50;3956;56.32411067;11.06719368;30.43478261;1.185770751;0;0;0;0;0;0;0;0.592885375;0;0;0;0;0;0;0;0;0;0.197628458;0;0;0;0.197628458;0;0;0;0;0;0;0;0;0;0;0;0;0.784313725;0;0;0;0;0;18.91025641;26.77279305;0;0;0;0;0;0;0;0;0;0;0;0;29.32960894;5.597014925;0;;;;;;;;
50.5;4000;53.17460317;13.0952381;32.93650794;0.396825397;0;0;0;0;0;0;0;0.396825397;0;0;0;0;0;0;0;0;0;0;0;0;0;0;0;0;0;0;0;0;0;0;0;0;0;0;0.395256917;0;0;0;0;0;20.25316456;25.99118943;0;0;0;0;0;0;0;0;0;0;0;0;29.01408451;5.970149254;0;;;;;;;;
51;4045;55.51181102;11.41732283;32.08661417;0.787401575;0;0;0;0;0;0;0;0.196850394;0;0;0;0;0;0;0;0;0;0;0;0;0;0;0;0;0;0;0;0;0;0;0;0;0;0;0.78125;0.392156863;0;0;0;0;19.87381703;26.48335745;0;0;0;0;0;0;0;0;0;0;0;0;28.45070423;5.925925926;0;;;;;;;;
51.5;4088.5;55.47169811;9.811320755;32.83018868;1.320754717;0;0;0;0;0;0;0;0.377358491;0;0;0;0;0.188679245;0;0;0;0;0;0;0;0;0;0;0;0;0;0;0;0;0;0;0;0;0;0.74906367;0;0;0;0;0;20.89552239;26.28650904;0;0;0;0;0;0;0;0;0;0;0;0;27.39726027;5.357142857;0;;;;;;;;
52;4132.5;56.09284333;12.37911025;28.62669246;1.934235977;0.193423598;0;0;0;0;0;0.193423598;0.193423598;0;0;0;0;0;0;0;0.193423598;0.193423598;0;0;0;0;0;0;0;0;0;0;0;0;0;0;0;0;0;0.193050193;0.385356455;0;0;0;0;19.09233177;26.35327635;0;0;0;0;0;0;0;0;0;0;0;0;27.89400279;6.170598911;0;;;;;;;;
52.5;4176.5;55.95238095;12.8968254;29.76190476;1.19047619;0;0;0;0;0;0;0;0;0;0;0;0;0;0;0;0;0;0;0;0;0;0;0;0;0;0;0;0;0;0;0;0;0.198412698;0;0.395256917;0;0;0;0;0;15.85976628;27.06222865;0;0;0;0;0;0;0;0;0;0;0;0;28.40909091;5.970149254;0;;;;;;;;
53;4221;60.1532567;10.53639847;28.35249042;0.383141762;0;0;0;0;0;0;0;0.191570881;0;0;0;0;0.191570881;0;0;0;0;0;0;0;0;0;0;0;0;0;0;0;0;0;0;0;0.191570881;0;0.191204589;0.191204589;0;0;0;0;12.85475793;25.85227273;0;0;0;0;0;0;0;0;0;0;0;0;27.70083102;5.434782609;0;;;;;;;;
53.5;4265;59.88142292;9.090909091;28.85375494;1.581027668;0;0;0;0;0;0;0;0.197628458;0;0;0;0;0.197628458;0;0;0;0;0;0;0;0;0;0;0;0;0;0;0;0;0;0;0;0.197628458;0;0.589390963;0.197238659;0;0;0;0;16.77631579;26.13138686;0;0;0;0;0;0;0;0;0;0;0;0;31.62162162;5.597014925;0;;;;;;;;
54;4311;58.1920904;11.67608286;27.87193974;1.31826742;0;0;0;0;0;0;0;0.376647834;0;0;0;0;0.188323917;0;0;0;0;0;0;0;0;0;0;0;0;0;0;0;0;0;0;0;0.376647834;0;0.561797753;0.187969925;0;0;0;0;14.49275362;25.73426573;0;0;0;0;0;0;0;0;0;0;0;0;27.5579809;6.017699115;0;;;;;;;;
54.5;4365;57.25338491;14.70019342;26.49903288;0.967117988;0;0;0;0;0;0;0;0;0;0;0;0;0.193423598;0;0;0;0;0;0;0;0;0;0;0;0;0;0;0;0;0;0;0;0.386847195;0;0.576923077;0.193050193;0;0;0;0;16.07142857;26.35327635;0;0;0;0;0;0;0;0;0;0;0;0;27.89400279;7.513416816;0;;;;;;;;
55;4425;59.40594059;11.88118812;27.72277228;0.99009901;0;0;0;0;0;0;0;0;0;0;0;0;0;0;0;0;0;0;0;0;0;0;0;0;0;0;0;0;0;0;0;0;0;0;0.785854617;0.197628458;0;0;0;0;15.12605042;26.16959064;0;0;0;0;0;0;0;0;0;0;0;0;28.77291961;5.959031657;0;;;;;;;;
55.5;4471;57.11500975;12.86549708;28.07017544;1.169590643;0;0;0;0;0;0;0;0.194931774;0;0;0;0;0.194931774;0;0;0;0;0;0;0;0;0;0;0;0;0;0;0;0;0;0;0;0.389863548;0;1.156069364;0.194552529;0;0;0;0;17.92;26.50429799;0;0;0;0;0;0;0;0;0;0;0;0;29.04564315;6.215722121;0;;;;;;;;
56;4515.5;57.41811175;9.055876686;30.82851638;1.541425819;0.385356455;0;0;0;0;0;0;0.192678227;0;0;0;0;0.192678227;0;0;0;0;0;0;0;0;0.192678227;0;0;0;0;0;0;0;0;0;0;0.192678227;0;0.383877159;0.383877159;0;0;0;0;16.55948553;26.27840909;0;0;0;0;0;0;0;0;0;0;0;0;30.89214381;5.118829982;0;;;;;;;;
56.5;4558;53.37186898;14.45086705;29.86512524;1.541425819;0.192678227;0;0;0;0;0;0;0.192678227;0;0;0;0;0.192678227;0;0;0;0;0;0;0;0;0;0;0;0;0;0;0;0;0;0;0;0.192678227;0;0.764818356;0.383877159;0;0;0;0;16.96;27.10674157;0;0;0;0;0;0;0;0;0;0;0;0;29.00136799;6.822262118;0;;;;;;;;
57;4601.5;53.06930693;14.05940594;30.4950495;1.188118812;0.198019802;0;0.198019802;0;0;0;0;0.198019802;0.198019802;0;0;0;0.198019802;0;0;0;0;0;0;0.198019802;0;0;0;0;0;0;0;0;0;0;0;0;0;0.197628458;0.394477318;0;0;0;0;0;13.9693356;26.7053701;0;0;0;0;0;0;0;0;0;0;0;0;26.27737226;6.307977737;0;;;;;;;;
57.5;4643;57.33855186;12.32876712;26.61448141;1.761252446;0.587084149;0;0;0;0;0;0.195694716;0.587084149;0;0;0;0;0.195694716;0;0;0;0;0;0;0.195694716;0;0;0;0;0;0;0;0;0;0;0;0;0.195694716;0;0.389863548;0.1953125;0;0;0;0;16.50326797;26.36887608;0;0;0;0;0;0;0;0;0;0;0;0;30.28649386;5.893186004;0;;;;;;;;
58;4684;91.28919861;4.529616725;1.742160279;1.045296167;0;0;0;0;0;0;0.348432056;0.696864111;0;0;0;0;0.348432056;0;0;0;0;0;0;0;0;0;0;0;0;0;0;0;0;0;0;0;0;0.347222222;1.034482759;0;0;0;0;0;22.43243243;38.41201717;0;0;0;0;0;0;0;0;0;0;0;0;40.57971014;8.306709265;0;;;;;;;;
58.5;4728;53.93258427;10.11235955;32.9588015;0.74906367;0.374531835;0;0;0;0;0;0.374531835;0.561797753;0;0;0;0;0.561797753;0;0;0;0;0.187265918;0;0;0;0;0;0;0;0;0;0;0;0;0;0;0.187265918;0.186915888;0.373134328;0.373134328;0;0;0;0;14.14790997;24.78873239;0;0;0;0;0;0;0;0;0;0;0;0;27.44565217;4.982206406;0;;;;;;;;
59;4770;53.69649805;12.6459144;32.10116732;0.389105058;0.389105058;0;0;0;0;0;0;0;0;0;0;0;0.194552529;0;0;0;0;0.194552529;0;0;0;0;0;0;0;0;0;0;0;0;0;0;0.389105058;0;1.343570058;0;0;0;0;0;14.47587354;25.82972583;0;0;0;0;0;0;0;0;0;0;0;0;28.2122905;6.204379562;0;;;;;;;;
59.5;4812;52.89719626;9.906542056;35.70093458;0.560747664;0.186915888;0;0;0;0;0;0;0.373831776;0;0;0;0;0;0;0;0;0;0;0;0;0;0;0;0;0;0;0;0;0;0;0;0;0.373831776;0;0;0;0;0;0;0;14.26282051;25.69444444;0;0;0;0;0;0;0;0;0;0;0;0;25.59109875;5.643738977;0;;;;;;;;
60;4856.5;55.24752475;11.68316832;31.48514851;1.188118812;0;0;0;0;0;0;0;0;0;0;0;0;0;0;0;0;0.198019802;0;0;0;0;0;0;0;0;0;0;0;0;0;0.198019802;0;0;0;0.590551181;0.197628458;0;0;0;0;14.2614601;25.29585799;0;0;0;0;0;0;0;0;0;0;0;0;28.36879433;6.307977737;0;;;;;;;;
60.5;4901;51.953125;11.71875;33.203125;1.953125;0.390625;0;0;0;0;0;0;0;0.1953125;0;0;0;0.1953125;0;0;0;0;0;0;0;0;0;0;0;0;0;0;0;0;0;0;0;0.390625;0;0.582524272;0.389105058;0;0;0;0;14.95016611;26.22478386;0;0;0;0;0;0;0;0;0;0;0;0;26.64756447;6.227106227;0;;;;;;;;
61;4944;56.1023622;12.99212598;29.13385827;1.181102362;0.196850394;0;0;0;0;0;0;0;0;0;0;0;0.196850394;0;0;0;0;0;0;0;0;0;0;0;0;0;0;0;0;0;0;0;0.196850394;0;0.196463654;0;0;0;0;0;14.47811448;27.11621234;0;0;0;0;0;0;0;0;0;0;0;0.196463654;24.85207101;5.576208178;0;;;;;;;;
61.5;4985;51.17647059;10.39215686;36.2745098;1.37254902;0.392156863;0;0;0;0;0;0;0.392156863;0;0;0;0;0;0;0;0;0;0;0;0;0;0;0;0;0;0;0;0;0;0;0;0;0;0;0.390625;0.390625;0;0;0;0;15;25.9796807;0;0;0;0;0;0;0;0;0;0;0;0;25.87209302;5.904059041;0;;;;;;;;
62;5029;54.79452055;10.95890411;32.4853229;1.56555773;0;0;0;0;0;0;0;0;0;0;0;0;0;0;0;0;0;0;0;0;0;0;0;0;0;0;0;0;0;0;0;0;0.195694716;0;0.583657588;0.1953125;0;0;0;0;16.2295082;25.72674419;0;0;0;0;0;0;0;0;0;0;0;0;28.12939522;6.581352834;0;;;;;;;;
62.5;5068.5;57.72200772;10.81081081;28.57142857;1.351351351;0.772200772;0;0;0;0;0;0;0.386100386;0;0;0;0;0.193050193;0;0;0;0;0;0;0;0;0;0;0;0;0;0;0;0;0;0;0;0.193050193;0.192678227;0.766283525;0.192678227;0;0;0;0;18.03797468;26.31578947;0;0;0;0;0;0;0;0;0;0;0;0;30.56300268;6.15942029;0;;;;;;;;
63;5113.5;54.77582846;9.746588694;33.33333333;0.974658869;0.194931774;0;0;0;0;0;0.194931774;0.779727096;0;0;0;0;0;0;0;0;0;0;0;0;0;0;0;0;0;0;0;0;0;0;0;0;0;0;1.346153846;0.388349515;0;0;0;0;18.57142857;26.71428571;0;0;0;0;0;0;0;0;0;0;0;0;27.84810127;5.524861878;0;;;;;;;;
63.5;5158;55.66600398;11.33200795;31.21272366;0.795228628;0.596421471;0;0;0;0;0;0;0.198807157;0;0;0;0;0;0;0;0;0;0;0;0;0;0;0;0;0;0;0;0;0;0;0;0;0.198807157;0.198412698;0.198412698;0.198412698;0;0;0;0;14.31005111;26.99564586;0;0;0;0;0;0;0;0;0;0;0;0;27.62589928;5.981308411;0;;;;;;;;
64;5202;53.6;10.4;34.6;0.6;0.2;0;0;0;0;0;0.2;0;0;0;0;0;0.4;0;0;0;0;0;0;0;0;0;0;0;0;0;0;0;0;0;0;0;0;0.199600798;0.398406375;0.199600798;0;0;0;0;17.08126036;26.79355783;0;0;0;0;0;0;0;0;0;0;0;0;25.37313433;5.660377358;0;;;;;;;;
64.5;5245.5;51.16731518;9.922178988;35.79766537;1.556420233;0.583657588;0;0;0;0;0;0.389105058;0.194552529;0;0;0;0;0.194552529;0;0;0;0;0;0;0;0;0;0;0;0;0;0;0;0;0;0;0;0.194552529;0;0.580270793;0.387596899;0;0;0;0;9.982486865;24.30044183;0;0;0;0;0;0;0;0;0;0;0;0;25.29069767;5.514705882;0;;;;;;;;
65;5290.5;51.65048544;10.29126214;36.31067961;0.776699029;0.582524272;0;0;0;0;0;0;0;0;0;0;0;0;0;0;0;0;0;0;0;0;0.194174757;0;0;0;0;0;0;0;0;0.194174757;0;0;0;0.770712909;0;0;0;0;0;10.74523397;23.59050445;0;0;0;0;0;0;0;0;0;0;0;0;26.11190818;5.850091408;0;;;;;;;;
65.5;5329;53.05719921;8.678500986;34.51676529;1.380670611;0.591715976;0;0;0;0;0;0;0.197238659;0;0;0;0;0.591715976;0;0;0;0;0.197238659;0;0.197238659;0;0;0;0;0;0;0;0;0;0;0;0;0.591715976;0;0.782778865;0;0;0;0;0;14.64646465;26.94524496;0;0;0;0;0;0;0;0;0;0;0;0;28.08510638;4.87804878;0;;;;;;;;
66;5372;51.92307692;8.269230769;37.30769231;1.346153846;0.384615385;0;0;0;0;0;0;0.576923077;0;0;0;0;0;0;0;0;0;0.192307692;0;0;0;0;0;0;0;0;0;0;0;0;0;0;0;0;0;0;0;0;0;0;16.93290735;26.13636364;0;0;0;0;0;0;0;0;0;0;0;0;25.28735632;4.411764706;0;;;;;;;;
66.5;5416.5;54.80225989;9.792843691;32.9566855;1.31826742;0.188323917;0;0;0;0;0;0;0.376647834;0;0;0;0;0.376647834;0;0;0;0;0;0;0;0;0;0;0;0;0;0;0;0;0;0;0;0.188323917;0;0.187969925;0.561797753;0;0;0;0;16.90140845;25.21126761;0;0;0;0;0;0;0;0;0.187969925;0;0;0;27.16049383;5.347593583;0;;;;;;;;
67;5457.5;56.03960396;9.702970297;31.28712871;1.98019802;0.198019802;0;0;0;0;0;0;0.198019802;0;0;0;0;0;0;0;0;0;0;0;0;0;0.198019802;0;0;0;0;0.198019802;0;0;0;0;0;0.198019802;0;0;0.197628458;0;0;0;0;15.41038526;26.06149341;0;0;0;0;0;0;0;0;0;0;0;0;27.96005706;5.253283302;0;;;;;;;;
67.5;5502.5;54.01174168;9.39334638;35.22504892;0.782778865;0;0;0;0;0;0;0;0.391389432;0;0;0;0;0.195694716;0;0;0;0;0;0;0;0;0;0;0;0;0;0;0;0;0;0;0;0;0.1953125;0.583657588;0.1953125;0;0;0;0;15.25704809;26.36887608;0;0;0;0;0;0;0;0;0;0;0;0;25.83454282;5.194805195;0;;;;;;;;
68;5546;58.62745098;8.431372549;29.41176471;1.568627451;0.588235294;0;0;0;0;0;0;0;0;0;0;0;0.784313725;0;0;0;0;0;0;0;0;0;0;0;0;0;0;0;0;0;0;0;0.588235294;0;0.195694716;0.584795322;0;0;0;0;13.70558376;26.19392185;0;0;0;0;0;0;0;0;0.390625;0;0;0;30.32786885;4.494382022;0;;;;;;;;
68.5;5589;54.92125984;9.05511811;32.48031496;3.149606299;0;0;0;0;0;0;0;0.196850394;0;0;0;0;0.196850394;0;0;0;0;0;0;0;0;0;0;0;0;0;0;0;0;0;0;0;0;0;0.392156863;0.392156863;0;0;0;0;11.34380454;26.48335745;0;0;0;0;0;0;0;0;0;0;0;0;23.95209581;4.868913858;0;;;;;;;;
69;5634.5;53.35968379;9.881422925;34.7826087;1.778656126;0;0;0;0;0;0;0.197628458;0;0;0;0;0;0;0;0;0;0;0;0;0;0;0;0;0;0;0;0;0;0;0;0;0;0;0;0.393700787;0.393700787;0;0;0;0;12.15277778;25.25849335;0;0;0;0;0;0;0;0;0;0;0;0;23.79518072;5.243445693;0;;;;;;;;
69.5;5679;54.73887814;9.090909091;33.655706;1.740812379;0.386847195;0;0;0;0;0;0;0;0;0;0;0;0.386847195;0;0;0;0;0;0;0;0;0;0;0;0;0;0;0;0;0;0;0;0;0;0.193050193;0.193050193;0;0;0;0;16.47819063;25.28901734;0;0;0;0;0;0;0;0;0;0;0;0;25.61151079;4.788213628;0;;;;;;;;
70;5720;54.2;8.6;35;1.8;0.2;0;0;0;0;0;0;0.2;0;0;0;0;0;0;0;0;0;0;0;0;0;0;0;0;0;0;0;0;0;0;0;0;0;0;0.199600798;0.199600798;0;0;0;0;10.39426523;25.70579495;0;0;0;0;0;0;0;0;0;0;0;0;23.31288344;4.580152672;0;;;;;;;;
70.5;5762.5;56.74603175;7.738095238;31.34920635;3.76984127;0.198412698;0;0;0;0;0;0.198412698;0;0;0;0;0;0;0;0;0;0;0;0;0;0;0;0;0;0;0;0;0;0;0;0;0;0;0;0.591715976;0.591715976;0;0;0;0;13.69863014;26.31578947;0;0;0;0;0;0;0;0;0;0;0;0;26.09970674;4.182509506;0;;;;;;;;
71;5803;53.187251;7.96812749;36.25498008;1.593625498;0.398406375;0;0;0;0;0;0;0.398406375;0;0;0;0;0;0;0;0;0;0;0;0;0;0;0;0;0;0;0;0;0;0;0;0;0.199203187;0;0.198807157;0.396825397;0;0;0;0;13.74570447;25.8493353;0;0;0;0;0;0;0;0;0;0;0;0;26.17647059;4.562737643;0;;;;;;;;
71.5;5846;53.22896282;7.240704501;37.76908023;1.369863014;0;0;0;0;0;0;0;0;0;0;0;0;0;0;0;0;0;0;0;0;0;0;0;0;0;0;0;0;0;0;0;0;0.391389432;0;0;0.1953125;0;0;0;0;20.7751938;26.47482014;0;0;0;0;0;0;0;0;0;0;0;0;26.89556509;3.766478343;0;;;;;;;;
72;5891;54.92125984;6.496062992;35.82677165;2.362204724;0.196850394;0;0;0;0;0;0;0;0;0;0;0;0;0;0;0;0;0;0;0;0;0;0;0;0;0;0;0;0;0;0;0;0.196850394;0;0.587084149;0.196463654;0;0;0;0;14.47811448;26.26995646;0;0;0;0;0;0;0;0;0;0;0;0;24.85207101;3.422053232;0;;;;;;;;
72.5;5936;52.07100592;5.719921105;39.64497041;1.972386588;0;0;0;0;0;0;0;0.197238659;0;0;0;0;0.197238659;0;0;0;0;0.197238659;0;0;0;0;0;0;0;0;0;0;0;0;0;0;0;0;0.392927308;0.392927308;0;0;0;0;11.82608696;26.83982684;0;0;0;0;0;0;0;0;0;0;0;0;24.66567608;3.059273423;0;;;;;;;;
73;5979;54.05940594;6.534653465;37.62376238;1.584158416;0;0;0;0;0;0;0;0;0;0;0;0;0;0;0;0;0;0.198019802;0;0;0;0;0;0;0;0;0;0;0;0;0;0;0;0;0;0;0;0;0;0;18.41680129;26.8115942;0;0;0;0;0;0;0;0;0;0;0;0;28.57142857;3.4416826;0;;;;;;;;
73.5;6023;56.12648221;5.731225296;36.56126482;0.988142292;0;0;0;0;0;0;0.197628458;0.197628458;0;0;0;0;0.197628458;0;0;0;0;0;0;0;0;0;0;0;0;0;0;0;0;0;0;0;0;0;0.197238659;0.197238659;0;0;0;0;13.5042735;27.08933718;0;0;0;0;0;0;0;0;0;0;0;0;27.92022792;3.0651341;0;;;;;;;;
74;6066.5;58.61386139;5.346534653;33.66336634;1.188118812;0.198019802;0;0;0;0;0;0;0.792079208;0;0;0;0;0;0;0;0;0;0;0;0;0;0;0;0;0;0;0;0;0;0;0;0;0.198019802;0;0.394477318;0.197628458;0;0;0;0;13.52739726;26.59883721;0;0;0;0;0;0;0;0;0;0;0;0;26.7053701;2.697495183;0;;;;;;;;
74.5;6110;57.53968254;4.761904762;35.51587302;1.587301587;0.198412698;0;0;0;0;0;0;0.396825397;0;0;0;0;0;0;0;0;0;0;0;0;0;0;0;0;0;0;0;0;0;0;0;0;0;0;0.198019802;0.198019802;0;0;0;0;16.83168317;27.48201439;0;0;0;0;0;0;0;0;0;0;0;0;29.21348315;2.325581395;0;;;;;;;;
75;6153;54.63320463;4.247104247;38.03088803;2.895752896;0;0;0;0;0;0;0;0.193050193;0;0;0;0;0;0;0;0;0;0;0;0;0;0;0;0;0;0;0;0;0;0;0;0;0;0;0.575815739;0.384615385;0;0;0;0;17.12;27.04225352;0;0;0;0;0;0;0;0;0;0;0;0;25.14450867;2.264150943;0;;;;;;;;
75.5;6196;57.08582834;4.191616766;36.32734531;1.996007984;0.199600798;0;0;0;0;0;0;0;0;0;0;0;0.199600798;0;0;0;0;0;0;0;0;0;0;0;0;0;0;0;0;0;0;0;0;0;0.199203187;0;0;0;0;0;16.08040201;27.07423581;0;0;0;0;0;0;0;0;0;0;0;0;27.91366906;2.339181287;0;;;;;;;;
76;6238;56.97211155;3.187250996;36.05577689;3.386454183;0.199203187;0;0;0;0;0;0;0.199203187;0;0;0;0;0;0;0;0;0;0;0;0;0;0;0;0;0;0;0;0;0;0;0;0;0;0;0.198807157;0.198807157;0;0;0;0;17.70491803;27.35166425;0;0;0;0;0;0;0;0;0;0;0;0;26.82215743;1.568627451;0;;;;;;;;
76.5;6285;55.77689243;3.784860558;37.4501992;2.988047809;0;0;0;0;0;0;0;0;0;0;0;0;0;0;0;0;0;0;0;0;0;0;0;0;0;0;0;0;0;0;0;0;0;0;0.198807157;0.198807157;0;0;0;0;17.02479339;27.76978417;0;0;0;0;0;0;0;0;0;0;0;0;24.8502994;1.953125;0;;;;;;;;
77;6326;55.77689243;2.988047809;38.04780876;2.589641434;0.398406375;0;0;0;0;0;0;0;0;0;0;0;0;0;0;0;0;0;0;0;0;0;0;0;0;0;0;0;0;0;0;0;0.199203187;0;0.594059406;0.198807157;0;0;0;0;13.74570447;25.8493353;0;0;0;0;0;0;0;0;0;0;0;0;26.39296188;1.568627451;0;;;;;;;;
77.5;6369;56.08782435;2.195608782;38.92215569;2.594810379;0;0;0;0;0;0;0;0;0;0;0;0;0.199600798;0;0;0;0;0;0;0;0;0;0;0;0;0;0;0;0;0;0;0;0;0;0.199203187;0;0;0;0;0;19.45337621;27.70562771;0;0;0;0;0;0;0;0;0;0;0;0;27.70562771;0.792079208;0;;;;;;;;
78;6416.5;55.62130178;1.775147929;37.27810651;3.944773176;0.591715976;0;0.197238659;0;0;0;0.197238659;0;0;0.197238659;0;0;0;0;0;0;0;0;0;0;0;0;0;0;0;0;0;0;0;0;0;0;0.197238659;0;0.9765625;0.588235294;0;0;0;0;14.78991597;25.87719298;0;0;0;0;0;0;0;0;0;0;0;0;27.05035971;0.782778865;0;;;;;;;;
78.5;6459.5;53.89105058;0.972762646;40.46692607;4.085603113;0.194552529;0;0;0;0;0;0.194552529;0;0.194552529;0;0;0;0;0;0;0;0;0;0;0;0;0;0;0;0;0;0;0;0;0;0;0;0;0;0.194174757;0;0;0;0;0;15.04132231;27.09219858;0;0;0;0;0;0;0;0;0;0;0;0;28.01120448;0;0;;;;;;;;
79;6504;57.73809524;0.396825397;37.3015873;3.174603175;0.396825397;0;0;0;0;0;0;0.595238095;0;0;0;0;0;0;0;0;0;0.198412698;0;0;0;0;0;0;0;0;0;0;0;0;0;0;0.198412698;0;0.591715976;0;0;0;0;0;16.55629139;27.06222865;0;0;0;0;0;0;0;0;0;0;0;0;26.53061224;0;0;;;;;;;;
79.5;6547;59.68379447;0.395256917;36.95652174;2.371541502;0.395256917;0;0;0;0;0;0;0.197628458;0;0;0;0;0;0;0;0;0;0;0;0;0;0;0;0;0;0;0;0;0;0;0;0;0;0;0.393700787;0.197238659;0;0;0;0;16.63920923;26.56023222;0;0;0;0;0;0;0;0;0;0;0;0;28.3286119;0;0;;;;;;;;
80;6592;57.44680851;0.193423598;39.45841393;2.127659574;0;0;0.193423598;0;0;0;0.193423598;0.193423598;0;0;0;0;0.193423598;0;0;0;0;0;0;0;0;0;0;0;0;0;0;0;0;0;0;0;0;0;0.193050193;0;0;0;0;0;15.93495935;25.93123209;0;0;0;0;0;0;0;0;0;0;0;0;27.48948107;0;0;;;;;;;;
80.5;6637;56.84007707;0.192678227;37.76493256;3.275529865;0.192678227;0;0.192678227;0;0;0;0.385356455;0;0;0;0;0;0.578034682;0;0;0;0;0;0;0;0;0;0;0;0;0;0;0;0;0;0;0;0.578034682;0;0.192307692;0.383877159;0;0;0;0;15.19607843;25.96291013;0;0;0;0;0;0;0;0;0;0;0;0;26.59123055;0;0;;;;;;;;
81;6669;56.54761905;0;40.87301587;1.984126984;0;0;0;0;0;0;0;0;0;0.198412698;0;0;0;0;0;0;0;0;0;0;0;0;0;0;0;0;0;0;0;0;0;0;0.396825397;0.198019802;0.198019802;0.787401575;0;0;0;0;13.99317406;26.31578947;0;0;0;0;0;0;0;0;0;0;0;0;26.95652174;0;0;;;;;;;;
81.5;6694;61.43410853;0;34.88372093;2.713178295;0.387596899;0;0;0;0;0;0;0.19379845;0;0;0;0;0.19379845;0;0;0.19379845;0;0;0;0;0;0;0;0;0;0;0;0;0;0;0;0;0;0;0.193423598;0.193423598;0;0;0;0;14.56953642;26.70454545;0;0;0;0;0;0;0;0;0;0;0;0;26.9121813;0;0;;;;;;;;
82;6717.5;56.1752988;0;40.43824701;2.788844622;0.398406375;0;0;0;0;0;0;0;0;0;0;0;0;0;0;0;0;0;0;0;0;0;0;0;0;0;0;0;0;0;0;0;0.199203187;0.198807157;0.198807157;0.396825397;0;0;0;0;14.04109589;24.28355958;0;0;0;0;0;0;0;0;0;0;0;0;26.82215743;0;0;;;;;;;;
82.5;6738;59.96055227;0.197238659;34.71400394;4.142011834;0.197238659;0;0;0;0;0;0;0;0;0;0;0;0;0;0;0;0;0.197238659;0;0;0;0;0;0;0;0;0;0;0;0;0;0;0.591715976;0;0.196850394;0.588235294;0;0;0;0;15.35893155;26.30813953;0;0;0;0;0;0;0;0;0;0;0;0;26.20087336;0;0;;;;;;;;
83;6758;58.96414343;0;36.25498008;3.984063745;0.199203187;0;0.199203187;0;0;0;0;0;0;0;0;0;0.199203187;0;0;0;0;0;0;0;0;0;0;0;0;0;0;0;0;0;0;0;0.199203187;0;0;0.198807157;0;0;0;0;11.77504394;26.50073206;0;0;0;0;0;0;0;0;0;0;0;0;27.66570605;0;0;;;;;;;;
83.5;6777;58.30188679;0.188679245;36.22641509;3.20754717;0.566037736;0;0.188679245;0;0;0;0;0.188679245;0.188679245;0;0;0;0.188679245;0;0;0.188679245;0;0.188679245;0;0;0;0;0;0;0;0;0;0;0;0;0;0;0.377358491;0;0.188323917;0;0;0;0;0;13.53996737;24.5014245;0;0;0;0;0;0;0;0;0;0;0;0;26.59279778;0;0;;;;;;;;
84;6793.5;56.34920635;0;39.68253968;3.174603175;0.396825397;0;0;0;0;0;0;0.198412698;0;0;0;0;0;0;0;0;0;0;0;0;0;0;0;0;0;0;0;0;0;0;0;0;0.198412698;0;0.198019802;0.198019802;0;0;0;0;11.57894737;25.88235294;0;0;0;0;0;0;0;0;0;0;0;0;26.31578947;0;0;;;;;;;;
84.5;6812;59.30232558;0;35.27131783;3.294573643;0.387596899;0;0;0;0;0;0;0.387596899;0;0;0;0;0.387596899;0;0;0;0;0;0;0.19379845;0;0;0;0;0;0;0;0;0;0;0;0;0.775193798;0;0;0;0;0;0;0;14.7107438;25.86206897;0;0;0;0;0;0;0;0;0;0;0;0;25;0;0;;;;;;;;
85;6831;54.85148515;0;39.6039604;4.158415842;0.198019802;0;0;0;0;0;0;0.198019802;0;0;0;0;0.198019802;0;0;0;0;0.198019802;0;0;0;0;0;0;0;0;0;0;0;0;0;0;0.594059406;0;0.197628458;0;0;0;0;0;18.81028939;26.59883721;0;0;0;0;0;0;0;0;0;0;0;0;26.49199418;0;0;;;;;;;;
85.5;6851;58.49802372;0;36.16600791;3.95256917;0.592885375;0;0;0;0;0;0.197628458;0.197628458;0;0;0;0;0;0;0;0;0;0;0;0;0;0;0;0;0;0;0;0;0;0;0;0;0.395256917;0;0;0.589390963;0;0;0;0;19.55484897;26.87861272;0;0;0;0;0;0;0;0;0;0;0;0;27.71428571;0;0;;;;;;;;
86;6869;56.56370656;0;39.18918919;3.861003861;0.193050193;0;0;0;0;0;0;0;0;0;0;0;0;0;0;0;0;0;0;0;0;0;0;0;0;0;0;0;0;0;0;0;0.193050193;0;0;0;0;0;0;0;13.81031614;26.31578947;0;0;0;0;0;0;0;0;0;0;0;0;21.98795181;0;0;;;;;;;;
86.5;6887;53.54330709;0.196850394;41.73228346;3.543307087;0.393700787;0;0;0;0;0;0;0;0;0;0;0;0.393700787;0;0;0.196850394;0;0;0;0;0;0;0;0;0;0;0;0;0;0;0;0;0;0;0.587084149;0.196463654;0;0;0;0;19.36507937;27.32474964;0;0;0;0;0;0;0;0;0;0;0;0;24.85207101;0;0;;;;;;;;
87;6906.5;55.13833992;0;39.92094862;3.754940711;0.395256917;0;0;0;0;0;0;0.197628458;0;0;0;0;0.197628458;0;0;0;0;0;0;0;0;0;0;0;0;0;0;0;0;0;0;0;0.395256917;0;0.197238659;0.393700787;0;0;0;0;14.23728814;27.1942446;0;0;0;0;0;0;0;0;0;0;0;0;25.14792899;0;0;;;;;;;;
87.5;6924;56.94444444;0;39.68253968;2.380952381;0.198412698;0;0;0;0;0;0.198412698;0.198412698;0;0;0;0;0;0;0;0;0;0.198412698;0;0;0;0;0;0;0;0;0;0;0;0;0;0;0.198412698;0.198019802;0.395256917;0;0;0;0;0.198019802;17.24137931;27.69010043;0;0;0;0;0;0;0;0;0;0;0;0;25.66371681;0;0;;;;;;;;
88;6943;58.12133072;0;38.16046967;2.935420744;0.587084149;0;0;0;0;0;0;0.195694716;0;0;0;0;0;0;0;0;0;0;0;0;0;0;0;0;0;0;0;0;0;0;0;0;0;0;0.389863548;0.1953125;0;0;0;0;15.95394737;26.15606936;0;0;0;0;0;0;0;0;0;0;0;0;26.68579627;0;0;;;;;;;;
88.5;6962;58.13492063;0;38.88888889;2.380952381;0;0;0;0;0;0;0;0;0;0;0;0;0.198412698;0;0;0.198412698;0;0;0;0;0.198412698;0;0;0;0;0;0;0;0;0;0;0;0;0;0.395256917;0.395256917;0;0;0;0;18.31442464;27.27272727;0;0;0;0;0;0;0;0;0;0;0;0;25.66371681;0;0;;;;;;;;
89;6980;54.77099237;0;41.98473282;2.480916031;0.190839695;0;0;0;0;0;0;0;0;0;0;0;0.381679389;0;0;0;0;0;0;0;0;0;0;0;0;0;0;0;0;0;0;0;0.190839695;0;0.19047619;0.569259962;0;0;0;0;13.53135314;25.88401697;0;0;0;0;0;0;0;0;0;0;0;0;23.16715543;0;0;;;;;;;;
89.5;6998;55.55555556;0;40.87301587;2.976190476;0.396825397;0;0;0;0;0;0;0.198412698;0;0;0;0;0;0;0;0;0;0;0;0;0;0;0;0;0;0;0;0;0;0;0;0;0;0;0.395256917;0.198019802;0;0;0;0;13.99317406;26.53061224;0;0;0;0;0;0;0;0;0;0;0;0;24.09638554;0;0;;;;;;;;
90;7016;56.2745098;0;40.78431373;2.352941176;0.196078431;0;0;0;0;0;0;0;0;0;0;0;0.196078431;0;0;0;0;0;0;0;0;0;0;0;0;0;0;0;0;0;0;0;0.196078431;0;0.390625;0.584795322;0;0;0;0;13.55932203;27.2467903;0;0;0;0;0;0;0;0;0;0;0;0;24.10714286;0;0;;;;;;;;
90.5;7037;57.08661417;0;39.37007874;2.362204724;0;0;0;0;0;0;0;0.393700787;0;0;0;0;0.196850394;0;0;0;0;0;0;0;0;0;0;0;0;0;0;0;0;0;0;0;0.590551181;0;0.392156863;0.196463654;0;0;0;0;16.99346405;26.80115274;0;0;0;0;0;0;0;0;0;0;0;0;24.4047619;0;0;;;;;;;;
91;7056;55.37848606;0.199203187;41.83266932;2.19123506;0;0;0;0;0;0;0;0;0;0;0;0;0;0;0;0;0;0.199203187;0;0;0.199203187;0;0;0;0;0;0;0;0;0;0;0;0;0;0.790513834;0;0;0;0;0;16.33333333;27.14078374;0;0;0;0;0;0;0;0;0;0;0;0;24.62462462;0;0;;;;;;;;
91.5;7075;55.33596838;0;41.50197628;2.173913043;0.197628458;0;0;0;0;0;0.197628458;0.197628458;0;0;0;0;0;0;0;0;0;0;0;0;0;0;0;0;0;0;0;0;0;0;0.197628458;0;0.197628458;0;0.393700787;0.589390963;0;0;0;0;16.50165017;26.56023222;0;0;0;0;0;0;0;0;0;0;0;0;24.02402402;0;0;;;;;;;;
92;7095;55.88235294;0;41.56862745;1.960784314;0.196078431;0;0;0;0;0;0;0.196078431;0;0;0;0;0;0;0;0;0.196078431;0;0;0;0;0;0;0;0;0;0;0;0;0;0;0;0;0;0;0.195694716;0;0;0;0;19.04761905;26.40692641;0;0;0;0;0;0;0;0;0;0;0;0;22.25609756;0;0;;;;;;;;
92.5;7115;54.97185741;0;40.90056285;2.626641651;0.375234522;0;0;0;0;0;0;0.375234522;0;0;0;0;0;0;0;0.187617261;0;0;0;0;0.187617261;0;0;0;0;0;0;0;0;0;0;0;0.375234522;0;0;0;0;0;0;0;14.17069243;25.45454545;0;0;0;0;0;0;0;0;0;0;0;0;20.56631893;0;0;;;;;;;;
93;7134;55.53359684;0;41.8972332;1.976284585;0.395256917;0;0;0;0;0;0;0;0;0;0;0;0;0;0;0;0.197628458;0;0;0;0;0;0;0;0;0;0;0;0;0;0;0;0;0;0.393700787;0.784313725;0;0;0;0;18.51851852;26.13138686;0;0;0;0;0;0;0;0;0;0;0;0;21.42857143;0;0;;;;;;;;
93.5;7152.5;62.57425743;0;34.85148515;1.98019802;0;0;0.198019802;0;0;0;0;0.198019802;0;0;0;0;0.198019802;0;0;0;0;0;0;0;0;0;0;0;0;0;0;0;0;0;0;0;0;0;0.394477318;0;0;0;0;0;15.12605042;26.7053701;0;0;0;0;0;0;0;0;0;0;0;0;21.70542636;0;0;;;;;;;;
94;7170;59.96015936;0;36.85258964;2.589641434;0.199203187;0;0;0;0;0;0;0;0;0;0;0;0.199203187;0;0;0;0;0;0;0;0;0;0;0;0;0;0;0;0;0;0;0;0.199203187;0;0.594059406;0.396825397;0;0;0;0;17.02479339;27.14078374;0;0;0;0;0;0;0;0;0;0;0;0;22.29102167;0;0;;;;;;;;
94.5;7190;64.41351889;0;33.7972167;1.590457256;0;0;0;0;0;0;0;0.198807157;0;0;0;0;0;0;0;0;0;0;0;0;0;0;0;0;0;0;0;0;0;0;0;0;0;0;0.592885375;0.396039604;0;0;0;0;16.44518272;27.10144928;0;0;0;0;0;0;0;0;0;0;0;0;23.67223065;0;0;;;;;;;;
95;7208;60.3515625;0;37.5;1.3671875;0;0;0;0;0;0;0.1953125;0;0;0;0;0;0;0;0;0;0;0;0;0;0;0.1953125;0;0;0;0;0;0;0;0;0;0;0.390625;0;0.194931774;0.582524272;0;0;0;0;16.33986928;26.22478386;0;0;0;0;0;0;0;0;0;0;0;0;21.23076923;0;0;;;;;;;;
95.5;7224;61.18811881;0;36.43564356;1.386138614;0;0;0.198019802;0;0;0;0;0;0;0;0;0;0.396039604;0;0;0;0;0;0;0;0;0;0;0;0;0;0;0;0;0;0;0;0.396039604;0;0.197628458;0.590551181;0;0;0;0;17.6182708;27.12842713;0;0;0;0;0;0;0;0;0;0;0;0;22.90076336;0;0;;;;;;;;
96;7244.5;57.84313725;0;40.78431373;0.980392157;0;0;0;0;0;0;0;0;0;0;0;0;0;0;0;0;0;0;0;0;0;0;0;0;0;0;0;0;0;0;0;0;0.392156863;0;0.390625;0.390625;0;0;0;0;17.87439614;27.2467903;0;0;0;0;0;0;0;0;0;0;0;0;22.25609756;0;0;;;;;;;;
96.5;7264;57.70750988;0;39.13043478;1.185770751;0.395256917;0;0.197628458;0;0;0;0;0.197628458;0;0;0;0;0;0;0;0.395256917;0;0;0;0.197628458;0;0;0;0;0;0;0.197628458;0;0;0;0.197628458;0;0.197628458;0;0.197238659;0.784313725;0;0;0;0;12.15277778;26.87861272;0;0;0;0;0;0;0;0;0;0;0;0;22.62996942;0;0;;;;;;;;
97;7283;58.26771654;0;39.17322835;1.57480315;0.393700787;0;0;0;0;0;0;0.196850394;0;0;0;0;0.393700787;0;0;0;0;0;0;0;0;0;0;0;0;0;0;0;0;0;0;0;0;0;0;0.392156863;0;0;0;0;16.44736842;26.6955267;0;0;0;0;0;0;0;0;0;0;0;0;23.72372372;0;0;;;;;;;;
97.5;7302;58.01980198;0.198019802;40.1980198;1.188118812;0;0;0;0;0;0;0;0.198019802;0;0;0;0;0;0;0;0;0;0;0;0;0.198019802;0;0;0;0;0;0;0;0;0;0;0;0;0;0.197628458;0.590551181;0;0;0;0;16.94078947;26.91751085;0;0;0;0;0;0;0;0;0;0;0;0;23.36874052;0;0;;;;;;;;
98;7319;59.2445328;0;37.77335984;1.391650099;0.994035785;0;0;0;0;0;0.198807157;0.198807157;0;0;0;0;0.198807157;0;0;0;0;0;0;0;0;0;0;0;0;0;0;0;0;0;0;0;0;0;0.198412698;0.788954635;0;0;0;0;19.6485623;27.72988506;0;0;0;0;0;0;0;0;0;0;0;0;22.25656878;0;0;;;;;;;;
98.5;7338.5;61.27744511;0;36.32734531;1.996007984;0.199600798;0;0;0;0;0;0;0;0;0;0;0;0.199600798;0;0;0;0;0;0;0;0;0;0;0;0;0;0;0;0;0;0;0;0;0;0.199203187;0.397614314;0;0;0;0;14.94057725;26.32352941;0;0;0;0;0;0;0;0;0;0;0;0;22.56568779;0;0;;;;;;;;
99;7357;58.47953216;0;39.76608187;0.974658869;0.389863548;0;0;0;0;0;0;0.194931774;0;0;0;0;0.194931774;0;0;0;0;0;0;0;0;0;0;0;0;0;0;0;0;0;0;0;0;0;0;0.965250965;0;0;0;0;13.34459459;26.71428571;0;0;0;0;0;0;0;0;0;0;0;0;21.43950995;0;0;;;;;;;;
99.5;7376.5;58.08383234;0;40.51896208;1.19760479;0.199600798;0;0;0;0;0;0;0;0;0;0;0;0;0;0;0;0;0;0;0;0;0;0;0;0;0;0;0;0;0;0;0;0;0.199203187;0.397614314;0.397614314;0;0;0;0;15.08474576;26.96793003;0;0;0;0;0;0;0;0;0;0;0;0;23.74429224;0;0;;;;;;;;
100;7394.5;60.19417476;0;37.66990291;1.165048544;0.388349515;0;0;0;0;0;0;0.388349515;0;0;0;0;0;0;0;0;0;0;0;0;0;0;0;0;0;0;0;0;0;0;0;0;0.194174757;0;0;0.770712909;0;0;0;0;17.6;26.63817664;0;0;0;0;0;0;0;0;0;0;0;0;20.40185471;0;0;;;;;;;;
100.5;7413;60.71428571;0;36.70634921;1.388888889;0.198412698;0;0.198412698;0;0;0;0.198412698;0.198412698;0;0;0;0;0.198412698;0;0;0;0;0;0;0;0;0;0;0;0;0;0;0;0;0;0.198412698;0;0;0;0;0.198019802;0;0;0;0;17.91530945;27.27272727;0;0;0;0;0;0;0;0;0;0;0;0;24.32432432;0;0;;;;;;;;
101;7430;64.08730159;0;34.92063492;0.793650794;0.198412698;0;0;0;0;0;0;0;0;0;0;0;0;0;0;0;0;0;0;0;0;0;0;0;0;0;0;0;0;0;0;0;0;0;0.198019802;0;0;0;0;0;18.31442464;27.16763006;0;0;0;0;0;0;0;0;0;0;0;0;21.0031348;0;0;;;;;;;;
101.5;7448.5;63.89413989;0;34.7826087;0.56710775;0.189035917;0;0;0;0;0;0;0;0;0;0;0;0.378071834;0;0;0;0;0;0;0;0;0;0;0;0;0;0;0;0;0;0;0;0.189035917;0.188679245;0.376647834;0.563909774;0;0;0;0;15.89825119;26.32311978;0;0;0;0;0;0;0;0;0;0;0;0;19.48249619;0;0;;;;;;;;
102;7468;60.99009901;0;38.21782178;0.396039604;0.198019802;0;0;0;0;0;0;0;0;0;0;0;0.198019802;0;0;0;0;0;0;0;0;0;0;0;0;0;0;0;0;0;0;0;0;0;0.197628458;0.394477318;0;0;0;0;17.21311475;25.84434655;0;0;0;0;0;0;0;0;0;0;0;0;21.46189736;0;0;;;;;;;;
102.5;7487.5;59.28853755;0;39.5256917;0.790513834;0.197628458;0;0;0;0;0;0;0;0;0;0;0;0.197628458;0;0;0;0;0;0;0;0;0;0;0;0;0;0;0;0;0;0;0;0;0;0.393700787;0.589390963;0;0;0;0;16.36363636;26.87861272;0;0;0;0;0;0;0;0;0;0;0;0;23.56495468;0;0;;;;;;;;
103;7506;57.25646123;0;39.3638171;1.590457256;0.994035785;0;0;0;0;0;0;0;0;0;0;0;0.795228628;0;0;0;0;0;0;0;0;0;0;0;0;0;0;0;0;0;0;0;0;0;0.592885375;0.984251969;0;0;0;0;15.60402685;27.10144928;0;0;0;0;0;0;0;0;0;0;0;0;24.36090226;0;0;;;;;;;;
103.5;7525;59.01960784;0;38.03921569;1.764705882;0.588235294;0;0;0;0;0;0;0.196078431;0;0;0;0;0.196078431;0;0;0;0;0;0;0;0;0;0;0;0;0;0;0;0;0;0;0;0.196078431;0;0.584795322;0.970873786;0;0;0;0;19.43127962;27.2467903;0;0;0;0;0;0;0;0;0;0;0.195694716;0;23.65269461;0;0;;;;;;;;
104;7543;60.7495069;0.197238659;36.29191321;1.775147929;0.197238659;0;0;0;0;0;0;0;0;0;0;0;0.394477318;0;0;0;0;0;0;0;0;0;0;0;0;0;0;0;0;0;0;0;0.394477318;0;0.196850394;0.588235294;0;0;0;0;15.92039801;26.62807525;0;0;0;0;0;0;0;0;0;0;0;0;23.988006;0;0;;;;;;;;
104.5;7559;57.50487329;0;38.59649123;1.754385965;0.194931774;0;0;0;0;0;0;0.194931774;0;0;0;0;1.169590643;0;0;0;0;0;0;0;0;0;0;0;0;0;0;0;0;0;0;0;0.584795322;0.194552529;0.194552529;1.156069364;0;0;0;0;18.95734597;27.43988685;0;0;0;0;0;0;0;0;0;0;0;0;23.54694486;0;0;;;;;;;;
105;7578;57.96812749;0;38.64541833;1.792828685;0.597609562;0;0;0;0;0;0;0;0;0;0;0;0.597609562;0;0;0;0;0.199203187;0;0;0;0;0;0;0;0;0;0;0;0;0;0;0.199203187;0.198807157;0;1.568627451;0;0;0;0;21.92846034;27.76978417;0;0;0;0;0;0;0;0;0;0;0;0;22.5308642;0;0;;;;;;;;
105.5;7596;55.70599613;0;41.3926499;1.547388781;0.193423598;0;0;0;0;0;0;0;0;0;0;0;0.773694391;0;0;0;0.193423598;0;0;0;0;0;0;0;0;0;0;0;0;0;0;0;0.193423598;0;0.193050193;0.767754319;0;0;0;0;18.71069182;25.93123209;0;0;0;0;0;0;0;0;0;0;0;0;22.2556391;0;0;;;;;;;;
106;7615;56.01577909;0;40.23668639;1.972386588;0.197238659;0;0;0;0;0;0.394477318;0.197238659;0;0;0;0;0.591715976;0;0;0;0.197238659;0;0;0.197238659;0;0;0;0;0;0;0;0;0;0;0;0;0;0.196850394;0.196850394;1.744186047;0;0;0;0;18.22580645;26.30813953;0;0;0;0;0;0;0;0;0;0;0;0;23.52941176;0;0;;;;;;;;
106.5;7635;57.17092338;0;40.07858546;1.37524558;0.392927308;0;0;0;0;0;0;0;0;0;0;0;0.392927308;0;0;0.196463654;0;0;0;0;0;0;0;0;0;0;0;0;0;0;0;0;0.392927308;0;0.196078431;1.547388781;0;0;0;0;19.5892575;26.76258993;0;0;0;0;0;0;0;0;0;0;0;0;23.68815592;0;0;;;;;;;;
107;7652;56.28742515;0;41.11776447;1.19760479;0.199600798;0;0;0;0;0;0;0.199600798;0;0;0;0;0.798403194;0;0;0;0;0;0;0;0;0;0;0;0;0;0;0;0;0;0;0;0.199600798;0;0.595238095;1.377952756;0;0;0;0;19.96805112;26.96793003;0;0;0;0;0;0;0;0;0;0;0;0;24.66165414;0;0;;;;;;;;
107.5;7669.5;53.86138614;0;43.76237624;1.584158416;0.198019802;0;0;0;0;0;0;0;0;0;0;0;0.594059406;0;0;0;0;0;0;0;0;0;0;0;0;0;0;0;0;0;0;0;0;0;0.197628458;1.3671875;0;0;0;0;12.17391304;27.02312139;0;0;0;0;0;0;0;0;0;0;0;0;24.06015038;0;0;;;;;;;;
108;7687.5;52.57936508;0;45.03968254;1.388888889;0;0;0;0;0;0;0.198412698;0;0;0;0;0;0.198412698;0;0;0;0.198412698;0.198412698;0;0;0;0;0;0;0;0;0;0;0;0;0.198412698;0;0;0;0.395256917;1.369863014;0;0;0;0;14.43123939;27.48201439;0;0;0;0;0;0;0;0;0;0;0;0;24.32432432;0;0;;;;;;;;
108.5;7706;44.77317554;0;52.85996055;1.57790927;0.197238659;0;0;0;0;0;0.197238659;0;0;0;0;0;0.197238659;0;0;0;0;0;0;0;0;0;0;0;0;0;0;0;0;0;0;0;0.197238659;0;0.196850394;1.553398058;0;0;0;0;14.50252951;26.94524496;0;0;0;0;0;0;0;0;0;0;0;0;20.40816327;0;0;;;;;;;;
109;7729.5;35.62992126;0;59.84251969;3.346456693;0.196850394;0;0;0;0;0;0.196850394;0.393700787;0;0;0;0;0.196850394;0;0;0;0;0;0;0;0;0;0;0;0;0;0;0;0;0;0;0;0.196850394;0;0;0.974658869;0;0;0;0;18.84984026;27.22063037;0;0;0;0;0;0;0;0;0;0;0;0;18.84984026;0;0;;;;;;;;
109.5;7781;36.41732283;0;59.4488189;2.165354331;0.196850394;0;0;0;0;0;0.196850394;0;0;0;0;0;1.377952756;0;0;0;0;0;0;0;0;0;0;0;0;0;0;0;0;0;0;0;0.196850394;0;0.196463654;1.550387597;0;0;0;0;20.12578616;27.11621234;0;0;0;0;0;0;0;0;0;0;0;0;17.53246753;0;0;;;;;;;;
110;7837;32.20675944;0;63.4194831;2.783300199;0.397614314;0;0;0;0;0;0;0.198807157;0;0;0;0;0.994035785;0;0;0;0;0;0;0;0;0;0;0;0;0;0;0;0;0;0;0;0;0;0.198412698;1.178781925;0;0;0;0;22.85276074;27.52161383;0;0;0;0;0;0;0;0;0;0;0;0;20.0317965;0;0;;;;;;;;
110.5;7890;20.85769981;0;74.46393762;1.949317739;0.389863548;0;0;0;0;0;0.194931774;0;0.194931774;0;0;0;1.754385965;0;0;0;0.194931774;0;0;0;0;0;0;0;0;0;0;0;0;0;0;0;0;0;0.194552529;1.724137931;0;0;0;0;19.0851735;26.81883024;0;0;0;0;0;0;0;0;0;0;0.194552529;0;12.30769231;0;0;;;;;;;;
111;7940;17.72908367;0;77.68924303;2.788844622;0.597609562;0;0;0;0;0;0;0.199203187;0;0;0;0;0.996015936;0;0;0;0;0;0;0;0;0;0;0;0;0;0;0;0;0;0;0;0;0;0.594059406;2.713178295;0;0;0;0;18.63857374;26.9286754;0;0;0;0;0;0;0;0;0;0;0;0;10.35714286;0;0;;;;;;;;
111.5;7991.5;16.30218688;0;79.72166998;2.186878728;0.198807157;0;0;0;0;0;0.397614314;0;0;0;0;0;0.994035785;0;0;0;0;0;0;0;0;0;0;0;0;0;0;0;0;0;0;0;0.198807157;0;0.198412698;2.895752896;0;0;0;0;14.89001692;26.56934307;0;0;0;0;0;0;0;0;0;0;0;0;9.694793537;0;0;;;;;;;;
112;8045;13.26923077;0;83.26923077;1.730769231;0.384615385;0;0;0;0;0;0.384615385;0;0;0;0;0;0.961538462;0;0;0;0;0;0;0;0;0;0;0;0;0;0;0;0;0;0;0;0;0;0.19193858;3.165735568;0;0;0;0;17.19745223;26.03129445;0;0;0;0;0;0;0;0;0;0;0;0;9.407665505;0;0;;;;;;;;
112.5;8098;13.51888668;0;82.90258449;1.988071571;0.397614314;0;0;0;0;0;0;0;0;0;0;0;0.994035785;0;0;0;0;0;0;0;0;0;0;0;0;0;0;0;0;0;0;0;0.198807157;0;0.198412698;2.895752896;0;0;0;0;13.86986301;26.67638484;0;0;0;0;0;0;0;0;0;0;0;0;9.04159132;0;0;;;;;;;;
113;8150;13.21499014;0;81.65680473;2.761341223;0.394477318;0;0;0;0;0;0;0.197238659;0;0;0;0;1.380670611;0;0;0;0;0;0;0;0;0;0;0;0;0;0.197238659;0;0;0;0;0;0.197238659;0;0.392927308;3.059273423;0;0;0;0;14.64646465;26.73410405;0;0;0;0;0;0;0;0;0;0;0;0;7.985480944;0;0;;;;;;;;
113.5;8200.5;8.221797323;0;86.61567878;2.294455067;0.764818356;0;0;0;0;0;0.191204589;0.191204589;0;0;0;0;1.147227533;0;0;0;0;0;0;0;0;0;0;0;0;0;0;0;0;0;0;0;0.573613767;0;0.380952381;2.968460111;0;0;0;0;15.2350081;25.81560284;0;0;0;0;0;0;0;0;0;0;0;0;5.081669691;0;0;;;;;;;;
114;8253;5.56621881;0;89.44337812;2.495201536;0.767754319;0;0;0;0;0;0.19193858;0.383877159;0;0;0;0;0.959692898;0;0;0;0;0;0;0;0;0;0;0;0;0;0;0;0;0;0;0;0.19193858;0;0.572519084;3.696857671;0;0;0;0;7.624113475;25.03597122;0;0;0;0;0;0;0;0;0;0;0;0;4.051565378;0;0;;;;;;;;
114.5;8299;5.128205128;0;90.13806706;2.169625247;0.394477318;0;0;0;0;0;0.197238659;0;0;0;0;0;1.183431953;0;0;0;0;0;0;0.197238659;0;0;0;0;0;0;0;0;0;0;0;0;0.591715976;0;0.196850394;2.5;0;0;0;0;13.03602058;26.52173913;0;0;0;0;0;0;0;0;0;0;0;0;3.795066414;0;0;;;;;;;;
115;8350;5.742574257;0;90.4950495;2.376237624;0.198019802;0;0;0;0;0;0;0.396039604;0;0;0;0;0.792079208;0;0;0;0;0;0;0;0;0;0;0;0;0;0;0;0;0;0;0;0;0;0.394477318;2.697495183;0;0;0;0;15.9733777;26.49199418;0;0;0;0;0;0;0;0;0;0;0;0;3.80952381;0;0;;;;;;;;
115.5;8402.5;6.916996047;0;88.33992095;2.964426877;0.197628458;0;0;0;0;0;0;0.197628458;0;0;0;0;0.988142292;0;0;0;0;0;0;0;0;0;0;0;0;0;0;0;0;0;0;0;0.395256917;0;0.197238659;2.504816956;0;0;0;0.197238659;19.93670886;27.08933718;0;0;0;0;0;0;0;0;0;0;0;0;4.166666667;0;0;;;;;;;;
116;8452;4.365079365;0;91.07142857;2.579365079;0;0;0;0;0;0;0;0.198412698;0;0;0;0;1.388888889;0;0;0;0;0;0;0;0;0;0;0;0;0;0;0;0;0;0;0;0.396825397;0;0.395256917;2.702702703;0;0;0;0;19.48881789;26.85050798;0;0;0;0;0;0;0;0;0;0;0;0;3.076923077;0;0;;;;;;;;
116.5;8502.5;5.118110236;0;88.97637795;2.755905512;0.393700787;0;0;0;0;0;0.196850394;0;0;0;0;0;1.57480315;0;0;0;0.196850394;0.196850394;0;0;0;0;0;0;0;0;0;0;0;0;0;0;0.590551181;0;0.974658869;3.053435115;0;0;0;0;14.9078727;24.96307238;0;0;0;0;0;0;0;0;0;0;0;0;2.681992337;0;0;;;;;;;;
117;8553;3.571428571;0;91.07142857;2.579365079;0.595238095;0;0;0;0;0;0.198412698;0.198412698;0;0;0;0;1.19047619;0;0;0;0;0.198412698;0;0;0;0;0;0;0;0;0;0;0;0;0;0;0.396825397;0.198019802;0.787401575;3.632887189;0;0;0;0;16.41791045;26.42335766;0;0;0;0;0;0;0;0;0;0;0;0;2.702702703;0;0;;;;;;;;
117.8;8604;3.898635478;0;91.0331384;2.923976608;0.389863548;0;0;0;0;0;0;0;0;0;0;0;1.169590643;0;0;0;0;0;0;0;0.194931774;0;0;0;0;0;0;0;0;0;0;0;0.389863548;0;0.194552529;3.20754717;0;0;0;0;20.83333333;26.81883024;0;0;0;0;0;0;0;0;0;0;0;0;2.65654649;0;0;;;;;;;;
118;8653;2.901353965;0;91.4893617;2.51450677;0.773694391;0;0;0;0;0;0;0.193423598;0;0;0;0;1.547388781;0;0;0;0;0;0;0;0;0;0;0;0;0;0;0;0;0;0;0;0.580270793;0;0.767754319;3.183520599;0;0;0;0;21.18902439;26.77053824;0;0;0;0;0;0;0;0;0;0;0;0;2.63653484;0;0;;;;;;;;
118.5;8706;3.168316832;0;90.4950495;2.97029703;0.792079208;0;0.198019802;0;0;0;0;0.396039604;0;0;0;0;1.584158416;0;0;0;0.198019802;0;0;0;0;0;0;0;0;0;0;0;0;0;0;0;0.198019802;0.394477318;0.197628458;2.131782946;0;0;0;0;16.94078947;27.12842713;0;0;0;0;0;0;0;0;0;0;0;0;1.174168297;0;0;;;;;;;;
119;8758.5;3.149606299;0;90.94488189;3.346456693;0.196850394;0;0;0;0;0;0.590551181;0.196850394;0;0;0;0;1.377952756;0;0;0;0;0;0;0;0;0;0;0;0;0;0;0;0;0;0;0;0.196850394;0;0.196463654;2.119460501;0;0;0;0;17.26384365;26.48335745;0;0;0;0;0;0;0;0;0;0;0;0;1.167315175;0;0;;;;;;;;
119.5;8809;3.373015873;0;90.27777778;3.571428571;0.396825397;0;0;0;0;0;0;0;0;0;0;0;1.785714286;0;0;0;0;0;0;0;0;0;0;0;0;0;0;0;0;0;0;0;0.595238095;0.198019802;0.198019802;2.51450677;0;0;0;0;17.51227496;26.42335766;0;0;0;0;0;0;0;0;0;0;0;0;1.945525292;0;0;;;;;;;;
120;8856.5;3.578528827;0;90.85487078;3.180914513;0.397614314;0;0;0;0;0;0;0;0;0;0;0;1.789264414;0;0;0;0;0;0;0;0;0;0;0;0;0;0;0;0;0;0;0;0.198807157;0;0.396039604;2.707930368;0;0;0;0;19.1318328;26.67638484;0;0;0;0;0;0;0;0;0;0;0;0;1.56555773;0;0;;;;;;;;
120.5;8906.5;3.543307087;0;91.73228346;2.165354331;0.393700787;0;0;0;0;0;0;0;0;0;0;0;1.377952756;0;0;0;0;0;0;0;0;0;0;0;0;0;0;0;0;0;0;0;0.787401575;0;0.392156863;1.550387597;0;0;0;0;19.49286846;27.32474964;0;0;0;0;0;0;0;0;0;0;0;0;1.930501931;0;0;;;;;;;;
121;8956;35.91269841;0;60.51587302;2.182539683;0.198412698;0;0;0;0;0;0;0.198412698;0;0;0;0;0.793650794;0;0;0;0;0;0;0;0;0;0;0;0;0;0;0;0;0;0;0;0.198412698;0;0.395256917;2.89017341;0;0;0;0;19.1011236;26.53061224;0;0;0;0;0;0;0;0;0;0;0;0;11.26760563;0;0;;;;;;;;
121.5;9004;32.21343874;0;64.82213439;1.976284585;0;0;0;0;0;0;0;0;0;0;0;0;0.592885375;0;0;0;0;0;0;0;0;0;0;0;0;0;0;0;0;0;0;0;0.395256917;0;0.197238659;1.556420233;0;0;0;0;24.81426449;27.1942446;0;0;0;0;0;0;0;0;0;0;0;0;22.62996942;0;0;;;;;;;;
122;9052.5;37.22772277;0;60.1980198;1.584158416;0.198019802;0;0;0;0;0;0;0;0;0;0;0;0.792079208;0;0;0;0;0;0;0;0;0;0;0;0;0;0;0;0;0;0;0;0;0;0.197628458;2.321083172;0;0;0;0;15.55183946;25.62592047;0;0;0;0;0;0;0;0;0;0;0;0;9.009009009;0;0;;;;;;;;
