"AGE","LocFit","MEAN(of_boot)","0.05","0.95"
-70,-0.980013771368346,-0.980013771368347,-0.980013771368347,-0.980013771368347
-60,-0.96458318779362,-0.96458318779362,-0.96458318779362,-0.96458318779362
-50,-0.949152604218893,-0.949152604218893,-0.949152604218893,-0.949152604218893
-40,-0.933722020644166,-0.933722020644166,-0.933722020644166,-0.933722020644166
-30,-0.91829143706944,-0.91829143706944,-0.91829143706944,-0.91829143706944
-20,-0.902860853494713,-0.902860853494713,-0.902860853494713,-0.902860853494713
-10,-0.887430269919986,-0.887430269919986,-0.887430269919986,-0.887430269919986
0,-0.871999686345259,-0.871999686345259,-0.871999686345259,-0.871999686345259
10,-0.856569102770533,-0.856569102770533,-0.856569102770533,-0.856569102770533
20,-0.841138519195806,-0.841138519195806,-0.841138519195806,-0.841138519195806
30,-0.825707935621079,-0.825707935621079,-0.825707935621079,-0.825707935621079
40,-0.810277352046353,-0.810277352046353,-0.810277352046353,-0.810277352046353
50,-0.794846768471626,-0.794846768471626,-0.794846768471626,-0.794846768471626
60,-0.779416184896899,-0.779416184896899,-0.779416184896899,-0.779416184896899
70,-0.763985601322173,-0.763985601322173,-0.763985601322173,-0.763985601322173
80,-0.748555017747446,-0.748555017747446,-0.748555017747446,-0.748555017747446
90,-0.733124434172719,-0.733124434172719,-0.733124434172719,-0.733124434172719
100,-0.717693850597992,-0.717693850597992,-0.717693850597992,-0.717693850597992
110,-0.702263267023266,-0.702263267023266,-0.702263267023266,-0.702263267023266
120,-0.68739811389253,-0.68739811389253,-0.68739811389253,-0.68739811389253
130,-0.6736542726334,-0.673654272633401,-0.673654272633401,-0.673654272633401
140,-0.661017419721315,-0.661017419721315,-0.661017419721315,-0.661017419721315
150,-0.649473231631709,-0.649473231631709,-0.649473231631709,-0.649473231631709
160,-0.639007384840021,-0.63900738484002,-0.63900738484002,-0.63900738484002
170,-0.629605555821686,-0.629605555821686,-0.629605555821686,-0.629605555821686
180,-0.621253421052143,-0.621253421052143,-0.621253421052143,-0.621253421052143
190,-0.613936657006827,-0.613936657006827,-0.613936657006827,-0.613936657006827
200,-0.607640940161177,-0.607640940161177,-0.607640940161177,-0.607640940161177
210,-0.602351946990628,-0.602351946990628,-0.602351946990628,-0.602351946990628
220,-0.598055353970618,-0.598055353970618,-0.598055353970618,-0.598055353970618
230,-0.594736837576583,-0.594736837576583,-0.594736837576583,-0.594736837576583
240,-0.592382074283961,-0.592382074283962,-0.592382074283962,-0.592382074283962
250,-0.590976740568189,-0.590976740568189,-0.590976740568189,-0.590976740568189
260,-0.590506512904703,-0.590506512904702,-0.590506512904702,-0.590506512904702
270,-0.59095706776894,-0.59095706776894,-0.59095706776894,-0.59095706776894
280,-0.592314081636337,-0.592314081636337,-0.592314081636337,-0.592314081636337
290,-0.594563230982331,-0.594563230982331,-0.594563230982331,-0.594563230982331
300,-0.597690192282359,-0.597690192282359,-0.597690192282359,-0.597690192282359
310,-0.601680642011859,-0.601680642011859,-0.601680642011859,-0.601680642011859
320,-0.606520256646266,-0.606520256646266,-0.606520256646266,-0.606520256646266
330,-0.612194712661018,-0.612194712661018,-0.612194712661018,-0.612194712661018
340,-0.618689686531551,-0.618689686531551,-0.618689686531551,-0.618689686531551
350,-0.625990854733303,-0.625990854733303,-0.625990854733303,-0.625990854733303
360,-0.634083893741711,-0.634083893741711,-0.634083893741711,-0.634083893741711
370,-0.642954480032211,-0.642954480032211,-0.642954480032211,-0.642954480032211
380,-0.65258829008024,-0.65258829008024,-0.65258829008024,-0.65258829008024
390,-0.662971000361235,-0.662971000361235,-0.662971000361235,-0.662971000361235
400,-0.674088287350634,-0.674088287350634,-0.674088287350634,-0.674088287350634
410,-0.685925827523873,-0.685925827523873,-0.685925827523873,-0.685925827523873
420,-0.698469297356389,-0.698469297356389,-0.698469297356389,-0.698469297356389
430,-0.711704373323618,-0.711704373323618,-0.711704373323618,-0.711704373323618
440,-0.725616731900999,-0.725616731900998,-0.725616731900998,-0.725616731900998
450,-0.740162893520984,-0.740162893520984,-0.740162893520984,-0.740162893520984
460,-0.754894860302542,-0.754894860302542,-0.754894860302542,-0.754894860302542
470,-0.76963527898239,-0.76963527898239,-0.76963527898239,-0.76963527898239
480,-0.784346037585303,-0.784346037585303,-0.784346037585303,-0.784346037585303
490,-0.798989024136056,-0.798989024136055,-0.798989024136055,-0.798989024136055
500,-0.813526126659421,-0.813526126659421,-0.813526126659421,-0.813526126659421
510,-0.827919233180174,-0.827919233180174,-0.827919233180174,-0.827919233180174
520,-0.84213023172309,-0.84213023172309,-0.84213023172309,-0.84213023172309
530,-0.856121010312941,-0.856121010312941,-0.856121010312941,-0.856121010312941
540,-0.869853456974503,-0.869853456974503,-0.869853456974503,-0.869853456974503
550,-0.88328945973255,-0.88328945973255,-0.88328945973255,-0.88328945973255
560,-0.896390906611856,-0.896390906611856,-0.896390906611856,-0.896390906611856
570,-0.909119685637194,-0.909119685637194,-0.909119685637194,-0.909119685637194
580,-0.921437684833341,-0.921437684833341,-0.921437684833341,-0.921437684833341
590,-0.93330679222507,-0.93330679222507,-0.93330679222507,-0.93330679222507
600,-0.944688895837154,-0.944688895837154,-0.944688895837154,-0.944688895837154
610,-0.955545883694369,-0.955545883694369,-0.955545883694369,-0.955545883694369
620,-0.965839643821489,-0.965839643821489,-0.965839643821489,-0.965839643821489
630,-0.975532064243287,-0.975532064243287,-0.975532064243287,-0.975532064243287
640,-0.984585032984539,-0.984585032984539,-0.984585032984539,-0.984585032984539
650,-0.992960438070018,-0.992960438070018,-0.992960438070018,-0.992960438070018
660,-1.0006201675245,-1.0006201675245,-1.0006201675245,-1.0006201675245
670,-1.00752610937276,-1.00752610937276,-1.00752610937276,-1.00752610937276
680,-1.01364015163956,-1.01364015163956,-1.01364015163956,-1.01364015163956
690,-1.0189241823497,-1.0189241823497,-1.0189241823497,-1.0189241823497
700,-1.02334008952793,-1.02334008952793,-1.02334008952793,-1.02334008952793
710,-1.02684976119903,-1.02684976119903,-1.02684976119903,-1.02684976119903
720,-1.02941508538778,-1.02941508538778,-1.02941508538778,-1.02941508538778
730,-1.03099795011895,-1.03099795011895,-1.03099795011895,-1.03099795011895
740,-1.03156024341732,-1.03156024341732,-1.03156024341732,-1.03156024341732
750,-1.03106385330766,-1.03106385330766,-1.03106385330766,-1.03106385330766
760,-1.02947066781474,-1.02947066781474,-1.02947066781474,-1.02947066781474
770,-1.02674257496334,-1.02674257496334,-1.02674257496334,-1.02674257496334
780,-1.02284146277824,-1.02284146277824,-1.02284146277824,-1.02284146277824
790,-1.01776968136919,-1.01776968136919,-1.01776968136919,-1.01776968136919
800,-1.01168409846488,-1.01168409846488,-1.01168409846488,-1.01168409846488
810,-1.00465623263675,-1.00465623263675,-1.00465623263675,-1.00465623263675
820,-0.996745317646337,-0.996745317646337,-0.996745317646337,-0.996745317646337
830,-0.988010587255192,-0.988010587255192,-0.988010587255192,-0.988010587255192
840,-0.978511275224858,-0.978511275224858,-0.978511275224858,-0.978511275224858
850,-0.96830661531688,-0.96830661531688,-0.96830661531688,-0.96830661531688
860,-0.957455841292802,-0.957455841292802,-0.957455841292802,-0.957455841292802
870,-0.94601818691417,-0.94601818691417,-0.94601818691417,-0.94601818691417
880,-0.934052885942528,-0.934052885942528,-0.934052885942528,-0.934052885942528
890,-0.921619172139421,-0.921619172139421,-0.921619172139421,-0.921619172139421
900,-0.908776279266394,-0.908776279266394,-0.908776279266394,-0.908776279266394
910,-0.895583441084992,-0.895583441084992,-0.895583441084992,-0.895583441084992
920,-0.882099891356758,-0.882099891356759,-0.882099891356759,-0.882099891356759
930,-0.86838486384324,-0.86838486384324,-0.86838486384324,-0.86838486384324
940,-0.85449759230598,-0.85449759230598,-0.85449759230598,-0.85449759230598
950,-0.840497310506524,-0.840497310506524,-0.840497310506524,-0.840497310506524
960,-0.826443252206417,-0.826443252206416,-0.826443252206416,-0.826443252206416
970,-0.812394651167203,-0.812394651167203,-0.812394651167203,-0.812394651167203
980,-0.798410741150427,-0.798410741150427,-0.798410741150427,-0.798410741150427
990,-0.784550755917635,-0.784550755917635,-0.784550755917635,-0.784550755917635
1000,-0.77087392923037,-0.77087392923037,-0.77087392923037,-0.77087392923037
1010,-0.757439494850178,-0.757439494850178,-0.757439494850178,-0.757439494850178
1020,-0.744306686538604,-0.744306686538604,-0.744306686538604,-0.744306686538604
1030,-0.731534738057192,-0.731534738057192,-0.731534738057192,-0.731534738057192
1040,-0.719182883167487,-0.719182883167487,-0.719182883167487,-0.719182883167487
1050,-0.707310355631034,-0.707310355631035,-0.707310355631035,-0.707310355631035
1060,-0.695976389209378,-0.695976389209378,-0.695976389209378,-0.695976389209378
1070,-0.685240217664064,-0.685240217664064,-0.685240217664064,-0.685240217664064
1080,-0.675161074756636,-0.675161074756636,-0.675161074756636,-0.675161074756636
1090,-0.665798194248639,-0.665798194248639,-0.665798194248639,-0.665798194248639
1100,-0.657210809901618,-0.657210809901618,-0.657210809901618,-0.657210809901618
1110,-0.649458155477118,-0.649458155477118,-0.649458155477118,-0.649458155477118
1120,-0.642599464736683,-0.642599464736683,-0.642599464736683,-0.642599464736683
1130,-0.636274103938104,-0.636274103938104,-0.636274103938104,-0.636274103938104
1140,-0.629960740126537,-0.629960740126537,-0.629960740126537,-0.629960740126537
1150,-0.623641878241607,-0.623641878241607,-0.623641878241607,-0.623641878241607
1160,-0.617301840530214,-0.617301840530215,-0.617301840530215,-0.617301840530215
1170,-0.610924949239262,-0.610924949239262,-0.610924949239262,-0.610924949239262
1180,-0.60449552661565,-0.60449552661565,-0.60449552661565,-0.60449552661565
1190,-0.597997894906281,-0.597997894906281,-0.597997894906281,-0.597997894906281
1200,-0.591416376358055,-0.591416376358055,-0.591416376358055,-0.591416376358055
1210,-0.584735293217874,-0.584735293217874,-0.584735293217874,-0.584735293217874
1220,-0.57793896773264,-0.57793896773264,-0.57793896773264,-0.57793896773264
1230,-0.571011722149254,-0.571011722149254,-0.571011722149254,-0.571011722149254
1240,-0.563937878714617,-0.563937878714617,-0.563937878714617,-0.563937878714617
1250,-0.556701759675631,-0.55670175967563,-0.55670175967563,-0.55670175967563
1260,-0.549287687279196,-0.549287687279196,-0.549287687279196,-0.549287687279196
1270,-0.541679983772215,-0.541679983772215,-0.541679983772215,-0.541679983772215
1280,-0.533862971401589,-0.533862971401589,-0.533862971401589,-0.533862971401589
1290,-0.52582097241422,-0.52582097241422,-0.52582097241422,-0.52582097241422
1300,-0.517538309057008,-0.517538309057007,-0.517538309057007,-0.517538309057007
1310,-0.508999303576855,-0.508999303576855,-0.508999303576855,-0.508999303576855
1320,-0.500188278220662,-0.500188278220662,-0.500188278220662,-0.500188278220662
1330,-0.491089555235331,-0.491089555235331,-0.491089555235331,-0.491089555235331
1340,-0.481687456867764,-0.481687456867764,-0.481687456867764,-0.481687456867764
1350,-0.471966305364861,-0.471966305364861,-0.471966305364861,-0.471966305364861
1360,-0.461910422973524,-0.461910422973524,-0.461910422973524,-0.461910422973524
1370,-0.451504131940655,-0.451504131940655,-0.451504131940655,-0.451504131940655
1380,-0.440731754513154,-0.440731754513154,-0.440731754513154,-0.440731754513154
1390,-0.429577612937924,-0.429577612937924,-0.429577612937924,-0.429577612937924
1400,-0.418026029461865,-0.418026029461865,-0.418026029461865,-0.418026029461865
1410,-0.406061326331879,-0.406061326331879,-0.406061326331879,-0.406061326331879
1420,-0.393667825794868,-0.393667825794868,-0.393667825794868,-0.393667825794868
1430,-0.380829850097732,-0.380829850097732,-0.380829850097732,-0.380829850097732
1440,-0.367531721487374,-0.367531721487374,-0.367531721487374,-0.367531721487374
1450,-0.353757762210694,-0.353757762210694,-0.353757762210694,-0.353757762210694
1460,-0.339445160712076,-0.339445160712076,-0.339445160712076,-0.339445160712076
1470,-0.323583433622048,-0.323583433622048,-0.323583433622048,-0.323583433622048
1480,-0.305879339340661,-0.305879339340661,-0.305879339340661,-0.305879339340661
1490,-0.286479010184679,-0.28647901018468,-0.28647901018468,-0.28647901018468
1500,-0.265528578470866,-0.265528578470866,-0.265528578470866,-0.265528578470866
1510,-0.243174176515984,-0.243174176515984,-0.243174176515984,-0.243174176515984
1520,-0.219561936636799,-0.219561936636799,-0.219561936636799,-0.219561936636799
1530,-0.194837991150072,-0.194837991150072,-0.194837991150072,-0.194837991150072
1540,-0.169148472372569,-0.169148472372569,-0.169148472372569,-0.169148472372569
1550,-0.142639512621052,-0.142639512621052,-0.142639512621052,-0.142639512621052
1560,-0.115457244212286,-0.115457244212286,-0.115457244212286,-0.115457244212286
1570,-0.0877477994630346,-0.0877477994630346,-0.0877477994630346,-0.0877477994630346
1580,-0.0596573106900605,-0.0596573106900606,-0.0596573106900606,-0.0596573106900606
1590,-0.0313319102101283,-0.0313319102101283,-0.0313319102101283,-0.0313319102101283
1600,-0.00291773034000109,-0.00291773034000103,-0.00291773034000103,-0.00291773034000103
1610,0.0254390966035574,0.0254390966035574,0.0254390966035574,0.0254390966035574
1620,0.053592438303783,0.053592438303783,0.053592438303783,0.053592438303783
1630,0.0813961624439125,0.0813961624439124,0.0813961624439124,0.0813961624439124
1640,0.108704136707182,0.108704136707182,0.108704136707182,0.108704136707182
1650,0.135370228776828,0.135370228776828,0.135370228776828,0.135370228776828
1660,0.161248306336086,0.161248306336086,0.161248306336086,0.161248306336086
1670,0.186192237068193,0.186192237068193,0.186192237068193,0.186192237068193
1680,0.210055888656386,0.210055888656386,0.210055888656386,0.210055888656386
1690,0.232693128783901,0.232693128783901,0.232693128783901,0.232693128783901
1700,0.253957825133973,0.253957825133973,0.253957825133973,0.253957825133973
1710,0.273703845389839,0.273703845389839,0.273703845389839,0.273703845389839
1720,0.291785057234736,0.291785057234736,0.291785057234736,0.291785057234736
1730,0.3080553283519,0.3080553283519,0.3080553283519,0.3080553283519
1740,0.322368526424567,0.322368526424567,0.322368526424567,0.322368526424567
1750,0.334578519135973,0.334578519135973,0.334578519135973,0.334578519135973
1760,0.344539174169356,0.344539174169356,0.344539174169356,0.344539174169356
1770,0.35210435920795,0.35210435920795,0.35210435920795,0.35210435920795
1780,0.357127941934993,0.357127941934993,0.357127941934993,0.357127941934993
1790,0.359463790033721,0.359463790033721,0.359463790033721,0.359463790033721
1800,0.359520135635499,0.359520135635499,0.359520135635499,0.359520135635499
1810,0.359822386832051,0.359822386832051,0.359822386832051,0.359822386832051
1820,0.36069569197576,0.36069569197576,0.36069569197576,0.36069569197576
1830,0.362134322163056,0.362134322163056,0.362134322163056,0.362134322163056
1840,0.364132548490368,0.364132548490368,0.364132548490368,0.364132548490368
1850,0.366684642054124,0.366684642054124,0.366684642054124,0.366684642054124
1860,0.369784873950752,0.369784873950752,0.369784873950752,0.369784873950752
1870,0.373427515276683,0.373427515276683,0.373427515276683,0.373427515276683
1880,0.377606837128344,0.377606837128344,0.377606837128344,0.377606837128344
1890,0.382317110602165,0.382317110602165,0.382317110602165,0.382317110602165
1900,0.387552606794573,0.387552606794573,0.387552606794573,0.387552606794573
1910,0.393307596801998,0.393307596801998,0.393307596801998,0.393307596801998
1920,0.399576351720869,0.399576351720869,0.399576351720869,0.399576351720869
1930,0.406353142647614,0.406353142647614,0.406353142647614,0.406353142647614
1940,0.413632240678661,0.413632240678661,0.413632240678661,0.413632240678661
1950,0.421407916910441,0.421407916910441,0.421407916910441,0.421407916910441
1960,0.429674442439381,0.429674442439381,0.429674442439381,0.429674442439381
1970,0.438426088361911,0.438426088361911,0.438426088361911,0.438426088361911
1980,0.447657125774458,0.447657125774458,0.447657125774458,0.447657125774458
1990,0.457361825773452,0.457361825773452,0.457361825773452,0.457361825773452
2000,0.467534459455322,0.467534459455322,0.467534459455322,0.467534459455322
2010,0.478169297916496,0.478169297916496,0.478169297916496,0.478169297916496
2020,0.489260612253403,0.489260612253403,0.489260612253403,0.489260612253403
2030,0.500802673562472,0.500802673562472,0.500802673562472,0.500802673562472
2040,0.512789752940131,0.512789752940131,0.512789752940131,0.512789752940131
2050,0.52521612148281,0.52521612148281,0.52521612148281,0.52521612148281
2060,0.538076050286936,0.538076050286936,0.538076050286936,0.538076050286936
2070,0.55136381044894,0.55136381044894,0.55136381044894,0.55136381044894
2080,0.565073673065249,0.565073673065249,0.565073673065249,0.565073673065249
2090,0.579199909232292,0.579199909232292,0.579199909232292,0.579199909232292
2100,0.593736790046498,0.593736790046498,0.593736790046498,0.593736790046498
2110,0.608678586604296,0.608678586604296,0.608678586604296,0.608678586604296
2120,0.624019570002114,0.624019570002114,0.624019570002114,0.624019570002114
2130,0.639754011336382,0.639754011336382,0.639754011336382,0.639754011336382
2140,0.65540403829801,0.65540403829801,0.65540403829801,0.65540403829801
2150,0.670214473412089,0.670214473412089,0.670214473412089,0.670214473412089
2160,0.684173572218756,0.684173572218756,0.684173572218756,0.684173572218756
2170,0.697279235289609,0.697279235289609,0.697279235289609,0.697279235289609
2180,0.709529363196248,0.709529363196248,0.709529363196248,0.709529363196248
2190,0.720921856510274,0.720921856510273,0.720921856510273,0.720921856510273
2200,0.731454615803284,0.731454615803284,0.731454615803284,0.731454615803284
2210,0.741125541646878,0.741125541646878,0.741125541646878,0.741125541646878
2220,0.749932534612657,0.749932534612657,0.749932534612657,0.749932534612657
2230,0.757873495272219,0.757873495272219,0.757873495272219,0.757873495272219
2240,0.764946324197163,0.764946324197163,0.764946324197163,0.764946324197163
2250,0.771148921959089,0.771148921959089,0.771148921959089,0.771148921959089
2260,0.776479189129597,0.776479189129597,0.776479189129597,0.776479189129597
2270,0.780935026280286,0.780935026280286,0.780935026280286,0.780935026280286
2280,0.784514333982755,0.784514333982755,0.784514333982755,0.784514333982755
2290,0.787215012808604,0.787215012808604,0.787215012808604,0.787215012808604
2300,0.789034963329431,0.789034963329431,0.789034963329431,0.789034963329431
2310,0.789972086116837,0.789972086116837,0.789972086116837,0.789972086116837
2320,0.790024281742421,0.790024281742421,0.790024281742421,0.790024281742421
2330,0.789189450777782,0.789189450777782,0.789189450777782,0.789189450777782
2340,0.78746549379452,0.78746549379452,0.78746549379452,0.78746549379452
2350,0.784850311364234,0.784850311364234,0.784850311364234,0.784850311364234
2360,0.781341804058523,0.781341804058523,0.781341804058523,0.781341804058523
2370,0.776937872448987,0.776937872448987,0.776937872448987,0.776937872448987
2380,0.771636417107226,0.771636417107226,0.771636417107226,0.771636417107226
2390,0.765435338604837,0.765435338604837,0.765435338604837,0.765435338604837
2400,0.758332537513422,0.758332537513422,0.758332537513422,0.758332537513422
2410,0.75032591440458,0.75032591440458,0.75032591440458,0.75032591440458
2420,0.741413369849909,0.741413369849909,0.741413369849909,0.741413369849909
2430,0.73159280442101,0.73159280442101,0.73159280442101,0.73159280442101
2440,0.720862118689481,0.720862118689481,0.720862118689481,0.720862118689481
2450,0.709219213226922,0.709219213226922,0.709219213226922,0.709219213226922
2460,0.696661988604932,0.696661988604932,0.696661988604932,0.696661988604932
2470,0.683195953543068,0.683195953543068,0.683195953543068,0.683195953543068
2480,0.669110006239178,0.669110006239178,0.669110006239178,0.669110006239178
2490,0.65457766939995,0.65457766939995,0.65457766939995,0.65457766939995
2500,0.639633651441929,0.639633651441929,0.639633651441929,0.639633651441929
2510,0.624312660781663,0.624312660781663,0.624312660781663,0.624312660781663
2520,0.6086494058357,0.6086494058357,0.6086494058357,0.6086494058357
2530,0.592678595020585,0.592678595020585,0.592678595020585,0.592678595020585
2540,0.576434936752867,0.576434936752867,0.576434936752867,0.576434936752867
2550,0.559953139449092,0.559953139449092,0.559953139449092,0.559953139449092
2560,0.543267911525807,0.543267911525807,0.543267911525807,0.543267911525807
2570,0.526413961399559,0.526413961399559,0.526413961399559,0.526413961399559
2580,0.509425997486895,0.509425997486895,0.509425997486895,0.509425997486895
2590,0.492338728204362,0.492338728204362,0.492338728204362,0.492338728204362
2600,0.475186861968508,0.475186861968508,0.475186861968508,0.475186861968508
2610,0.458005107195879,0.458005107195879,0.458005107195879,0.458005107195879
2620,0.440828172303022,0.440828172303022,0.440828172303022,0.440828172303022
2630,0.423690765706485,0.423690765706485,0.423690765706485,0.423690765706485
2640,0.406627595822813,0.406627595822813,0.406627595822813,0.406627595822813
2650,0.389673371068555,0.389673371068555,0.389673371068555,0.389673371068555
2660,0.372862799860258,0.372862799860258,0.372862799860258,0.372862799860258
2670,0.356230590614468,0.356230590614468,0.356230590614468,0.356230590614468
2680,0.339811451747732,0.339811451747732,0.339811451747732,0.339811451747732
2690,0.323640091676598,0.323640091676598,0.323640091676598,0.323640091676598
2700,0.307751218817613,0.307751218817613,0.307751218817613,0.307751218817613
2710,0.292179541587323,0.292179541587323,0.292179541587323,0.292179541587323
2720,0.276959768402275,0.276959768402275,0.276959768402275,0.276959768402275
2730,0.262126607679017,0.262126607679017,0.262126607679017,0.262126607679017
2740,0.247714767834095,0.247714767834095,0.247714767834095,0.247714767834095
2750,0.233758957284057,0.233758957284057,0.233758957284057,0.233758957284057
2760,0.22029388444545,0.22029388444545,0.22029388444545,0.22029388444545
2770,0.20735425773482,0.20735425773482,0.20735425773482,0.20735425773482
2780,0.194974785568715,0.194974785568715,0.194974785568715,0.194974785568715
2790,0.183190176363682,0.183190176363682,0.183190176363682,0.183190176363682
2800,0.172035138536267,0.172035138536267,0.172035138536267,0.172035138536267
2810,0.161531238308013,0.161531238308013,0.161531238308013,0.161531238308013
2820,0.151642571072842,0.151642571072842,0.151642571072842,0.151642571072842
2830,0.142411761206773,0.142411761206773,0.142411761206773,0.142411761206773
2840,0.133895490852764,0.133895490852764,0.133895490852764,0.133895490852764
2850,0.126150442153773,0.126150442153773,0.126150442153773,0.126150442153773
2860,0.11923329725276,0.11923329725276,0.11923329725276,0.11923329725276
2870,0.113200738292681,0.113200738292681,0.113200738292681,0.113200738292681
2880,0.108109447416495,0.108109447416495,0.108109447416495,0.108109447416495
2890,0.10401610676716,0.10401610676716,0.10401610676716,0.10401610676716
2900,0.100977398487635,0.100977398487635,0.100977398487635,0.100977398487635
2910,0.0990500047208775,0.0990500047208775,0.0990500047208775,0.0990500047208775
2920,0.098290607609846,0.098290607609846,0.098290607609846,0.098290607609846
2930,0.0987558892974985,0.0987558892974985,0.0987558892974985,0.0987558892974985
2940,0.100502531926793,0.100502531926793,0.100502531926793,0.100502531926793
2950,0.103587217640689,0.103587217640689,0.103587217640689,0.103587217640689
2960,0.108066628582143,0.108066628582143,0.108066628582143,0.108066628582143
2970,0.113997446894114,0.113997446894114,0.113997446894114,0.113997446894114
2980,0.12143635471956,0.12143635471956,0.12143635471956,0.12143635471956
2990,0.130440034201439,0.130440034201439,0.130440034201439,0.130440034201439
3000,0.14106516748271,0.14106516748271,0.14106516748271,0.14106516748271
3010,0.153368436706331,0.153368436706331,0.153368436706331,0.153368436706331
3020,0.167406524015259,0.167406524015259,0.167406524015259,0.167406524015259
3030,0.183236111552454,0.183236111552454,0.183236111552454,0.183236111552454
3040,0.200913881460873,0.200913881460873,0.200913881460873,0.200913881460873
3050,0.220496515883475,0.220496515883475,0.220496515883475,0.220496515883475
3060,0.242040696963217,0.242040696963217,0.242040696963217,0.242040696963217
3070,0.265603106843059,0.265603106843059,0.265603106843059,0.265603106843059
3080,0.291240427665957,0.291240427665958,0.291240427665958,0.291240427665958
3090,0.319009341574871,0.319009341574871,0.319009341574871,0.319009341574871
3100,0.348966530712759,0.348966530712759,0.348966530712759,0.348966530712759
3110,0.381168677222578,0.381168677222578,0.381168677222578,0.381168677222578
3120,0.415672463247288,0.415672463247288,0.415672463247288,0.415672463247288
3130,0.452534570929845,0.452534570929845,0.452534570929845,0.452534570929845
3140,0.491811682413209,0.491811682413209,0.491811682413209,0.491811682413209
3150,0.532120941185801,0.532120941185801,0.532120941185801,0.532120941185801
3160,0.570654546326636,0.570654546326636,0.570654546326636,0.570654546326636
3170,0.607357152626775,0.607357152626775,0.607357152626775,0.607357152626775
3180,0.642249868257885,0.642249868257885,0.642249868257885,0.642249868257885
3190,0.675353801391628,0.675353801391628,0.675353801391628,0.675353801391628
3200,0.70669006019967,0.70669006019967,0.70669006019967,0.70669006019967
3210,0.736279752853675,0.736279752853675,0.736279752853675,0.736279752853675
3220,0.764143987525307,0.764143987525307,0.764143987525307,0.764143987525307
3230,0.79030387238623,0.79030387238623,0.79030387238623,0.79030387238623
3240,0.814780515608109,0.814780515608109,0.814780515608109,0.814780515608109
3250,0.837595025362608,0.837595025362608,0.837595025362608,0.837595025362608
3260,0.858768509821392,0.858768509821392,0.858768509821392,0.858768509821392
3270,0.878322077156124,0.878322077156124,0.878322077156124,0.878322077156124
3280,0.89627683553847,0.89627683553847,0.89627683553847,0.89627683553847
3290,0.912653893140093,0.912653893140093,0.912653893140093,0.912653893140093
3300,0.927474358132658,0.927474358132658,0.927474358132658,0.927474358132658
3310,0.94075933868783,0.94075933868783,0.94075933868783,0.94075933868783
3320,0.952529942977272,0.952529942977272,0.952529942977272,0.952529942977272
3330,0.962807279172649,0.962807279172649,0.962807279172649,0.962807279172649
3340,0.971612455445625,0.971612455445625,0.971612455445625,0.971612455445625
3350,0.978966579967864,0.978966579967865,0.978966579967865,0.978966579967865
3360,0.984890760911032,0.984890760911032,0.984890760911032,0.984890760911032
3370,0.989406106446792,0.989406106446792,0.989406106446792,0.989406106446792
3380,0.992533724746809,0.992533724746809,0.992533724746809,0.992533724746809
3390,0.994294723982746,0.994294723982746,0.994294723982746,0.994294723982746
3400,0.994710212326269,0.994710212326269,0.994710212326269,0.994710212326269
3410,0.993801297949042,0.993801297949042,0.993801297949042,0.993801297949042
3420,0.991589089022729,0.991589089022729,0.991589089022729,0.991589089022729
3430,0.988094693718994,0.988094693718994,0.988094693718994,0.988094693718994
3440,0.983339220209502,0.983339220209502,0.983339220209502,0.983339220209502
3450,0.977343776665917,0.977343776665917,0.977343776665917,0.977343776665917
3460,0.970129471259903,0.970129471259903,0.970129471259903,0.970129471259903
3470,0.961717412163125,0.961717412163125,0.961717412163125,0.961717412163125
3480,0.952131437537665,0.952131437537665,0.952131437537665,0.952131437537665
3490,0.941614722803071,0.941614722803071,0.941614722803071,0.941614722803071
3500,0.930359897247188,0.930359897247188,0.930359897247188,0.930359897247188
3510,0.91843134250116,0.91843134250116,0.91843134250116,0.91843134250116
3520,0.905893440196132,0.905893440196132,0.905893440196132,0.905893440196132
3530,0.892810571963249,0.892810571963249,0.892810571963249,0.892810571963249
3540,0.879247119433655,0.879247119433655,0.879247119433655,0.879247119433655
3550,0.865267464238496,0.865267464238496,0.865267464238496,0.865267464238496
3560,0.850935988008917,0.850935988008917,0.850935988008917,0.850935988008917
3570,0.836317072376062,0.836317072376062,0.836317072376062,0.836317072376062
3580,0.821475098971076,0.821475098971076,0.821475098971076,0.821475098971076
3590,0.806474449425104,0.806474449425104,0.806474449425104,0.806474449425104
3600,0.791379505369292,0.791379505369292,0.791379505369292,0.791379505369292
3610,0.776254648434784,0.776254648434783,0.776254648434783,0.776254648434783
3620,0.761164260252724,0.761164260252724,0.761164260252724,0.761164260252724
3630,0.746172722454258,0.746172722454258,0.746172722454258,0.746172722454258
3640,0.731344416670531,0.731344416670531,0.731344416670531,0.731344416670531
3650,0.716743724532688,0.716743724532688,0.716743724532688,0.716743724532688
3660,0.702435027671873,0.702435027671873,0.702435027671873,0.702435027671873
3670,0.688482707719232,0.688482707719232,0.688482707719232,0.688482707719232
3680,0.674951146305908,0.674951146305908,0.674951146305908,0.674951146305908
3690,0.661904725063048,0.661904725063048,0.661904725063048,0.661904725063048
3700,0.649407825621796,0.649407825621796,0.649407825621796,0.649407825621796
3710,0.637524829613297,0.637524829613297,0.637524829613297,0.637524829613297
3720,0.626320118668696,0.626320118668696,0.626320118668696,0.626320118668696
3730,0.615858074419138,0.615858074419138,0.615858074419138,0.615858074419138
3740,0.606203078495767,0.606203078495767,0.606203078495767,0.606203078495767
3750,0.597419512529729,0.597419512529729,0.597419512529729,0.597419512529729
3760,0.589571758152169,0.589571758152169,0.589571758152169,0.589571758152169
3770,0.582724196994231,0.582724196994231,0.582724196994231,0.582724196994231
3780,0.57694121068706,0.57694121068706,0.57694121068706,0.57694121068706
3790,0.572287180861801,0.572287180861801,0.572287180861801,0.572287180861801
3800,0.568826489149599,0.568826489149599,0.568826489149599,0.568826489149599
3810,0.566623517181599,0.566623517181599,0.566623517181599,0.566623517181599
3820,0.565670220037004,0.565670220037004,0.565670220037004,0.565670220037004
3830,0.565433651002275,0.565433651002275,0.565433651002275,0.565433651002275
3840,0.565768534371909,0.565768534371909,0.565768534371909,0.565768534371909
3850,0.566644313451796,0.566644313451796,0.566644313451796,0.566644313451796
3860,0.568030431547827,0.568030431547827,0.568030431547827,0.568030431547827
3870,0.569896331965893,0.569896331965893,0.569896331965893,0.569896331965893
3880,0.572211458011883,0.572211458011883,0.572211458011883,0.572211458011883
3890,0.574945252991689,0.574945252991689,0.574945252991689,0.574945252991689
3900,0.5780671602112,0.5780671602112,0.5780671602112,0.5780671602112
3910,0.581546622976307,0.581546622976307,0.581546622976307,0.581546622976307
3920,0.585353084592901,0.585353084592901,0.585353084592901,0.585353084592901
3930,0.589455988366872,0.589455988366872,0.589455988366872,0.589455988366872
3940,0.593824777604111,0.593824777604111,0.593824777604111,0.593824777604111
3950,0.598428895610507,0.598428895610507,0.598428895610507,0.598428895610507
3960,0.603237785691952,0.603237785691952,0.603237785691952,0.603237785691952
3970,0.608220891154336,0.608220891154336,0.608220891154336,0.608220891154336
3980,0.613347655303549,0.613347655303549,0.613347655303549,0.613347655303549
3990,0.618587521445482,0.618587521445482,0.618587521445482,0.618587521445482
4000,0.623909932886025,0.623909932886025,0.623909932886025,0.623909932886025
4010,0.629284332931069,0.629284332931069,0.629284332931069,0.629284332931069
4020,0.634680164886504,0.634680164886504,0.634680164886504,0.634680164886504
4030,0.640066872058221,0.640066872058221,0.640066872058221,0.640066872058221
4040,0.645413897752109,0.645413897752109,0.645413897752109,0.645413897752109
4050,0.650690685274061,0.650690685274061,0.650690685274061,0.650690685274061
4060,0.655866677929965,0.655866677929965,0.655866677929965,0.655866677929965
4070,0.660911319025712,0.660911319025712,0.660911319025712,0.660911319025712
4080,0.665794051867193,0.665794051867193,0.665794051867193,0.665794051867193
4090,0.670484319760299,0.670484319760299,0.670484319760299,0.670484319760299
4100,0.67495156601092,0.67495156601092,0.67495156601092,0.67495156601092
4110,0.679165233924945,0.679165233924945,0.679165233924945,0.679165233924945
4120,0.683094766808267,0.683094766808267,0.683094766808267,0.683094766808267
4130,0.686709607966774,0.686709607966774,0.686709607966774,0.686709607966774
4140,0.689979200706358,0.689979200706358,0.689979200706358,0.689979200706358
4150,0.692872988332909,0.692872988332909,0.692872988332909,0.692872988332909
4160,0.695268965310515,0.695268965310515,0.695268965310515,0.695268965310515
4170,0.696939126545493,0.696939126545493,0.696939126545493,0.696939126545493
4180,0.697893343245056,0.697893343245056,0.697893343245056,0.697893343245056
4190,0.698152180113407,0.698152180113407,0.698152180113407,0.698152180113407
4200,0.697736201854749,0.697736201854749,0.697736201854749,0.697736201854749
4210,0.696665973173283,0.696665973173283,0.696665973173283,0.696665973173283
4220,0.694962058773212,0.694962058773212,0.694962058773212,0.694962058773212
4230,0.692645023358738,0.692645023358738,0.692645023358738,0.692645023358738
4240,0.689735431634064,0.689735431634064,0.689735431634064,0.689735431634064
4250,0.686253848303391,0.686253848303391,0.686253848303391,0.686253848303391
4260,0.682220838070922,0.682220838070922,0.682220838070922,0.682220838070922
4270,0.67765696564086,0.67765696564086,0.67765696564086,0.67765696564086
4280,0.672582795717407,0.672582795717407,0.672582795717407,0.672582795717407
4290,0.667018893004764,0.667018893004764,0.667018893004764,0.667018893004764
4300,0.660985822207134,0.660985822207134,0.660985822207134,0.660985822207134
4310,0.65450414802872,0.65450414802872,0.65450414802872,0.65450414802872
4320,0.647594435173724,0.647594435173724,0.647594435173724,0.647594435173724
4330,0.640277248346348,0.640277248346348,0.640277248346348,0.640277248346348
4340,0.632573152250794,0.632573152250794,0.632573152250794,0.632573152250794
4350,0.624502711591265,0.624502711591265,0.624502711591265,0.624502711591265
4360,0.616086491071963,0.616086491071963,0.616086491071963,0.616086491071963
4370,0.60734505539709,0.60734505539709,0.60734505539709,0.60734505539709
4380,0.598298969270849,0.598298969270849,0.598298969270849,0.598298969270849
4390,0.588968797397442,0.588968797397442,0.588968797397442,0.588968797397442
4400,0.579375104481071,0.579375104481071,0.579375104481071,0.579375104481071
4410,0.569538455225938,0.569538455225938,0.569538455225938,0.569538455225938
4420,0.559479414336246,0.559479414336246,0.559479414336246,0.559479414336246
4430,0.549218546516197,0.549218546516197,0.549218546516197,0.549218546516197
4440,0.538776416469993,0.538776416469993,0.538776416469993,0.538776416469993
4450,0.528173588901837,0.528173588901837,0.528173588901837,0.528173588901837
4460,0.517430628515931,0.517430628515931,0.517430628515931,0.517430628515931
4470,0.506568100016477,0.506568100016477,0.506568100016477,0.506568100016477
4480,0.495606568107677,0.495606568107677,0.495606568107677,0.495606568107677
4490,0.484569234941093,0.484569234941093,0.484569234941093,0.484569234941093
4500,0.474224077780996,0.474224077780996,0.474224077780996,0.474224077780996
4510,0.465153798159769,0.465153798159769,0.465153798159769,0.465153798159769
4520,0.457342302017969,0.457342302017969,0.457342302017969,0.457342302017969
4530,0.450773495296157,0.450773495296157,0.450773495296157,0.450773495296157
4540,0.445431283934889,0.445431283934889,0.445431283934889,0.445431283934889
4550,0.441299573874725,0.441299573874725,0.441299573874725,0.441299573874725
4560,0.438362271056224,0.438362271056224,0.438362271056224,0.438362271056224
4570,0.436603281419944,0.436603281419944,0.436603281419944,0.436603281419944
4580,0.436006510906443,0.436006510906443,0.436006510906443,0.436006510906443
4590,0.43655586545628,0.43655586545628,0.43655586545628,0.43655586545628
4600,0.438235251010013,0.438235251010013,0.438235251010013,0.438235251010013
4610,0.441028573508202,0.441028573508202,0.441028573508202,0.441028573508202
4620,0.444919738891404,0.444919738891404,0.444919738891404,0.444919738891404
4630,0.449892653100178,0.449892653100178,0.449892653100178,0.449892653100178
4640,0.455931222075083,0.455931222075083,0.455931222075083,0.455931222075083
4650,0.463019351756677,0.463019351756677,0.463019351756677,0.463019351756677
4660,0.471140948085519,0.471140948085519,0.471140948085519,0.471140948085519
4670,0.480279917002168,0.480279917002168,0.480279917002168,0.480279917002168
4680,0.490420164447181,0.490420164447181,0.490420164447181,0.490420164447181
4690,0.501545596361117,0.501545596361117,0.501545596361117,0.501545596361117
4700,0.513640118684536,0.513640118684536,0.513640118684536,0.513640118684536
4710,0.526687637357995,0.526687637357995,0.526687637357995,0.526687637357995
4720,0.540672058322053,0.540672058322053,0.540672058322053,0.540672058322053
4730,0.555577287517268,0.555577287517268,0.555577287517268,0.555577287517268
4740,0.5713872308842,0.5713872308842,0.5713872308842,0.5713872308842
4750,0.588085794363406,0.588085794363406,0.588085794363406,0.588085794363406
4760,0.605656883895446,0.605656883895446,0.605656883895446,0.605656883895446
4770,0.624084405420877,0.624084405420877,0.624084405420877,0.624084405420877
4780,0.643352264880259,0.643352264880259,0.643352264880259,0.643352264880259
4790,0.663444368214149,0.663444368214149,0.663444368214149,0.663444368214149
4800,0.684344621363106,0.684344621363106,0.684344621363106,0.684344621363106
4810,0.70603693026769,0.70603693026769,0.70603693026769,0.70603693026769
4820,0.728505200868458,0.728505200868458,0.728505200868458,0.728505200868458
4830,0.751463959629198,0.751463959629198,0.751463959629198,0.751463959629198
4840,0.772130330703526,0.772130330703526,0.772130330703526,0.772130330703526
4850,0.789878610254454,0.789878610254454,0.789878610254454,0.789878610254454
4860,0.804841027214122,0.804841027214122,0.804841027214122,0.804841027214122
4870,0.81714981051467,0.81714981051467,0.81714981051467,0.81714981051467
4880,0.826937189088238,0.826937189088238,0.826937189088238,0.826937189088238
4890,0.834335391866966,0.834335391866966,0.834335391866966,0.834335391866966
4900,0.839476647782993,0.839476647782993,0.839476647782993,0.839476647782993
4910,0.84249318576846,0.84249318576846,0.84249318576846,0.84249318576846
4920,0.843517234755507,0.843517234755507,0.843517234755507,0.843517234755507
4930,0.842681023676274,0.842681023676274,0.842681023676274,0.842681023676274
4940,0.840116781462899,0.840116781462899,0.840116781462899,0.840116781462899
4950,0.835956737047524,0.835956737047524,0.835956737047524,0.835956737047524
4960,0.830333119362289,0.830333119362289,0.830333119362289,0.830333119362289
4970,0.823378157339332,0.823378157339332,0.823378157339332,0.823378157339332
4980,0.815224079910795,0.815224079910795,0.815224079910795,0.815224079910795
4990,0.806003116008816,0.806003116008816,0.806003116008816,0.806003116008816
5000,0.795847494565537,0.795847494565537,0.795847494565537,0.795847494565537
5010,0.784889444513096,0.784889444513096,0.784889444513096,0.784889444513096
5020,0.773261194783634,0.773261194783635,0.773261194783635,0.773261194783635
5030,0.761094974309291,0.761094974309291,0.761094974309291,0.761094974309291
5040,0.748523012022207,0.748523012022207,0.748523012022207,0.748523012022207
5050,0.735677536854521,0.735677536854521,0.735677536854521,0.735677536854521
5060,0.722690777738373,0.722690777738373,0.722690777738373,0.722690777738373
5070,0.709694963605904,0.709694963605904,0.709694963605904,0.709694963605904
5080,0.696822323389253,0.696822323389253,0.696822323389253,0.696822323389253
5090,0.68420508602056,0.68420508602056,0.68420508602056,0.68420508602056
5100,0.671975480431966,0.671975480431966,0.671975480431966,0.671975480431966
5110,0.660265735555609,0.660265735555609,0.660265735555609,0.660265735555609
5120,0.649208080323631,0.649208080323631,0.649208080323631,0.649208080323631
5130,0.63893474366817,0.63893474366817,0.63893474366817,0.63893474366817
5140,0.629577954521367,0.629577954521367,0.629577954521367,0.629577954521367
5150,0.621269941815361,0.621269941815362,0.621269941815362,0.621269941815362
5160,0.614142934482294,0.614142934482294,0.614142934482294,0.614142934482294
5170,0.608337517436201,0.608337517436201,0.608337517436201,0.608337517436201
5180,0.603922593927291,0.603922593927291,0.603922593927291,0.603922593927291
5190,0.600848476243958,0.600848476243958,0.600848476243958,0.600848476243958
5200,0.599060711795817,0.599060711795818,0.599060711795818,0.599060711795818
5210,0.598504847992485,0.598504847992485,0.598504847992485,0.598504847992485
5220,0.599126432243576,0.599126432243576,0.599126432243576,0.599126432243576
5230,0.600871011958705,0.600871011958705,0.600871011958705,0.600871011958705
5240,0.603684134547487,0.603684134547487,0.603684134547487,0.603684134547487
5250,0.607511347419539,0.607511347419539,0.607511347419539,0.607511347419539
5260,0.612298197984474,0.612298197984474,0.612298197984474,0.612298197984474
5270,0.617990233651909,0.617990233651909,0.617990233651909,0.617990233651909
5280,0.624533001831458,0.624533001831458,0.624533001831458,0.624533001831458
5290,0.631872049932737,0.631872049932737,0.631872049932737,0.631872049932737
5300,0.639952925365361,0.639952925365361,0.639952925365361,0.639952925365361
5310,0.648721175538945,0.648721175538945,0.648721175538945,0.648721175538945
5320,0.658122347863105,0.658122347863105,0.658122347863105,0.658122347863105
5330,0.668101989747455,0.668101989747455,0.668101989747455,0.668101989747455
5340,0.678605648601612,0.678605648601612,0.678605648601612,0.678605648601612
5350,0.689578871835189,0.689578871835189,0.689578871835189,0.689578871835189
5360,0.700967206857803,0.700967206857803,0.700967206857803,0.700967206857803
5370,0.712716201079069,0.712716201079069,0.712716201079069,0.712716201079069
5380,0.724771401908601,0.724771401908601,0.724771401908601,0.724771401908601
5390,0.737078356756015,0.737078356756015,0.737078356756015,0.737078356756015
5400,0.749582613030927,0.749582613030927,0.749582613030927,0.749582613030927
5410,0.762229718142951,0.762229718142951,0.762229718142951,0.762229718142951
5420,0.774965219501703,0.774965219501704,0.774965219501704,0.774965219501704
5430,0.787734664516799,0.787734664516799,0.787734664516799,0.787734664516799
5440,0.800483600597852,0.800483600597852,0.800483600597852,0.800483600597852
5450,0.813157575154479,0.813157575154479,0.813157575154479,0.813157575154479
5460,0.825702135596295,0.825702135596295,0.825702135596295,0.825702135596295
5470,0.838062829332915,0.838062829332915,0.838062829332915,0.838062829332915
5480,0.850185203773953,0.850185203773953,0.850185203773953,0.850185203773953
5490,0.862014806329027,0.862014806329027,0.862014806329027,0.862014806329027
5500,0.87349718440775,0.87349718440775,0.87349718440775,0.87349718440775
5510,0.884534942504818,0.884534942504818,0.884534942504818,0.884534942504818
5520,0.895072974327244,0.895072974327244,0.895072974327244,0.895072974327244
5530,0.905120261103116,0.905120261103116,0.905120261103116,0.905120261103116
5540,0.914685784060525,0.914685784060525,0.914685784060525,0.914685784060525
5550,0.923778524427561,0.923778524427561,0.923778524427561,0.923778524427561
5560,0.932407463432313,0.932407463432313,0.932407463432313,0.932407463432313
5570,0.940581582302871,0.940581582302871,0.940581582302871,0.940581582302871
5580,0.948309862267324,0.948309862267324,0.948309862267324,0.948309862267324
5590,0.955601284553763,0.955601284553763,0.955601284553763,0.955601284553763
5600,0.962464830390277,0.962464830390277,0.962464830390277,0.962464830390277
5610,0.968909481004955,0.968909481004955,0.968909481004955,0.968909481004955
5620,0.974944217625888,0.974944217625888,0.974944217625888,0.974944217625888
5630,0.980578021481165,0.980578021481165,0.980578021481165,0.980578021481165
5640,0.985819873798876,0.985819873798876,0.985819873798876,0.985819873798876
5650,0.990678755807111,0.990678755807111,0.990678755807111,0.990678755807111
5660,0.995163648733958,0.995163648733958,0.995163648733958,0.995163648733958
5670,0.999283533807509,0.999283533807509,0.999283533807509,0.999283533807509
5680,1.00304739225585,1.00304739225585,1.00304739225585,1.00304739225585
5690,1.00646420530708,1.00646420530708,1.00646420530708,1.00646420530708
5700,1.00954295418928,1.00954295418928,1.00954295418928,1.00954295418928
5710,1.01229262013054,1.01229262013054,1.01229262013054,1.01229262013054
5720,1.01472218435895,1.01472218435895,1.01472218435895,1.01472218435895
5730,1.0168406281026,1.0168406281026,1.0168406281026,1.0168406281026
5740,1.01865693258959,1.01865693258959,1.01865693258959,1.01865693258959
5750,1.02018007904799,1.02018007904799,1.02018007904799,1.02018007904799
5760,1.02141904870591,1.02141904870591,1.02141904870591,1.02141904870591
5770,1.02238282279142,1.02238282279142,1.02238282279142,1.02238282279142
5780,1.02308038253263,1.02308038253263,1.02308038253263,1.02308038253263
5790,1.02352070915761,1.02352070915761,1.02352070915761,1.02352070915761
5800,1.02371278389447,1.02371278389447,1.02371278389447,1.02371278389447
5810,1.02366558797128,1.02366558797128,1.02366558797128,1.02366558797128
5820,1.02338810261614,1.02338810261614,1.02338810261614,1.02338810261614
5830,1.02288930905714,1.02288930905714,1.02288930905714,1.02288930905714
5840,1.02227600045035,1.02227600045035,1.02227600045035,1.02227600045035
5850,1.02295993390556,1.02295993390555,1.02295993390555,1.02295993390555
5860,1.02532983847158,1.02532983847158,1.02532983847158,1.02532983847158
5870,1.02929302421412,1.02929302421412,1.02929302421412,1.02929302421412
5880,1.03475680119885,1.03475680119885,1.03475680119885,1.03475680119885
5890,1.04162847949146,1.04162847949146,1.04162847949146,1.04162847949146
5900,1.04981536915763,1.04981536915763,1.04981536915763,1.04981536915763
5910,1.05922478026305,1.05922478026305,1.05922478026305,1.05922478026305
5920,1.0697640228734,1.0697640228734,1.0697640228734,1.0697640228734
5930,1.08134040705437,1.08134040705437,1.08134040705437,1.08134040705437
5940,1.09386124287164,1.09386124287164,1.09386124287164,1.09386124287164
5950,1.10723384039091,1.10723384039091,1.10723384039091,1.10723384039091
5960,1.12136550967785,1.12136550967785,1.12136550967785,1.12136550967785
5970,1.13616356079814,1.13616356079814,1.13616356079814,1.13616356079814
5980,1.15153530381748,1.15153530381748,1.15153530381748,1.15153530381748
5990,1.16738804880155,1.16738804880155,1.16738804880155,1.16738804880155
6000,1.18362910581603,1.18362910581603,1.18362910581603,1.18362910581603
6010,1.20016578492662,1.20016578492662,1.20016578492662,1.20016578492662
6020,1.21690539619898,1.21690539619898,1.21690539619898,1.21690539619898
6030,1.23375524969882,1.23375524969882,1.23375524969882,1.23375524969882
6040,1.25062265549181,1.25062265549181,1.25062265549181,1.25062265549181
6050,1.26741492364364,1.26741492364364,1.26741492364364,1.26741492364364
6060,1.28403936421999,1.28403936421999,1.28403936421999,1.28403936421999
6070,1.30040328728656,1.30040328728656,1.30040328728656,1.30040328728656
6080,1.31641400290902,1.31641400290902,1.31641400290902,1.31641400290902
6090,1.33197882115306,1.33197882115306,1.33197882115306,1.33197882115306
6100,1.34700505208436,1.34700505208436,1.34700505208436,1.34700505208436
6110,1.36140000576862,1.36140000576862,1.36140000576862,1.36140000576862
6120,1.37507099227151,1.37507099227151,1.37507099227151,1.37507099227151
6130,1.38792532165872,1.38792532165872,1.38792532165872,1.38792532165872
6140,1.39987030399593,1.39987030399593,1.39987030399593,1.39987030399593
6150,1.41081324934884,1.41081324934884,1.41081324934884,1.41081324934884
6160,1.42066146778312,1.42066146778312,1.42066146778312,1.42066146778312
6170,1.42932226936446,1.42932226936447,1.42932226936447,1.42932226936447
6180,1.43667687775402,1.43667687775402,1.43667687775402,1.43667687775402
6190,1.44256674448588,1.44256674448588,1.44256674448588,1.44256674448588
6200,1.44696129669201,1.44696129669201,1.44696129669201,1.44696129669201
6210,1.44984106880613,1.44984106880613,1.44984106880613,1.44984106880613
6220,1.45118659526195,1.45118659526195,1.45118659526195,1.45118659526195
6230,1.4509784104932,1.4509784104932,1.4509784104932,1.4509784104932
6240,1.44919704893359,1.44919704893359,1.44919704893359,1.44919704893359
6250,1.44582304501684,1.44582304501684,1.44582304501684,1.44582304501684
6260,1.44083693317667,1.44083693317667,1.44083693317667,1.44083693317667
6270,1.4342192478468,1.4342192478468,1.4342192478468,1.4342192478468
6280,1.42595052346094,1.42595052346094,1.42595052346094,1.42595052346094
6290,1.41601129445281,1.41601129445281,1.41601129445281,1.41601129445281
6300,1.40438209525613,1.40438209525613,1.40438209525613,1.40438209525613
6310,1.39104346030462,1.39104346030462,1.39104346030462,1.39104346030462
6320,1.375975924032,1.375975924032,1.375975924032,1.375975924032
6330,1.35916002087199,1.35916002087199,1.35916002087199,1.35916002087199
6340,1.34057628525829,1.34057628525829,1.34057628525829,1.34057628525829
6350,1.32020525162464,1.32020525162464,1.32020525162464,1.32020525162464
6360,1.29802745440475,1.29802745440475,1.29802745440475,1.29802745440475
6370,1.27402342803234,1.27402342803234,1.27402342803234,1.27402342803234
6380,1.24817370694112,1.24817370694112,1.24817370694112,1.24817370694112
6390,1.22045882556482,1.22045882556482,1.22045882556482,1.22045882556482
6400,1.19085931833715,1.19085931833715,1.19085931833715,1.19085931833715
6410,1.15935571969183,1.15935571969183,1.15935571969183,1.15935571969183
6420,1.12592856406258,1.12592856406258,1.12592856406258,1.12592856406258
6430,1.09055838588311,1.09055838588311,1.09055838588311,1.09055838588311
6440,1.05322571958715,1.05322571958715,1.05322571958715,1.05322571958715
6450,1.01391109960841,1.01391109960841,1.01391109960841,1.01391109960841
6460,0.972595060380619,0.972595060380619,0.972595060380619,0.972595060380619
6470,0.929258136337483,0.929258136337483,0.929258136337483,0.929258136337483
6480,0.883880861912725,0.883880861912725,0.883880861912725,0.883880861912725
6490,0.836443771540062,0.836443771540061,0.836443771540061,0.836443771540061
6500,0.786927399653213,0.786927399653213,0.786927399653213,0.786927399653213
6510,0.735312280685896,0.735312280685896,0.735312280685896,0.735312280685896
6520,0.684469976568372,0.684469976568372,0.684469976568372,0.684469976568372
6530,0.637973748028927,0.637973748028927,0.637973748028927,0.637973748028927
6540,0.595685855204377,0.595685855204377,0.595685855204377,0.595685855204377
6550,0.557455623798092,0.557455623798092,0.557455623798092,0.557455623798092
6560,0.523132379513443,0.523132379513443,0.523132379513443,0.523132379513443
6570,0.492565448053801,0.492565448053801,0.492565448053801,0.492565448053801
6580,0.465604155122536,0.465604155122536,0.465604155122536,0.465604155122536
6590,0.442097826423019,0.442097826423019,0.442097826423019,0.442097826423019
6600,0.421895787658621,0.421895787658621,0.421895787658621,0.421895787658621
6610,0.404847364532711,0.404847364532711,0.404847364532711,0.404847364532711
6620,0.390801882748662,0.390801882748662,0.390801882748662,0.390801882748662
6630,0.379608668009843,0.379608668009843,0.379608668009843,0.379608668009843
6640,0.371117046019624,0.371117046019624,0.371117046019624,0.371117046019624
6650,0.365176342481378,0.365176342481377,0.365176342481377,0.365176342481377
6660,0.361635883098473,0.361635883098473,0.361635883098473,0.361635883098473
6670,0.360344993574281,0.360344993574281,0.360344993574281,0.360344993574281
6680,0.361152999612172,0.361152999612172,0.361152999612172,0.361152999612172
6690,0.363909226915517,0.363909226915517,0.363909226915517,0.363909226915517
6700,0.368463001187687,0.368463001187687,0.368463001187687,0.368463001187687
6710,0.374663648132052,0.374663648132052,0.374663648132052,0.374663648132052
6720,0.382360493451983,0.382360493451983,0.382360493451983,0.382360493451983
6730,0.391402862850849,0.391402862850849,0.391402862850849,0.391402862850849
6740,0.401640082032023,0.401640082032023,0.401640082032023,0.401640082032023
6750,0.412921476698874,0.412921476698874,0.412921476698874,0.412921476698874
6760,0.425096372554774,0.425096372554774,0.425096372554774,0.425096372554774
6770,0.438014095303092,0.438014095303091,0.438014095303091,0.438014095303091
6780,0.451523970647199,0.451523970647199,0.451523970647199,0.451523970647199
6790,0.465475324290466,0.465475324290466,0.465475324290466,0.465475324290466
6800,0.479717481936264,0.479717481936264,0.479717481936264,0.479717481936264
6810,0.494099769287962,0.494099769287962,0.494099769287962,0.494099769287962
6820,0.508471512048933,0.508471512048933,0.508471512048933,0.508471512048933
6830,0.522682035922546,0.522682035922546,0.522682035922546,0.522682035922546
6840,0.536580666612172,0.536580666612171,0.536580666612171,0.536580666612171
6850,0.550040106991697,0.550040106991697,0.550040106991697,0.550040106991697
6860,0.563446666193611,0.563446666193611,0.563446666193611,0.563446666193611
6870,0.57693901061454,0.57693901061454,0.57693901061454,0.57693901061454
6880,0.590453578960459,0.590453578960459,0.590453578960459,0.590453578960459
6890,0.603926809937343,0.603926809937343,0.603926809937343,0.603926809937343
6900,0.617295142251167,0.617295142251167,0.617295142251167,0.617295142251167
6910,0.630495014607905,0.630495014607905,0.630495014607905,0.630495014607905
6920,0.643462865713532,0.643462865713532,0.643462865713532,0.643462865713532
6930,0.656135134274024,0.656135134274024,0.656135134274024,0.656135134274024
6940,0.668448258995355,0.668448258995355,0.668448258995355,0.668448258995355
6950,0.680338678583499,0.680338678583499,0.680338678583499,0.680338678583499
6960,0.691742831744433,0.691742831744433,0.691742831744433,0.691742831744433
6970,0.70259715718413,0.702597157184129,0.702597157184129,0.702597157184129
6980,0.712838093608565,0.712838093608565,0.712838093608565,0.712838093608565
6990,0.722402079723713,0.722402079723713,0.722402079723713,0.722402079723713
7000,0.731225554235549,0.731225554235549,0.731225554235549,0.731225554235549
7010,0.739244955850049,0.739244955850049,0.739244955850049,0.739244955850049
7020,0.746396723273185,0.746396723273185,0.746396723273185,0.746396723273185
7030,0.752617295210935,0.752617295210935,0.752617295210935,0.752617295210935
7040,0.757843110369272,0.757843110369272,0.757843110369272,0.757843110369272
7050,0.76201060745417,0.76201060745417,0.76201060745417,0.76201060745417
7060,0.765056225171606,0.765056225171606,0.765056225171606,0.765056225171606
7070,0.766916402227554,0.766916402227554,0.766916402227554,0.766916402227554
7080,0.767527577327989,0.767527577327989,0.767527577327989,0.767527577327989
7090,0.766826189178885,0.766826189178885,0.766826189178885,0.766826189178885
7100,0.764748676486217,0.764748676486217,0.764748676486217,0.764748676486217
7110,0.761231477955961,0.761231477955961,0.761231477955961,0.761231477955961
7120,0.75621103229409,0.75621103229409,0.75621103229409,0.75621103229409
7130,0.749623778206581,0.749623778206581,0.749623778206581,0.749623778206581
7140,0.741406154399407,0.741406154399407,0.741406154399407,0.741406154399407
7150,0.731494599578543,0.731494599578543,0.731494599578543,0.731494599578543
7160,0.719825552449965,0.719825552449965,0.719825552449965,0.719825552449965
7170,0.706335451719647,0.706335451719647,0.706335451719647,0.706335451719647
7180,0.690960736093564,0.690960736093565,0.690960736093565,0.690960736093565
7190,0.673677022663681,0.673677022663681,0.673677022663681,0.673677022663681
7200,0.654652283892254,0.654652283892254,0.654652283892254,0.654652283892254
7210,0.633957925973788,0.633957925973788,0.633957925973788,0.633957925973788
7220,0.611645321095455,0.611645321095455,0.611645321095455,0.611645321095455
7230,0.587765841444427,0.587765841444427,0.587765841444427,0.587765841444427
7240,0.562370859207875,0.562370859207875,0.562370859207875,0.562370859207875
7250,0.535511746572973,0.535511746572973,0.535511746572973,0.535511746572973
7260,0.507239875726891,0.507239875726891,0.507239875726891,0.507239875726891
7270,0.477606618856802,0.477606618856802,0.477606618856802,0.477606618856802
7280,0.446663348149877,0.446663348149877,0.446663348149877,0.446663348149877
7290,0.414461435793289,0.414461435793289,0.414461435793289,0.414461435793289
7300,0.38105225397421,0.38105225397421,0.38105225397421,0.38105225397421
7310,0.346487174879811,0.346487174879811,0.346487174879811,0.346487174879811
7320,0.310817570697265,0.310817570697265,0.310817570697265,0.310817570697265
7330,0.274094813613744,0.274094813613744,0.274094813613744,0.274094813613744
7340,0.236370275816419,0.236370275816419,0.236370275816419,0.236370275816419
7350,0.197695329492463,0.197695329492463,0.197695329492463,0.197695329492463
7360,0.158121346829047,0.158121346829047,0.158121346829047,0.158121346829047
7370,0.117699700013343,0.117699700013343,0.117699700013343,0.117699700013343
7380,0.0764817612325238,0.0764817612325238,0.0764817612325238,0.0764817612325238
7390,0.0345189026737611,0.0345189026737611,0.0345189026737611,0.0345189026737611
7400,-0.00813750347577342,-0.00813750347577344,-0.00813750347577344,-0.00813750347577344
7410,-0.0514360850289074,-0.0514360850289074,-0.0514360850289074,-0.0514360850289074
7420,-0.0953254697984693,-0.0953254697984693,-0.0953254697984693,-0.0953254697984693
7430,-0.139754285597287,-0.139754285597287,-0.139754285597287,-0.139754285597287
7440,-0.184671160238188,-0.184671160238188,-0.184671160238188,-0.184671160238188
7450,-0.230024721534001,-0.230024721534001,-0.230024721534001,-0.230024721534001
7460,-0.275763597297554,-0.275763597297554,-0.275763597297554,-0.275763597297554
7470,-0.321836415341675,-0.321836415341675,-0.321836415341675,-0.321836415341675
7480,-0.368191803479191,-0.368191803479191,-0.368191803479191,-0.368191803479191
7490,-0.414778389522932,-0.414778389522932,-0.414778389522932,-0.414778389522932
7500,-0.461544801285724,-0.461544801285724,-0.461544801285724,-0.461544801285724
7510,-0.508439666580397,-0.508439666580397,-0.508439666580397,-0.508439666580397
7520,-0.555411613219778,-0.555411613219778,-0.555411613219778,-0.555411613219778
7530,-0.602178519653872,-0.602178519653872,-0.602178519653872,-0.602178519653872
7540,-0.648323576866034,-0.648323576866034,-0.648323576866034,-0.648323576866034
7550,-0.693793901093544,-0.693793901093544,-0.693793901093544,-0.693793901093544
7560,-0.738541326093163,-0.738541326093163,-0.738541326093163,-0.738541326093163
7570,-0.782517685621652,-0.782517685621652,-0.782517685621652,-0.782517685621652
7580,-0.825674813435774,-0.825674813435773,-0.825674813435773,-0.825674813435773
7590,-0.867964543292289,-0.867964543292289,-0.867964543292289,-0.867964543292289
7600,-0.909338708947959,-0.909338708947959,-0.909338708947959,-0.909338708947959
7610,-0.949749144159546,-0.949749144159546,-0.949749144159546,-0.949749144159546
7620,-0.989147682683812,-0.989147682683812,-0.989147682683812,-0.989147682683812
7630,-1.02748615827752,-1.02748615827752,-1.02748615827752,-1.02748615827752
7640,-1.06471640469742,-1.06471640469742,-1.06471640469742,-1.06471640469742
7650,-1.10079025570029,-1.10079025570029,-1.10079025570029,-1.10079025570029
7660,-1.13565954504289,-1.13565954504289,-1.13565954504289,-1.13565954504289
7670,-1.16927610648197,-1.16927610648197,-1.16927610648197,-1.16927610648197
7680,-1.2015917737743,-1.2015917737743,-1.2015917737743,-1.2015917737743
7690,-1.23255838067664,-1.23255838067664,-1.23255838067664,-1.23255838067664
7700,-1.26212776094575,-1.26212776094575,-1.26212776094575,-1.26212776094575
7710,-1.29025174833839,-1.29025174833839,-1.29025174833839,-1.29025174833839
7720,-1.31688217661132,-1.31688217661132,-1.31688217661132,-1.31688217661132
7730,-1.34197087952131,-1.34197087952131,-1.34197087952131,-1.34197087952131
7740,-1.36546969082512,-1.36546969082512,-1.36546969082512,-1.36546969082512
7750,-1.38733044427951,-1.38733044427951,-1.38733044427951,-1.38733044427951
7760,-1.40750497364123,-1.40750497364123,-1.40750497364123,-1.40750497364123
7770,-1.42594511266706,-1.42594511266706,-1.42594511266706,-1.42594511266706
7780,-1.44260269511375,-1.44260269511375,-1.44260269511375,-1.44260269511375
7790,-1.45742955473807,-1.45742955473807,-1.45742955473807,-1.45742955473807
7800,-1.47037752529677,-1.47037752529677,-1.47037752529677,-1.47037752529677
7810,-1.48139844054662,-1.48139844054662,-1.48139844054662,-1.48139844054662
7820,-1.49044413424438,-1.49044413424438,-1.49044413424438,-1.49044413424438
7830,-1.49746644014681,-1.49746644014682,-1.49746644014682,-1.49746644014682
7840,-1.50241719201068,-1.50241719201068,-1.50241719201068,-1.50241719201068
7850,-1.50524822359274,-1.50524822359274,-1.50524822359274,-1.50524822359274
7860,-1.50591653267432,-1.50591653267432,-1.50591653267432,-1.50591653267432
7870,-1.50458800678007,-1.50458800678007,-1.50458800678007,-1.50458800678007
7880,-1.50139631268439,-1.50139631268439,-1.50139631268439,-1.50139631268439
7890,-1.49638863986891,-1.49638863986891,-1.49638863986891,-1.49638863986891
7900,-1.48961217781531,-1.48961217781531,-1.48961217781531,-1.48961217781531
7910,-1.48111411600523,-1.48111411600523,-1.48111411600523,-1.48111411600523
7920,-1.47094164392034,-1.47094164392034,-1.47094164392034,-1.47094164392034
7930,-1.45914195104229,-1.45914195104229,-1.45914195104229,-1.45914195104229
7940,-1.44576222685273,-1.44576222685273,-1.44576222685273,-1.44576222685273
7950,-1.43084966083333,-1.43084966083333,-1.43084966083333,-1.43084966083333
7960,-1.41445144246575,-1.41445144246575,-1.41445144246575,-1.41445144246575
7970,-1.39661476123163,-1.39661476123163,-1.39661476123163,-1.39661476123163
7980,-1.37738680661264,-1.37738680661264,-1.37738680661264,-1.37738680661264
7990,-1.35681476809043,-1.35681476809043,-1.35681476809043,-1.35681476809043
8000,-1.33494583514667,-1.33494583514667,-1.33494583514667,-1.33494583514667
8010,-1.311827197263,-1.311827197263,-1.311827197263,-1.311827197263
8020,-1.28750604392109,-1.28750604392109,-1.28750604392109,-1.28750604392109
8030,-1.26202956460259,-1.26202956460259,-1.26202956460259,-1.26202956460259
8040,-1.23544494878916,-1.23544494878916,-1.23544494878916,-1.23544494878916
8050,-1.20779938596246,-1.20779938596246,-1.20779938596246,-1.20779938596246
8060,-1.17914006560414,-1.17914006560414,-1.17914006560414,-1.17914006560414
8070,-1.14951417719586,-1.14951417719586,-1.14951417719586,-1.14951417719586
8080,-1.11896891021928,-1.11896891021928,-1.11896891021928,-1.11896891021928
8090,-1.08755145415605,-1.08755145415605,-1.08755145415605,-1.08755145415605
8100,-1.05530899848783,-1.05530899848783,-1.05530899848783,-1.05530899848783
8110,-1.02228873269629,-1.02228873269629,-1.02228873269629,-1.02228873269629
8120,-0.98853784626307,-0.98853784626307,-0.98853784626307,-0.98853784626307
8130,-0.954103528669835,-0.954103528669835,-0.954103528669835,-0.954103528669835
8140,-0.91903296939824,-0.91903296939824,-0.91903296939824,-0.91903296939824
8150,-0.883373357929943,-0.883373357929943,-0.883373357929943,-0.883373357929943
8160,-0.8471718837466,-0.8471718837466,-0.8471718837466,-0.8471718837466
8170,-0.81047573632987,-0.81047573632987,-0.81047573632987,-0.81047573632987
8180,-0.773332105161408,-0.773332105161409,-0.773332105161409,-0.773332105161409
8190,-0.735788179722873,-0.735788179722873,-0.735788179722873,-0.735788179722873
8200,-0.69806808892053,-0.69806808892053,-0.69806808892053,-0.69806808892053
8210,-0.661265040721308,-0.661265040721308,-0.661265040721308,-0.661265040721308
8220,-0.625563251205402,-0.625563251205402,-0.625563251205402,-0.625563251205402
8230,-0.590968261688131,-0.590968261688131,-0.590968261688131,-0.590968261688131
8240,-0.557485613484815,-0.557485613484815,-0.557485613484815,-0.557485613484815
8250,-0.525120847910775,-0.525120847910776,-0.525120847910776,-0.525120847910776
8260,-0.493879506281332,-0.493879506281332,-0.493879506281332,-0.493879506281332
8270,-0.463767129911805,-0.463767129911805,-0.463767129911805,-0.463767129911805
8280,-0.434789260117514,-0.434789260117514,-0.434789260117514,-0.434789260117514
8290,-0.406951438213781,-0.406951438213781,-0.406951438213781,-0.406951438213781
8300,-0.380259205515926,-0.380259205515926,-0.380259205515926,-0.380259205515926
8310,-0.354718103339268,-0.354718103339268,-0.354718103339268,-0.354718103339268
8320,-0.330333672999128,-0.330333672999128,-0.330333672999128,-0.330333672999128
8330,-0.307111455810827,-0.307111455810827,-0.307111455810827,-0.307111455810827
8340,-0.285056993089684,-0.285056993089684,-0.285056993089684,-0.285056993089684
8350,-0.264175826151021,-0.264175826151021,-0.264175826151021,-0.264175826151021
8360,-0.244473496310157,-0.244473496310157,-0.244473496310157,-0.244473496310157
8370,-0.225955544882412,-0.225955544882412,-0.225955544882412,-0.225955544882412
8380,-0.208627513183108,-0.208627513183108,-0.208627513183108,-0.208627513183108
8390,-0.192494942527564,-0.192494942527564,-0.192494942527564,-0.192494942527564
8400,-0.177563374231101,-0.177563374231101,-0.177563374231101,-0.177563374231101
8410,-0.163838349609039,-0.163838349609039,-0.163838349609039,-0.163838349609039
8420,-0.151325409976698,-0.151325409976698,-0.151325409976698,-0.151325409976698
8430,-0.140030096649399,-0.140030096649399,-0.140030096649399,-0.140030096649399
8440,-0.129957950942462,-0.129957950942462,-0.129957950942462,-0.129957950942462
8450,-0.121114514171207,-0.121114514171207,-0.121114514171207,-0.121114514171207
8460,-0.113505327650955,-0.113505327650955,-0.113505327650955,-0.113505327650955
8470,-0.107135932697025,-0.107135932697025,-0.107135932697025,-0.107135932697025
8480,-0.102011870624739,-0.102011870624739,-0.102011870624739,-0.102011870624739
8490,-0.0981386827494166,-0.0981386827494166,-0.0981386827494166,-0.0981386827494166
8500,-0.095521910386378,-0.095521910386378,-0.095521910386378,-0.095521910386378
8510,-0.0941670948509438,-0.0941670948509438,-0.0941670948509438,-0.0941670948509438
8520,-0.094079777458434,-0.094079777458434,-0.094079777458434,-0.094079777458434
8530,-0.0952654995241691,-0.095265499524169,-0.095265499524169,-0.095265499524169
8540,-0.0975207904291741,-0.0975207904291741,-0.0975207904291741,-0.0975207904291741
8550,-0.100410929038218,-0.100410929038218,-0.100410929038218,-0.100410929038218
8560,-0.103880965061093,-0.103880965061093,-0.103880965061093,-0.103880965061093
8570,-0.107886788092613,-0.107886788092613,-0.107886788092613,-0.107886788092613
8580,-0.11238428772759,-0.11238428772759,-0.11238428772759,-0.11238428772759
8590,-0.117329353560836,-0.117329353560836,-0.117329353560836,-0.117329353560836
8600,-0.122677875187163,-0.122677875187163,-0.122677875187163,-0.122677875187163
8610,-0.128385742201385,-0.128385742201385,-0.128385742201385,-0.128385742201385
8620,-0.134408844198313,-0.134408844198313,-0.134408844198313,-0.134408844198313
8630,-0.14070307077276,-0.14070307077276,-0.14070307077276,-0.14070307077276
8640,-0.147224311519538,-0.147224311519538,-0.147224311519538,-0.147224311519538
8650,-0.153928456033461,-0.153928456033461,-0.153928456033461,-0.153928456033461
8660,-0.160771393909339,-0.160771393909339,-0.160771393909339,-0.160771393909339
8670,-0.167709014741986,-0.167709014741986,-0.167709014741986,-0.167709014741986
8680,-0.174697208126215,-0.174697208126215,-0.174697208126215,-0.174697208126215
8690,-0.181691863656837,-0.181691863656837,-0.181691863656837,-0.181691863656837
8700,-0.188648870928665,-0.188648870928665,-0.188648870928665,-0.188648870928665
8710,-0.195524119536511,-0.195524119536511,-0.195524119536511,-0.195524119536511
8720,-0.202273499075188,-0.202273499075188,-0.202273499075188,-0.202273499075188
8730,-0.208852899139509,-0.208852899139509,-0.208852899139509,-0.208852899139509
8740,-0.215218209324285,-0.215218209324285,-0.215218209324285,-0.215218209324285
8750,-0.221325319224329,-0.221325319224329,-0.221325319224329,-0.221325319224329
8760,-0.227130118434454,-0.227130118434454,-0.227130118434454,-0.227130118434454
8770,-0.232588496549472,-0.232588496549472,-0.232588496549472,-0.232588496549472
8780,-0.237656343164196,-0.237656343164196,-0.237656343164196,-0.237656343164196
8790,-0.242289547873437,-0.242289547873437,-0.242289547873437,-0.242289547873437
8800,-0.246444000272009,-0.246444000272009,-0.246444000272009,-0.246444000272009
8810,-0.250075589954723,-0.250075589954723,-0.250075589954723,-0.250075589954723
8820,-0.253140206516393,-0.253140206516393,-0.253140206516393,-0.253140206516393
8830,-0.25559373955183,-0.25559373955183,-0.25559373955183,-0.25559373955183
8840,-0.257392078655848,-0.257392078655848,-0.257392078655848,-0.257392078655848
8850,-0.258491113423258,-0.258491113423258,-0.258491113423258,-0.258491113423258
8860,-0.258846733448872,-0.258846733448872,-0.258846733448872,-0.258846733448872
8870,-0.258431270869695,-0.258431270869695,-0.258431270869695,-0.258431270869695
8880,-0.258484108096827,-0.258484108096827,-0.258484108096827,-0.258484108096827
8890,-0.259770849737066,-0.259770849737066,-0.259770849737066,-0.259770849737066
8900,-0.262252005357594,-0.262252005357594,-0.262252005357594,-0.262252005357594
8910,-0.265888084525594,-0.265888084525594,-0.265888084525594,-0.265888084525594
8920,-0.270639596808248,-0.270639596808248,-0.270639596808248,-0.270639596808248
8930,-0.27646705177274,-0.27646705177274,-0.27646705177274,-0.27646705177274
8940,-0.283330958986253,-0.283330958986253,-0.283330958986253,-0.283330958986253
8950,-0.291191828015967,-0.291191828015967,-0.291191828015967,-0.291191828015967
8960,-0.300010168429068,-0.300010168429068,-0.300010168429068,-0.300010168429068
8970,-0.309746489792736,-0.309746489792736,-0.309746489792736,-0.309746489792736
8980,-0.320361301674155,-0.320361301674155,-0.320361301674155,-0.320361301674155
8990,-0.331815113640508,-0.331815113640508,-0.331815113640508,-0.331815113640508
9000,-0.344068435258976,-0.344068435258976,-0.344068435258976,-0.344068435258976
9010,-0.357081776096744,-0.357081776096744,-0.357081776096744,-0.357081776096744
9020,-0.370815645720993,-0.370815645720993,-0.370815645720993,-0.370815645720993
9030,-0.385230553698905,-0.385230553698905,-0.385230553698905,-0.385230553698905
9040,-0.400287009597665,-0.400287009597665,-0.400287009597665,-0.400287009597665
9050,-0.415945522984454,-0.415945522984454,-0.415945522984454,-0.415945522984454
9060,-0.432166603426455,-0.432166603426455,-0.432166603426455,-0.432166603426455
9070,-0.448910760490851,-0.448910760490851,-0.448910760490851,-0.448910760490851
9080,-0.466138503744824,-0.466138503744824,-0.466138503744824,-0.466138503744824
9090,-0.483810342755558,-0.483810342755558,-0.483810342755558,-0.483810342755558
9100,-0.501886787090234,-0.501886787090234,-0.501886787090234,-0.501886787090234
9110,-0.520328346316036,-0.520328346316036,-0.520328346316036,-0.520328346316036
9120,-0.539095530000145,-0.539095530000145,-0.539095530000145,-0.539095530000145
9130,-0.558148847709746,-0.558148847709746,-0.558148847709746,-0.558148847709746
9140,-0.57744880901202,-0.57744880901202,-0.57744880901202,-0.57744880901202
9150,-0.59695592347415,-0.59695592347415,-0.59695592347415,-0.59695592347415
9160,-0.616630700663319,-0.616630700663319,-0.616630700663319,-0.616630700663319
9170,-0.636433650146709,-0.636433650146709,-0.636433650146709,-0.636433650146709
9180,-0.656325281491503,-0.656325281491503,-0.656325281491503,-0.656325281491503
9190,-0.676266104264885,-0.676266104264885,-0.676266104264885,-0.676266104264885
9200,-0.696216628034035,-0.696216628034035,-0.696216628034035,-0.696216628034035
9210,-0.716145165757342,-0.716145165757342,-0.716145165757342,-0.716145165757342
9220,-0.736061488446572,-0.736061488446572,-0.736061488446572,-0.736061488446572
9230,-0.755907173503332,-0.755907173503332,-0.755907173503332,-0.755907173503332
9240,-0.775609126774629,-0.775609126774629,-0.775609126774629,-0.775609126774629
9250,-0.795094254107469,-0.795094254107469,-0.795094254107469,-0.795094254107469
9260,-0.814289461348859,-0.814289461348859,-0.814289461348859,-0.814289461348859
9270,-0.833121654345805,-0.833121654345805,-0.833121654345805,-0.833121654345805
9280,-0.851517738945315,-0.851517738945315,-0.851517738945315,-0.851517738945315
9290,-0.869404620994395,-0.869404620994395,-0.869404620994395,-0.869404620994395
9300,-0.886709206340051,-0.886709206340051,-0.886709206340051,-0.886709206340051
9310,-0.903358400829291,-0.903358400829291,-0.903358400829291,-0.903358400829291
9320,-0.919279110309121,-0.919279110309121,-0.919279110309121,-0.919279110309121
9330,-0.934398240626547,-0.934398240626547,-0.934398240626547,-0.934398240626547
9340,-0.948642697628577,-0.948642697628577,-0.948642697628577,-0.948642697628577
9350,-0.961939387162217,-0.961939387162217,-0.961939387162217,-0.961939387162217
9360,-0.974215215074473,-0.974215215074473,-0.974215215074473,-0.974215215074473
9370,-0.985397087212352,-0.985397087212353,-0.985397087212353,-0.985397087212353
9380,-0.995411909422862,-0.995411909422862,-0.995411909422862,-0.995411909422862
9390,-1.00418658755301,-1.00418658755301,-1.00418658755301,-1.00418658755301
9400,-1.0116480274498,-1.0116480274498,-1.0116480274498,-1.0116480274498
9410,-1.01772313496024,-1.01772313496024,-1.01772313496024,-1.01772313496024
9420,-1.02233881593133,-1.02233881593133,-1.02233881593133,-1.02233881593133
9430,-1.02542197621009,-1.02542197621009,-1.02542197621009,-1.02542197621009
9440,-1.02689952164352,-1.02689952164352,-1.02689952164352,-1.02689952164352
9450,-1.02669835807863,-1.02669835807863,-1.02669835807863,-1.02669835807863
9460,-1.02474539136242,-1.02474539136242,-1.02474539136242,-1.02474539136242
9470,-1.0209675273419,-1.0209675273419,-1.0209675273419,-1.0209675273419
9480,-1.01529167186407,-1.01529167186407,-1.01529167186407,-1.01529167186407
9490,-1.00764473077595,-1.00764473077595,-1.00764473077595,-1.00764473077595
9500,-0.99795360992454,-0.99795360992454,-0.99795360992454,-0.99795360992454
9510,-0.986145215156845,-0.986145215156845,-0.986145215156845,-0.986145215156845
9520,-0.972146452319874,-0.972146452319874,-0.972146452319874,-0.972146452319874
9530,-0.955884227260633,-0.955884227260633,-0.955884227260633,-0.955884227260633
9540,-0.937285445826128,-0.937285445826128,-0.937285445826128,-0.937285445826128
9550,-0.916444569513672,-0.916444569513672,-0.916444569513672,-0.916444569513672
9560,-0.89378126769674,-0.89378126769674,-0.89378126769674,-0.89378126769674
9570,-0.86940233677304,-0.86940233677304,-0.86940233677304,-0.86940233677304
9580,-0.843397653459023,-0.843397653459023,-0.843397653459023,-0.843397653459023
9590,-0.815857094471142,-0.815857094471142,-0.815857094471142,-0.815857094471142
9600,-0.786870536525848,-0.786870536525848,-0.786870536525848,-0.786870536525848
9610,-0.756527856339594,-0.756527856339594,-0.756527856339594,-0.756527856339594
9620,-0.724918930628832,-0.724918930628832,-0.724918930628832,-0.724918930628832
9630,-0.692133636110013,-0.692133636110013,-0.692133636110013,-0.692133636110013
9640,-0.65826184949959,-0.65826184949959,-0.65826184949959,-0.65826184949959
9650,-0.623393447514014,-0.623393447514014,-0.623393447514014,-0.623393447514014
9660,-0.587618306869739,-0.587618306869739,-0.587618306869739,-0.587618306869739
9670,-0.551026304283215,-0.551026304283215,-0.551026304283215,-0.551026304283215
9680,-0.513707316470895,-0.513707316470895,-0.513707316470895,-0.513707316470895
9690,-0.475751220149231,-0.475751220149231,-0.475751220149231,-0.475751220149231
9700,-0.437247892034674,-0.437247892034674,-0.437247892034674,-0.437247892034674
9710,-0.398287208843678,-0.398287208843678,-0.398287208843678,-0.398287208843678
9720,-0.358959047292693,-0.358959047292693,-0.358959047292693,-0.358959047292693
9730,-0.319353284098173,-0.319353284098173,-0.319353284098173,-0.319353284098173
9740,-0.279559795976568,-0.279559795976568,-0.279559795976568,-0.279559795976568
9750,-0.239668459644331,-0.239668459644332,-0.239668459644332,-0.239668459644332
9760,-0.199769151817915,-0.199769151817915,-0.199769151817915,-0.199769151817915
9770,-0.15995174921377,-0.15995174921377,-0.15995174921377,-0.15995174921377
9780,-0.12030612854835,-0.12030612854835,-0.12030612854835,-0.12030612854835
9790,-0.0809221665381056,-0.0809221665381057,-0.0809221665381057,-0.0809221665381057
9800,-0.0418897398994895,-0.0418897398994896,-0.0418897398994896,-0.0418897398994896
9810,-0.00329872534895342,-0.00329872534895359,-0.00329872534895359,-0.00329872534895359
9820,0.0347610003970504,0.0347610003970502,0.0347610003970502,0.0347610003970502
9830,0.0721995606220699,0.0721995606220697,0.0721995606220697,0.0721995606220697
9840,0.108927078609653,0.108927078609653,0.108927078609653,0.108927078609653
9850,0.144853677643348,0.144853677643348,0.144853677643348,0.144853677643348
9860,0.179889481006703,0.179889481006703,0.179889481006703,0.179889481006703
9870,0.213944611983265,0.213944611983265,0.213944611983265,0.213944611983265
9880,0.246928965560106,0.246928965560106,0.246928965560106,0.246928965560106
9890,0.278684841687723,0.278684841687723,0.278684841687723,0.278684841687723
9900,0.309059517569286,0.309059517569286,0.309059517569286,0.309059517569286
9910,0.337949666971133,0.337949666971133,0.337949666971133,0.337949666971133
9920,0.365251963659602,0.365251963659602,0.365251963659602,0.365251963659602
9930,0.390863081401031,0.390863081401031,0.390863081401031,0.390863081401031
9940,0.414679693961758,0.414679693961758,0.414679693961758,0.414679693961758
9950,0.436598475108121,0.436598475108121,0.436598475108121,0.436598475108121
9960,0.456516098606457,0.456516098606457,0.456516098606457,0.456516098606457
9970,0.474329238223106,0.474329238223106,0.474329238223106,0.474329238223106
9980,0.489934567724404,0.489934567724404,0.489934567724404,0.489934567724404
9990,0.50322876087669,0.503228760876689,0.503228760876689,0.503228760876689
10000,0.514108491446301,0.514108491446301,0.514108491446301,0.514108491446301
10010,0.522470433199576,0.522470433199575,0.522470433199575,0.522470433199575
10020,0.528211259902852,0.528211259902852,0.528211259902852,0.528211259902852
10030,0.531227645322467,0.531227645322467,0.531227645322467,0.531227645322467
10040,0.531416263224761,0.531416263224761,0.531416263224761,0.531416263224761
10050,0.528673787376069,0.528673787376069,0.528673787376069,0.528673787376069
10060,0.522896891542731,0.522896891542731,0.522896891542731,0.522896891542731
10070,0.513982249491084,0.513982249491084,0.513982249491084,0.513982249491084
10080,0.501826534987466,0.501826534987466,0.501826534987466,0.501826534987466
10090,0.486326421798216,0.486326421798216,0.486326421798216,0.486326421798216
10100,0.46737858368967,0.46737858368967,0.46737858368967,0.46737858368967
10110,0.444879694428168,0.444879694428167,0.444879694428167,0.444879694428167
10120,0.418726427780046,0.418726427780046,0.418726427780046,0.418726427780046
10130,0.388815457511644,0.388815457511644,0.388815457511644,0.388815457511644
10140,0.355043457389298,0.355043457389298,0.355043457389298,0.355043457389298
10150,0.317307101179347,0.317307101179347,0.317307101179347,0.317307101179347
10160,0.27550306264813,0.275503062648129,0.275503062648129,0.275503062648129
10170,0.229528015561982,0.229528015561982,0.229528015561982,0.229528015561982
10180,0.179278633687244,0.179278633687244,0.179278633687244,0.179278633687244
10190,0.124651590790252,0.124651590790252,0.124651590790252,0.124651590790252
10200,0.0655435606373449,0.0655435606373449,0.0655435606373449,0.0655435606373449
10210,0.00185121699486041,0.00185121699486041,0.00185121699486041,0.00185121699486041
10220,-0.0660465207098935,-0.0660465207098935,-0.0660465207098935,-0.0660465207098935
10230,-0.133192100470622,-0.133192100470622,-0.133192100470622,-0.133192100470622
10240,-0.198277802935465,-0.198277802935465,-0.198277802935465,-0.198277802935465
10250,-0.261330502713739,-0.261330502713739,-0.261330502713739,-0.261330502713739
10260,-0.322377074414764,-0.322377074414764,-0.322377074414764,-0.322377074414764
10270,-0.381444392647857,-0.381444392647857,-0.381444392647857,-0.381444392647857
10280,-0.438559332022336,-0.438559332022336,-0.438559332022336,-0.438559332022336
10290,-0.493748767147521,-0.493748767147521,-0.493748767147521,-0.493748767147521
10300,-0.547039572632729,-0.547039572632729,-0.547039572632729,-0.547039572632729
10310,-0.598458623087278,-0.598458623087278,-0.598458623087278,-0.598458623087278
10320,-0.648032793120487,-0.648032793120487,-0.648032793120487,-0.648032793120487
10330,-0.695788957341674,-0.695788957341674,-0.695788957341674,-0.695788957341674
10340,-0.741753990360158,-0.741753990360158,-0.741753990360158,-0.741753990360158
10350,-0.785954766785256,-0.785954766785256,-0.785954766785256,-0.785954766785256
10360,-0.828418161226286,-0.828418161226286,-0.828418161226286,-0.828418161226286
10370,-0.869171048292568,-0.869171048292568,-0.869171048292568,-0.869171048292568
10380,-0.908240302593419,-0.908240302593419,-0.908240302593419,-0.908240302593419
10390,-0.945652798738158,-0.945652798738158,-0.945652798738158,-0.945652798738158
10400,-0.981435411336102,-0.981435411336102,-0.981435411336102,-0.981435411336102
10410,-1.01561501499657,-1.01561501499657,-1.01561501499657,-1.01561501499657
10420,-1.04821848432888,-1.04821848432888,-1.04821848432888,-1.04821848432888
10430,-1.07927269394235,-1.07927269394235,-1.07927269394235,-1.07927269394235
10440,-1.1088045184463,-1.1088045184463,-1.1088045184463,-1.1088045184463
10450,-1.13684083245005,-1.13684083245005,-1.13684083245005,-1.13684083245005
10460,-1.16340851056291,-1.16340851056291,-1.16340851056291,-1.16340851056291
10470,-1.18853442739421,-1.18853442739421,-1.18853442739421,-1.18853442739421
10480,-1.21224545755326,-1.21224545755326,-1.21224545755326,-1.21224545755326
10490,-1.23456847564938,-1.23456847564938,-1.23456847564938,-1.23456847564938
10500,-1.25553035629188,-1.25553035629188,-1.25553035629188,-1.25553035629188
10510,-1.2751579740901,-1.2751579740901,-1.2751579740901,-1.2751579740901
10520,-1.29347820365333,-1.29347820365333,-1.29347820365333,-1.29347820365333
10530,-1.31051791959092,-1.31051791959092,-1.31051791959092,-1.31051791959092
10540,-1.32630399651216,-1.32630399651216,-1.32630399651216,-1.32630399651216
10550,-1.34086330902638,-1.34086330902638,-1.34086330902638,-1.34086330902638
10560,-1.35432406273888,-1.35432406273888,-1.35432406273888,-1.35432406273888
10570,-1.36701697799982,-1.36701697799982,-1.36701697799982,-1.36701697799982
10580,-1.37898435304487,-1.37898435304487,-1.37898435304487,-1.37898435304487
10590,-1.3902474587469,-1.3902474587469,-1.3902474587469,-1.3902474587469
10600,-1.40082756597877,-1.40082756597877,-1.40082756597877,-1.40082756597877
10610,-1.41074594561331,-1.41074594561331,-1.41074594561331,-1.41074594561331
10620,-1.42002386852339,-1.42002386852339,-1.42002386852339,-1.42002386852339
10630,-1.42868260558185,-1.42868260558185,-1.42868260558185,-1.42868260558185
10640,-1.43674342766155,-1.43674342766155,-1.43674342766155,-1.43674342766155
10650,-1.44422760563535,-1.44422760563535,-1.44422760563535,-1.44422760563535
10660,-1.45115641037609,-1.45115641037609,-1.45115641037609,-1.45115641037609
10670,-1.45755111275662,-1.45755111275662,-1.45755111275662,-1.45755111275662
10680,-1.46343298364981,-1.46343298364981,-1.46343298364981,-1.46343298364981
10690,-1.4688232939285,-1.4688232939285,-1.4688232939285,-1.4688232939285
10700,-1.47374331446554,-1.47374331446554,-1.47374331446554,-1.47374331446554
10710,-1.47821431613379,-1.47821431613379,-1.47821431613379,-1.47821431613379
10720,-1.4822575698061,-1.4822575698061,-1.4822575698061,-1.4822575698061
10730,-1.48589434635533,-1.48589434635533,-1.48589434635533,-1.48589434635533
10740,-1.48914591665431,-1.48914591665431,-1.48914591665431,-1.48914591665431
10750,-1.49203355157592,-1.49203355157592,-1.49203355157592,-1.49203355157592
10760,-1.494578521993,-1.494578521993,-1.494578521993,-1.494578521993
10770,-1.49680209877839,-1.49680209877839,-1.49680209877839,-1.49680209877839
10780,-1.49872555280497,-1.49872555280497,-1.49872555280497,-1.49872555280497
10790,-1.50037015494557,-1.50037015494557,-1.50037015494557,-1.50037015494557
10800,-1.50175717607305,-1.50175717607305,-1.50175717607305,-1.50175717607305
10810,-1.50290788706027,-1.50290788706027,-1.50290788706027,-1.50290788706027
10820,-1.50384355878007,-1.50384355878007,-1.50384355878007,-1.50384355878007
10830,-1.50458546210531,-1.50458546210531,-1.50458546210531,-1.50458546210531
10840,-1.50515486790884,-1.50515486790884,-1.50515486790884,-1.50515486790884
10850,-1.50557304706351,-1.50557304706351,-1.50557304706351,-1.50557304706351
10860,-1.50586127044218,-1.50586127044218,-1.50586127044218,-1.50586127044218
10870,-1.5060408089177,-1.5060408089177,-1.5060408089177,-1.5060408089177
10880,-1.50613293336292,-1.50613293336292,-1.50613293336292,-1.50613293336292
10890,-1.50615891465069,-1.50615891465069,-1.50615891465069,-1.50615891465069
10900,-1.50615891465069,-1.50615891465069,-1.50615891465069,-1.50615891465069
10910,-1.50615891465069,-1.50615891465069,-1.50615891465069,-1.50615891465069
10920,-1.50615891465069,-1.50615891465069,-1.50615891465069,-1.50615891465069
10930,-1.50615891465069,-1.50615891465069,-1.50615891465069,-1.50615891465069
10940,-1.50615891465069,-1.50615891465069,-1.50615891465069,-1.50615891465069
10950,-1.50615891465069,-1.50615891465069,-1.50615891465069,-1.50615891465069
10960,-1.50615891465069,-1.50615891465069,-1.50615891465069,-1.50615891465069
10970,-1.50615891465069,-1.50615891465069,-1.50615891465069,-1.50615891465069
10980,-1.50615891465069,-1.50615891465069,-1.50615891465069,-1.50615891465069
10990,-1.50615891465069,-1.50615891465069,-1.50615891465069,-1.50615891465069
11000,-1.50615891465069,-1.50615891465069,-1.50615891465069,-1.50615891465069
11010,-1.50615891465069,-1.50615891465069,-1.50615891465069,-1.50615891465069
11020,-1.50615891465069,-1.50615891465069,-1.50615891465069,-1.50615891465069
11030,-1.50615891465069,-1.50615891465069,-1.50615891465069,-1.50615891465069
11040,-1.50615891465069,-1.50615891465069,-1.50615891465069,-1.50615891465069
11050,-1.50615891465069,-1.50615891465069,-1.50615891465069,-1.50615891465069
11060,-1.50615891465069,-1.50615891465069,-1.50615891465069,-1.50615891465069
11070,-1.50615891465069,-1.50615891465069,-1.50615891465069,-1.50615891465069
11080,-1.50615891465069,-1.50615891465069,-1.50615891465069,-1.50615891465069
11090,-1.50615891465069,-1.50615891465069,-1.50615891465069,-1.50615891465069
11100,-1.50615891465069,-1.50615891465069,-1.50615891465069,-1.50615891465069
