"Age","FFPikku","FFCharly","FFRosalia","FFmean"
-70,NA,NA,NA,NA
-60,NA,NA,NA,NA
-50,NA,NA,0.00335272934068677,NA
-40,NA,NA,0.00339543746347959,NA
-30,NA,NA,0.00343776519386526,NA
-20,NA,NA,0.00347966900158401,NA
-10,NA,NA,0.00352113178690549,NA
0,NA,NA,0.00356214726811751,NA
10,0.00324199437939315,NA,0.00360266603839275,NA
20,0.00327623154498073,NA,0.00364269325155953,NA
30,0.00330996231090517,NA,0.00368218608695348,NA
40,0.00334310458790708,NA,0.003721127500758,NA
50,0.00337559816885423,NA,0.00375951922020801,NA
60,0.0034074892114047,NA,0.00379730675809803,NA
70,0.00343880561245664,NA,0.00383450184270679,NA
80,0.00346953543983342,NA,0.00387106516688102,NA
90,0.00349951983965713,NA,0.00390697923978318,NA
100,0.00352878584518763,NA,0.00394225446461581,NA
110,0.00355741751801122,NA,0.00397683250913797,NA
120,0.00358540535925769,NA,0.00401073114408513,NA
130,0.00361266599160354,NA,0.00404391711639754,NA
140,0.00363912362300944,0.0039293233797273,0.00407637216414852,0.00388160638896175
150,0.00366484156692852,0.00398787502486896,0.00410811561364802,0.00392027740181517
160,0.00368986887794469,0.00404635195004084,0.0041390867658894,0.00395843586462497
170,0.00371419793833398,0.00410473327819815,0.00416930871044094,0.00399607997565769
180,0.00373766364602662,0.00416299755634353,0.00419875637557046,0.00403313919264687
190,0.00376029211445613,0.00422112338285327,0.0042274106148397,0.0040696087040497
200,0.00378218690525377,0.00427908942647961,0.00425529948211652,0.0041055252712833
210,0.00380335029225884,0.00433687444536274,0.00428236156910905,0.00414086210224354
220,0.00382370703382644,0.00439445730603644,0.00430862440871899,0.00417559624952729
230,0.00384316824231438,0.00445181700241139,0.00433407269848155,0.00420968598106911
240,0.0038618080048772,0.00450891539215531,0.0043586865204397,0.0042431366391574
250,0.00387969522585755,0.0045657293771653,0.00438250202159795,0.00427597554154027
260,0.00389682725698612,0.00462224935874255,0.00440545884393467,0.00430817848655445
270,0.00391304764129724,0.00467845784958552,0.00442758798373996,0.00433969782487424
280,0.00392837682706994,0.00473433490835788,0.00444888486338399,0.00437053219960394
290,0.00394292889810534,0.00478986084918901,0.00446932913102158,0.00440070629277198
300,0.0039567193374313,0.00484501625976773,0.00448896398388409,0.00443023319369437
310,0.00396968793555059,0.00489978201924713,0.00450773188985902,0.00445906728155225
320,0.00398173815630736,0.00495413931594459,0.00452566627601852,0.00448718124942349
330,0.00399294794997703,0.00500806966482051,0.00454277355905303,0.00451459705795019
340,0.00400340187813563,0.00506150669712447,0.00455903349599044,0.00454131402375018
350,0.00401310234878705,0.00511446319640094,0.00457449493784787,0.00456735349434529
360,0.00402191351920164,0.00516693428467154,0.00458910488057344,0.00459265089481554
370,0.00402984817260169,0.00521890332116252,0.00460289814927066,0.00461721654767829
380,0.00403702144095074,0.00527035395071757,0.00461589172770866,0.00464108903979232
390,0.00404346116883997,0.00532127025672053,0.00462806619362387,0.00466426587306146
400,0.00404912589590786,0.005371636776006,0.00463947437763191,0.00468674568318192
410,0.00405391917435435,0.00542143851338137,0.00465006934483714,0.00470847567752429
420,0.00405791639459374,0.00547066095574411,0.00465988633510116,0.00472948789514634
430,0.00406121114135687,0.00551926666105438,0.0046689518083598,0.00474980987025702
440,0.00406381044429605,0.00556721757024282,0.00467724799379686,0.00476942533611191
450,0.00406560710055061,0.005614534183395,0.00468482984113352,0.00478832370835971
460,0.0040666069856742,0.00566121517759698,0.00469165778456085,0.00480649331594401
470,0.0040669175240003,0.00570724895309691,0.00469776658829064,0.00482397768846262
480,0.00406657592588359,0.00575262447590935,0.00470319050817904,0.00484079696999066
490,0.00406555994120788,0.00579733128785153,0.00470791431369129,0.0048569351809169
500,0.00406378219830172,0.0058413595160138,0.00471199239966719,0.00487237803799424
510,0.00406131040577825,0.00588469988164928,0.00471539519059568,0.00488713515934107
520,0.00405823886886204,0.00592734370846826,0.00471815569012526,0.00490124608915185
530,0.00405457838366983,0.00596922788484732,0.00472031285633458,0.00491470637495057
540,0.00405025413014817,0.00601036493343979,0.00472185543289932,0.00492749149882909
550,0.00404526809562746,0.0060507762829792,0.00472283414016881,0.00493962617292516
560,0.00403971292329954,0.00609046120583214,0.00472323266970961,0.00495113559961376
570,0.00403363049060348,0.00612941448471921,0.0047230808674233,0.004962041947582
580,0.00402701536107128,0.00616763154308883,0.00472241829461344,0.00497235506625785
590,0.00401979823860286,0.00620510844783926,0.0047212394014535,0.00498204869596521
600,0.00401203582609052,0.00624184191131616,0.00471959019128273,0.00499115597622981
610,0.00400381414614218,0.00627782929257572,0.00471746612519152,0.00499970318796981
620,0.00399514660760365,0.00631305795481971,0.00471489405135084,0.00500769953792473
630,0.00398599046596057,0.00634746901171052,0.00471191237517654,0.00501512395094921
640,0.00397634824311181,0.00638111032590897,0.00470852134812012,0.00502199330571363
650,0.00396629302338148,0.00641400187349155,0.00470476147545149,0.00502835212410817
660,0.00395586561086294,0.00644614457691938,0.00470063799101823,0.00503421605960018
670,0.00394507285534569,0.00647753999214352,0.00469617503924048,0.00503959596224323
680,0.0039338712752069,0.0065081903033946,0.004691408227988,0.00504448993552983
690,0.00392230519119506,0.00653809831717804,0.00468634344060512,0.00504891564965941
700,0.00391044368547308,0.00656726745547373,0.00468101517762855,0.00505290877285845
710,0.00389830145045542,0.00659570174814023,0.00467543610037525,0.00505647976632363
720,0.00388586411295307,0.00662336794251191,0.00466962801979305,0.00505962002508601
730,0.00387313950983152,0.00665026402455971,0.00466362230809336,0.00506234194749486
740,0.00386017893082234,0.00667643204924869,0.00465743004726159,0.00506468034244421
750,0.00384701611305725,0.00670188958883666,0.00465107949773578,0.0050666617332099
760,0.00383366444999952,0.00672664385000469,0.00464458821709336,0.00506829883903253
770,0.00382011160512193,0.00675070257242075,0.00463797607181316,0.00506959674978528
780,0.00380638992463161,0.00677407401464601,0.00463126903422652,0.00507057765783471
790,0.00379254427020905,0.00679676693930885,0.00462448270329061,0.00507126463760284
800,0.0037785892343667,0.00681879059755908,0.00461763911747181,0.00507167298313253
810,0.00376453264948688,0.00684015471281646,0.00461075817787521,0.00507181518005952
820,0.0037503917556532,0.00686081249613217,0.00460385816098303,0.0050716874709228
830,0.00373619626957075,0.00688080969484101,0.00459695880028658,0.00507132158823278
840,0.00372196745268198,0.00690018084319433,0.00459007931133349,0.0050707425357366
850,0.0037077193108137,0.00691893948025349,0.00458323575193977,0.00506996484766899
860,0.00369347261860934,0.00693709759454717,0.00457644794912503,0.00506900605409385
870,0.00367924955981413,0.00695466751649676,0.0045697328640506,0.00506788331345383
880,0.00366506586525156,0.00697166189706165,0.00456310350825549,0.0050666104235229
890,0.00365093468287969,0.00698809368589382,0.00455658163705618,0.00506520333527656
900,0.00363687852645678,0.007003976109029,0.00455017775223074,0.00506367746257217
910,0.00362292655765118,0.00701930782107218,0.00454390946463105,0.0050620479477848
920,0.0036090892417249,0.00703407855904023,0.00453779258060793,0.00506032012712435
930,0.00359537134407298,0.00704833283580577,0.00453183327185432,0.00505851248391103
940,0.0035817848430776,0.00706209731487579,0.00452605463267665,0.00505664559687668
950,0.00356837628032121,0.00707538630715894,0.00452046217051408,0.00505474158599808
960,0.00355516167755698,0.00708821423639719,0.0045150695306439,0.00505281514819936
970,0.00354212955392763,0.00710059561432372,0.00450989138948305,0.00505087218591147
980,0.00352928835268604,0.00711254501569689,0.0045049273151856,0.00504892022785618
990,0.00351666754548398,0.00712407705324779,0.00450020047613468,0.00504698169162215
1000,0.0035043086131945,0.00713520635257928,0.00449571203517477,0.00504507566698285
1010,0.00349220662669839,0.00714592341281263,0.00449147040379899,0.00504320014777
1020,0.00348034788352184,0.0071562496879044,0.00448748901019006,0.0050413621938721
1030,0.00346874138769603,0.00716621703389144,0.00448376137996254,0.00503957326718334
1040,0.00345744824385586,0.00717584402674309,0.00448030949046069,0.00503786725368655
1050,0.00344648224076095,0.00718514488568502,0.00447713084922592,0.0050362526585573
1060,0.00343581070282966,0.00719413367297494,0.00447422790329558,0.00503472409303339
1070,0.00342543415940207,0.00720282427010543,0.00447161257755991,0.00503329033568914
1080,0.0034153821985783,0.00721123035436541,0.00446927319553084,0.00503196191615819
1090,0.00340570678157009,0.00721936537579963,0.00446722934280376,0.00503076716672449
1100,0.00339639228053717,0.00722724114530284,0.00446547555559151,0.00502970299381051
1110,0.00338740698825559,0.00723485121320345,0.0044640081457608,0.00502875544907328
1120,0.00337875638019253,0.00724222433285464,0.00446283716257127,0.00502793929187281
1130,0.00337050566887053,0.00724938097100596,0.00446194678966938,0.00502727780984862
1140,0.00336266888647383,0.00725633290965466,0.00446135314640854,0.00502678498084567
1150,0.00335519940284614,0.00726309156046812,0.00446104843772635,0.00502644646701354
1160,0.00334808830731992,0.00726966794669857,0.00446102321809094,0.00502625982403648
1170,0.00334136019255834,0.00727607268586884,0.00446128520230458,0.00502623936024392
1180,0.00333507377188247,0.00728231597326049,0.00446181565192486,0.00502640179902261
1190,0.00332920751684496,0.00728840756623444,0.00446262632745183,0.00502674713684374
1200,0.00332371460828395,0.00729435126942519,0.00446370766838,0.00502725784869638
1210,0.00331859690238513,0.00730015376163955,0.00446504535439152,0.00502793200613873
1220,0.00331391524235689,0.00730583056675051,0.00446664426017231,0.0050287966897599
1230,0.00330968481518584,0.00731139204801731,0.00446848402757203,0.00502985363025839
1240,0.00330585246454391,0.00731684528845541,0.00447057139396576,0.00503108971565503
1250,0.00330240018675708,0.00732219685214215,0.00447289550440222,0.00503249751443382
1260,0.00329934466723742,0.0073274527765949,0.00447543847866391,0.00503407864083207
1270,0.00329674648569974,0.00733261856620725,0.00447820184437791,0.00503585563209497
1280,0.00329458244809457,0.00733769918675596,0.0044811649429691,0.00503781552593987
1290,0.00329279549768921,0.00734269906098944,0.00448432907912973,0.0050399412126028
1300,0.00329138423870417,0.00734761641233685,0.00448768247046686,0.00504222770716929
1310,0.00329039942491792,0.00735245733655743,0.00449120533399294,0.0050446873651561
1320,0.00328985697967187,0.00735722753703428,0.00449489538660035,0.0050473266344355
1330,0.00328970385691897,0.00736192942761292,0.00449873337512871,0.00505012221988687
1340,0.00328991499080357,0.00736656440089399,0.00450271412574881,0.00505306450581545
1350,0.00329049846456728,0.00737113330815252,0.00450682529775875,0.00505615235682618
1360,0.00329151161786783,0.00737563646415125,0.00451104785991253,0.00505939864731054
1370,0.00329293277540616,0.00738007365303442,0.00451537494237834,0.00506279379027297
1380,0.0032947006684378,0.00738444413529126,0.00451978939969089,0.00506631140113998
1390,0.00329681138201966,0.00738874524802048,0.0045242806713941,0.00506994576714475
1400,0.0032993028256088,0.00739297049935091,0.00452883590309811,0.00507370307601927
1410,0.00330219038406379,0.0073971208539546,0.00453343802038575,0.00507758308613471
1420,0.00330542621280954,0.007401195340944,0.00453807573752264,0.00508156576375872
1430,0.00330898136895184,0.00740519050914649,0.00454273451119332,0.00508563546309722
1440,0.00331285645024786,0.00740910246070895,0.00454739982968922,0.00508978624688201
1450,0.0033171011326482,0.00741292686625123,0.00455205832718056,0.00509402877536
1460,0.00332169715774797,0.00741665898086876,0.00455669594270704,0.00509835069377459
1470,0.00332658518823057,0.00742029366095312,0.00456129736808945,0.00510272540575771
1480,0.00333175972528404,0.00742382538179847,0.0045658509532803,0.00510714535345427
1490,0.00333724569734144,0.00742724167923655,0.00457033989499335,0.00511160909052378
1500,0.00334305637208737,0.00743053457700483,0.00457475031324404,0.00511611375411208
1510,0.00334915225492657,0.00743370198313229,0.00457907201768142,0.00512064208524676
1520,0.00335550413634909,0.0074367386238447,0.00458328627938831,0.00512517634652737
1530,0.00336210737185276,0.00743963723895926,0.00458738444533826,0.00512970968538343
1540,0.00336900087989645,0.00744239032724417,0.00459134917838774,0.00513424679517612
1550,0.00337617046116057,0.00744499016900415,0.00459516611135821,0.00513877558050764
1560,0.0033835639878219,0.00744742884905021,0.00459882954444911,0.00514327412710707
1570,0.00339117532301008,0.00744969828000991,0.0046023181118383,0.00514773057161943
1580,0.00339901814989728,0.00745179022593368,0.00460562609962993,0.00515214482515363
1590,0.00340710220887631,0.00745367830694782,0.00460873736658847,0.0051565059608042
1600,0.00341539756070659,0.00745536226088393,0.00461163714442697,0.0051607989886725
1610,0.00342387803855362,0.00745684061483244,0.00461432458360652,0.00516501441233086
1620,0.00343253750095379,0.00745810493453675,0.00461677661099396,0.0051691396821615
1630,0.00344140029008327,0.00745914662536675,0.00461899026555877,0.00517317906033627
1640,0.00345045604535551,0.00745995711021788,0.00462095218506414,0.00517712178021251
1650,0.00345966568368227,0.00746052785361648,0.00462264736768168,0.00518094696832681
1660,0.00346902213673953,0.00746085038565547,0.00462407990584338,0.00518465080941279
1670,0.00347853055182924,0.0074609163257164,0.0046252260499571,0.00518822430916758
1680,0.00348819618627881,0.00746070820095479,0.00462608531548882,0.00519166323424081
1690,0.00349799825434513,0.00746020581893694,0.00462664845049375,0.0051949508412586
1700,0.00350791610937604,0.00745941333299453,0.00462690048259726,0.00519807664165594
1710,0.00351794407233262,0.00745832989139871,0.004626850276997,0.00520104141357611
1720,0.00352809271728969,0.0074569480418411,0.00462647448965623,0.00520383841626234
1730,0.00353835434089532,0.00745526057388865,0.00462577478660593,0.00520646323379663
1740,0.00354870417329879,0.00745326053913177,0.0046247470194125,0.00520890391061435
1750,0.00355913509427108,0.00745094127071339,0.00462337660841203,0.00521115099113217
1760,0.00356964659572581,0.00744829640220623,0.00462167678214892,0.00521320659336032
1770,0.00358023902857034,0.00744531988580631,0.00461962568242238,0.00521506153226634
1780,0.00359089928654657,0.00744198262214383,0.00461722679038391,0.00521670289969144
1790,0.003601613667292,0.0074382833436943,0.00461448165274386,0.00521812622124339
1800,0.00361237733655188,0.00743423155765866,0.00461137654168456,0.0052193284786317
1810,0.00362319088355019,0.00742982639137394,0.00460792843179435,0.00522031523557283
1820,0.00363404785132507,0.00742506386779569,0.00460411797639597,0.00522107656517224
1830,0.00364493544672891,0.00741994043084495,0.00459995016373522,0.00522160868043636
1840,0.0036558480880858,0.00741445295674729,0.00459543238740368,0.00522191114407892
1850,0.0036667821286869,0.00740859876445561,0.00459055231328861,0.00522197773547704
1860,0.00367773305469719,0.00740237562514377,0.00458532987824695,0.00522181285269597
1870,0.00368869346640832,0.0073957773927435,0.00457974916809525,0.00522140667574902
1880,0.00369965705748196,0.0073887760221245,0.00457381642903334,0.00522074983621326
1890,0.00371061997607192,0.00738138831706741,0.0045675446012029,0.00521985096478075
1900,0.00372157624531507,0.00737362764306963,0.00456092334776625,0.00521870907871698
1910,0.00373251950065975,0.00736549440409037,0.00455397466519242,0.00521732952331418
1920,0.0037434461035218,0.00735698949408839,0.00454668684306372,0.00521570748022463
1930,0.00375435302152204,0.00734811429846768,0.00453906721934606,0.00521384484644526
1940,0.00376523540346735,0.00733887069456837,0.00453113354181179,0.00521174654661583
1950,0.003776084273503,0.00732926105121039,0.00452287810860795,0.00520940781110711
1960,0.00378689594922192,0.00731928822729918,0.00451432400501531,0.00520683606051214
1970,0.00379767126599087,0.00730893938456515,0.00450546430813262,0.00520402498622954
1980,0.00380840734179315,0.00729821228930677,0.00449630737968518,0.0052009756702617
1990,0.00381909443160366,0.0072871276433956,0.00448687463498856,0.00519769890332927
2000,0.00382972550621668,0.00727569788324395,0.00447716164646966,0.00519419501197676
2010,0.00384030334318398,0.00726392850517416,0.00446719160020519,0.00519047448285444
2020,0.00385082798550203,0.00725182546029347,0.00445696272794356,0.00518653872457969
2030,0.00386129475660471,0.00723939514589425,0.00444648445086044,0.0051823914511198
2040,0.00387169094213781,0.00722664439610065,0.00443578036922032,0.00517803856915293
2050,0.00388201490200856,0.00721358047178721,0.00442484993484485,0.00517348176954687
2060,0.00389227392974282,0.00720021104979547,0.00441371547779921,0.00516873348577917
2070,0.0039024660645774,0.00718652178918701,0.00440238051574226,0.00516378945650223
2080,0.00391258002097435,0.00717253177366566,0.0043908556642029,0.0051586558196143
2090,0.00392260783865809,0.0071582632648775,0.00437916495977804,0.00515334535443787
2100,0.00393255636358067,0.00714372695435898,0.00436731226752284,0.00514786519515416
2110,0.00394242888670537,0.00712893257997396,0.00435531791111817,0.00514222645926583
2120,0.00395222186598079,0.00711389020403667,0.00434319109194274,0.00513643438732007
2130,0.00396191995802546,0.00709861019793815,0.00433094391670429,0.00513049135755597
2140,0.00397152239007123,0.00708310322638823,0.00431859832042394,0.00512440797896113
2150,0.0039810419324669,0.00706738023130649,0.0043061633014823,0.00511819515508523
2160,0.00399047754868724,0.00705144780287077,0.00429365668651806,0.00511186067935869
2170,0.00399981825048508,0.00703530948309508,0.00428109246929033,0.00510540673429016
2180,0.00400905544896005,0.00701898671598155,0.00426848445903946,0.00509884220799369
2190,0.00401819818262565,0.0070024978476218,0.00425585111913076,0.00509218238312607
2200,0.00402725285520581,0.00698585503432466,0.00424320656256681,0.00508543815069909
2210,0.00403621770441841,0.00696907059220303,0.0042305659770181,0.00507861809121318
2220,0.00404507638259245,0.00695215697957288,0.00421794664746719,0.00507172666987751
2230,0.00405382839676799,0.00693512677934407,0.00420536422192697,0.00506477313267968
2240,0.00406249063329001,0.00691799268143413,0.00419283287457313,0.00505777206309909
2250,0.004071063061306,0.00690076746523594,0.00418037139961408,0.00505073397538534
2260,0.00407953656898406,0.00688346066492362,0.00416799236386667,0.00504366319925812
2270,0.00408790285579665,0.00686608725861295,0.00415571465694731,0.00503656825711897
2280,0.00409617170593349,0.0068486642614625,0.00414355584143641,0.00502946393627747
2290,0.00410435209888062,0.00683120572298023,0.00413152517530661,0.00502236099905582
2300,0.00411244437511166,0.00681372458970641,0.00411964548838312,0.00501527148440039
2310,0.0041204334043502,0.00679623378170956,0.00410792688170567,0.00500819802258848
2320,0.00412831900567696,0.00677874617672193,0.00409638807476254,0.00500115108572047
2330,0.00413612020272095,0.00676127459459913,0.00408504853391299,0.00499414777707769
2340,0.00414383808559469,0.00674383178212474,0.00407391218597667,0.0049871940178987
2350,0.00415146671101721,0.0067264306571837,0.00406300506182153,0.00498030081000748
2360,0.00415899955119803,0.00670908982833663,0.0040523350582991,0.00497347481261125
2370,0.00416644605880838,0.00669182113632278,0.00404191896281496,0.00496672871931537
2380,0.00417381666049519,0.0066746348067217,0.00403177802669864,0.00496007649797185
2390,0.00418111306309293,0.00665754291499689,0.00402191065440536,0.00495352221083173
2400,0.00418832523774347,0.00664055737076452,0.00401234508692549,0.00494707589847783
2410,0.00419545419612079,0.00662368990619319,0.00400308734924144,0.00494074381718514
2420,0.00420251678004765,0.00660695206489361,0.00399415064808987,0.00493453983101038
2430,0.00420951595678574,0.00659035519130544,0.00398555777787592,0.0049284763086557
2440,0.00421644976552469,0.00657391042058728,0.00397730165499729,0.00492255394703642
2450,0.00422331529101496,0.00655763527269218,0.00396941162455189,0.00491678739608634
2460,0.00423012093327684,0.00654154751156437,0.00396189220384246,0.00491118688289456
2470,0.00423687669247257,0.00652565139046619,0.0039547515796551,0.00490575988753129
2480,0.00424358540463431,0.00650995253885092,0.00394801371716416,0.00490051722021646
2490,0.00425024413591305,0.00649446076845215,0.00394166629668996,0.00489545706701839
2500,0.00425685609878764,0.00647918562708521,0.00393573859492826,0.00489059344026704
2510,0.00426343328715461,0.00646413639283301,0.0039302339780157,0.00488593455266777
2520,0.00426997993494862,0.00644932206873221,0.00392515446988063,0.00488148549118715
2530,0.00427649814338389,0.0064347513779536,0.0039205247051508,0.0048772580754961
2540,0.00428299039188312,0.00642043275946984,0.00391632758080018,0.00487325024405105
2550,0.00428946368633235,0.00640639306350818,0.00391259112033139,0.00486948262339064
2560,0.00429592503528533,0.00639263751777252,0.00390931784976394,0.00486596013427393
2570,0.00430237813622524,0.00637916203233696,0.00390650285763217,0.00486268100873145
2580,0.00430882762468977,0.00636597142123786,0.003904170828346,0.00485965662475788
2590,0.00431527976653693,0.00635307249277106,0.00390230050383788,0.00485688425438196
2600,0.00432174011543363,0.00634047175451257,0.00390091751495013,0.00485437646163211
2610,0.00432821261718167,0.00632817541264926,0.0039000237795413,0.00485213726979074
2620,0.00433470261366513,0.00631618937168503,0.00389960710546967,0.00485016636360661
2630,0.0043412191298061,0.00630451923450865,0.00389969150879265,0.00484847662436914
2640,0.00434776780965149,0.00629317580804734,0.00390025234795235,0.00484706532188373
2650,0.00435434980707935,0.00628218407010702,0.00390131182529648,0.00484594856749428
2660,0.00436096913135704,0.00627153705192795,0.00390287137617426,0.00484512585315308
2670,0.00436763700087092,0.00626122648485201,0.00390491164583262,0.00484459171051852
2680,0.00437436308006626,0.00625125632083447,0.00390745519390249,0.00484435819826774
2690,0.00438114585671844,0.00624163021965222,0.00391047487205033,0.004844416982807
2700,0.00438798696792491,0.00623235155137598,0.00391398857786181,0.00484477569905423
2710,0.00439489333938867,0.00622342339905213,0.00391799726471574,0.00484543800105218
2720,0.00440188045967417,0.00621484856157966,0.00392247500889978,0.00484640134338454
2730,0.00440895290004806,0.0062066295567676,0.0039274420915378,0.00484767484945115
2740,0.00441610355057879,0.0061987859839994,0.00393286979724152,0.00484925311060657
2750,0.00442333594667079,0.00619132536415567,0.00393877105235837,0.00485114412106161
2760,0.00443066544414883,0.00618423420118095,0.00394514619490202,0.0048533486134106
2770,0.00443810454804982,0.00617750643613881,0.00395196378767905,0.00485585825728923
2780,0.0044456452463451,0.00617114309718269,0.0039592410187301,0.00485867645408596
2790,0.00445328493890269,0.00616514495621179,0.00396694856404912,0.0048617928197212
2800,0.00446103000236466,0.00615951253285749,0.0039750939631791,0.00486521216613375
2810,0.00446890064450074,0.00615424609851898,0.00398367667364901,0.00486894113888958
2820,0.00447690064040195,0.00614934568043758,0.00399266122139011,0.00487296918074321
2830,0.00448501362914471,0.00614481106579993,0.00400206093900008,0.00487729521131491
2840,0.00449324179606296,0.00614067046677545,0.00401184682673114,0.00488191969652318
2850,0.00450160115524773,0.00613691295017937,0.00402202090146848,0.00488684500229852
2860,0.00451010535962303,0.00613351935267398,0.00403258135702052,0.00489206868977251
2870,0.00451874158761377,0.00613048786794963,0.00404349051309783,0.00489757332288708
2880,0.00452750192376254,0.00612781703369617,0.00405475718181157,0.00490335871309009
2890,0.00453639018150483,0.00612550517570991,0.00406635391069465,0.00490941642263646
2900,0.00454542782328391,0.00612355041189505,0.00407827674625604,0.00491575166047833
2910,0.00455461771224632,0.00612195065622368,0.0040905218115283,0.00492236339333277
2920,0.00456393556511038,0.00612070362265055,0.00410305235922887,0.00492923051566327
2930,0.00457338146489253,0.00611981665620265,0.00411587168784445,0.00493635660297988
2940,0.00458296835709139,0.00611930107344839,0.00412895489243672,0.00494374144099217
2950,0.00459270827977697,0.00611914077229847,0.00414229210521117,0.0049513803857622
2960,0.00460258601014129,0.00611932108106225,0.0041558765776645,0.00495926122295601
2970,0.00461258881648188,0.0061198386782986,0.00416967548539674,0.00496736766005907
2980,0.00462271671073182,0.00612069006790214,0.00418368593596038,0.00497569757153145
2990,0.00463298765896793,0.00612187158255783,0.00419788574476352,0.00498424832876309
3000,0.00464340274230655,0.0061233793871398,0.00421226061505804,0.00499301424816813
3010,0.00465393386189924,0.00612520948205581,0.00422680077672252,0.00500198137355919
3020,0.00466457859228445,0.00612735770653896,0.00424147829324977,0.00501113819735773
3030,0.00467534377160121,0.00612983769853464,0.00425628452211701,0.00502048866408428
3040,0.00468623640970676,0.00613264437730202,0.00427119999193507,0.00503002692631462
3050,0.00469724135661024,0.00613575854402708,0.00428620770712961,0.00503973586925564
3060,0.00470834354562771,0.00613917109521678,0.00430129484012607,0.00504960316032352
3070,0.00471953923881428,0.00614287703847585,0.00431643907307446,0.00505961845012153
3080,0.00473083771907286,0.00614687124155099,0.00433162672448603,0.0050697785617033
3090,0.00474223646728749,0.00615114843529328,0.00434684087118937,0.00508007525792338
3100,0.00475371026452868,0.0061557032165981,0.0043620636798251,0.00509049238698396
3110,0.00476525423973718,0.00616053005132646,0.00437727935878031,0.00510102121661465
3120,0.00477686756651561,0.00616562572894856,0.0043924716773325,0.00511165499093222
3130,0.00478854887554833,0.00617100082087381,0.00440762285373406,0.00512239085005207
3140,0.00480028493653746,0.00617664101201538,0.00442271822135168,0.00513321472330151
3150,0.00481206265877166,0.00618252797192497,0.00443774097902761,0.00514411053657475
3160,0.00482387615727736,0.00618865549600023,0.00445267259952449,0.00515506808426736
3170,0.00483572133163689,0.00619501726848833,0.00446750313195501,0.00516608057736008
3180,0.00484758930911213,0.0062016068654079,0.00448221180302133,0.00517713599251378
3190,0.00485946638025215,0.00620841775748855,0.0044967858218924,0.0051882233198777
3200,0.00487134560082119,0.00621544331313127,0.00451121117677863,0.00519933336357703
3210,0.00488321879023463,0.00622267680139216,0.00452546696380333,0.00521045418514337
3220,0.00489507373438931,0.00623011885220229,0.00453954943085545,0.00522158067248235
3230,0.00490689984968356,0.00623776656624453,0.00455343602292768,0.00523270081295192
3240,0.0049186913834351,0.00624560454406773,0.0045671153962606,0.00524380377458781
3250,0.00493044116494304,0.0062536203927658,0.0045805778598994,0.00525487980586941
3260,0.00494213180744588,0.00626180688994422,0.00459380060821348,0.00526591310186786
3270,0.00495374704789745,0.006270156735258,0.00460678575033657,0.00527689651116401
3280,0.00496528747360972,0.00627866255368279,0.00461951018516835,0.00528782007082029
3290,0.00497674730717068,0.00628731689882698,0.00463196358041943,0.0052986759288057
3300,0.00498811303603795,0.00629611225628511,0.00464414177608482,0.00530945568946929
3310,0.00499936069889731,0.0063050410470328,0.00465602063150633,0.00532014079247881
3320,0.00501048184888342,0.00631410333677732,0.00466760755439068,0.00533073091335047
3330,0.00502148324020259,0.00632328883131712,0.00467888008264059,0.0053412173847201
3340,0.00503235756497485,0.00633258303396024,0.00468982849079492,0.00535158969657667
3350,0.00504307676380589,0.0063419773819069,0.00470045496738668,0.00536183637103316
3360,0.00505361718570668,0.00635146400577862,0.00471073466359742,0.0053719386183609
3370,0.00506399364209991,0.00636103499606735,0.00472067954096766,0.00538190272637831
3380,0.00507420519323195,0.00637068240685736,0.00473026883959141,0.00539171881322691
3390,0.00508423608602295,0.00638039825958013,0.00473949309865682,0.0054013758147533
3400,0.00509405157016698,0.00639017454680036,0.00474836123904178,0.00541086245200304
3410,0.0051036438789272,0.00640000405411494,0.00475684835395541,0.00542016542899919
3420,0.00511303590153434,0.00640987978180235,0.00476497008360532,0.00542929525564734
3430,0.00512222134473623,0.00641979129994125,0.00477270825069321,0.0054382402984569
3440,0.0051311657691963,0.00642972856150087,0.00478005340211109,0.00544698257760275
3450,0.00513983928272374,0.00643968347241949,0.00478702113282428,0.0054555146293225
3460,0.00514826822544554,0.00644964793646636,0.00479358711272103,0.00546383442487764
3470,0.0051564595527287,0.00645961385919945,0.00479976971149024,0.00547194770780613
3480,0.00516439852805246,0.00646957315193175,0.00480555398657873,0.00547984188885432
3490,0.0051720422282059,0.00647951773570385,0.00481093033339333,0.00548749676576769
3500,0.00517938173206541,0.00648943954526046,0.00481592054562249,0.00549491394098279
3510,0.00518645714682249,0.00649932834517718,0.00482050145142072,0.00550209564780679
3520,0.00519326406382751,0.00650917437923891,0.00482469318383453,0.00550904387563365
3530,0.00519976644106872,0.00651897048562425,0.00482848443231064,0.0055157404530012
3540,0.00520593020333275,0.0065287093903881,0.00483186538116542,0.00552216832496209
3550,0.00521178878389185,0.00653838317989007,0.00483486318589277,0.00552834504989157
3560,0.0052173586137307,0.0065479839813943,0.00483745632855743,0.00553426630789414
3570,0.00522262854251387,0.00655750396698602,0.00483966577622438,0.00553993276190809
3580,0.00522755109863765,0.0065669353574717,0.00484148398687551,0.00554532348099495
3590,0.00523211460756848,0.00657627042626109,0.00484290096553433,0.00555042866645463
3600,0.00523637463061827,0.00658550115438995,0.00484394811178279,0.00555527463226367
3610,0.00524032903743819,0.00659461106070083,0.00484460594600345,0.00555984868138082
3620,0.0052439442906707,0.00660359369157322,0.00484489542348856,0.0055641444685775
3630,0.00524718460080913,0.00661244748076207,0.00484481266144184,0.00556814824767101
3640,0.00525008552316404,0.00662116506498855,0.004844347592369,0.00557186606017386
3650,0.0052526726933371,0.00662973915961322,0.00484353455968424,0.00557531547087819
3660,0.00525493990144376,0.00663816256232422,0.00484235637979081,0.00557848628118626
3670,0.00525683888161793,0.00664642815679943,0.00484083318272858,0.00558136674038198
3680,0.00525835426801618,0.00665452891634268,0.00483896454962082,0.00558394924465989
3690,0.0052595529870541,0.00666245790749388,0.00483674065045731,0.00558625051500176
3700,0.00526043506197256,0.00667020237154761,0.00483419706952516,0.00558827816768178
3710,0.00526097213232754,0.00667774802651617,0.00483131918418384,0.00559001311434252
3720,0.00526112898574061,0.00668509368563727,0.00482812504300548,0.00559144923812778
3730,0.00526093892300492,0.00669223895151244,0.00482461815877691,0.00559259867776476
3740,0.00526043489670588,0.00669917747393682,0.00482079032816265,0.00559346756626845
3750,0.00525961570765086,0.00670590302000932,0.00481667447438852,0.0055940644006829
3760,0.0052584353734707,0.00671240947753869,0.00481225961537563,0.00559436815546167
3770,0.0052568746736847,0.00671869085842809,0.00480756148653248,0.00559437567288176
3780,0.00525500664469971,0.00672474130203893,0.00480258664846086,0.00559411153173317
3790,0.00525283293842329,0.00673055507853454,0.00479732846194785,0.00559357215963523
3800,0.00525033141041554,0.0067361118130976,0.00479181659793622,0.00559275327381645
3810,0.0052474690849936,0.0067414046087543,0.00478604333634644,0.00559163901003145
3820,0.00524427396750795,0.00674644006969532,0.00478002203293019,0.00559024535671115
3830,0.00524078354328284,0.00675121587086999,0.00477376137091671,0.00558858692835652
3840,0.00523700004038449,0.00675572706931776,0.00476725615822252,0.00558666108930826
3850,0.00523288271512017,0.00675996887532153,0.00476053246979864,0.00558446135341345
3860,0.00522841014617507,0.00676393665560774,0.00475358536901938,0.0055819773902674
3870,0.0052236537990247,0.00676762593653086,0.00474642590410157,0.00557923521321904
3880,0.00521861736932965,0.00677103240724258,0.00473906399721398,0.0055762379245954
3890,0.00521328465875795,0.00677414787406235,0.00473149575111669,0.00557297609464566
3900,0.00520762580085932,0.00677695167522891,0.00472374353098324,0.00556944033569049
3910,0.00520166202952077,0.00677944575641757,0.00471580466400256,0.00556563748331363
3920,0.00519543256665149,0.00678164049242825,0.00470768807196413,0.00556158704368129
3930,0.00518894022714815,0.00678353253251986,0.00469940413945588,0.00555729229970796
3940,0.00518215246245808,0.00678511871003036,0.00469095009915248,0.00555274042388031
3950,0.00517504941031826,0.00678639604539314,0.00468234469112803,0.00554793004894648
3960,0.00516769105716172,0.00678736174912932,0.00467358699993965,0.00554287993541023
3970,0.00516008508577525,0.00678801322481397,0.00466468408184744,0.00553759413081222
3980,0.00515222028504316,0.0067883480720144,0.00465564615785747,0.00553207150497168
3990,0.00514407016550025,0.00678835091740955,0.00464647143655839,0.00552629750648939
4000,0.00513564908348983,0.00678801183944173,0.00463717527491714,0.00552027873261624
4010,0.00512699585899287,0.00678734149114894,0.00462775806603661,0.00551403180539281
4020,0.00511811340575592,0.00678634660382054,0.00461822531547208,0.00550756177501618
4030,0.00510897636507804,0.00678502591587773,0.00460858662373938,0.00550086296823171
4040,0.00509956661380721,0.00678337838085298,0.00459884105404338,0.00549392868290119
4050,0.00508993263158151,0.00678140316997603,0.00458900093338747,0.00548677891164833
4060,0.00508008479179196,0.00677909967470008,0.00457906760285559,0.00547941735644921
4070,0.00507001583989221,0.00677646750916426,0.00456904536552555,0.00547184290486067
4080,0.00505970273702454,0.00677350651258786,0.00455894290778815,0.00546405071913352
4090,0.00504915382978835,0.00677019467078081,0.00454876007629358,0.00545603619228758
4100,0.00503840623803033,0.00676653427150358,0.00453850658586853,0.00544781569846748
4110,0.00502746280069419,0.00676254541477238,0.00452818446786643,0.005439397561111
4120,0.00501630433403255,0.00675822980310521,0.00451779719027058,0.00543077710913611
4130,0.00500491481536889,0.00675358856296225,0.00450735236785359,0.00542195191539491
4140,0.00499333237672462,0.00674862305986935,0.00449685062064045,0.00541293535241147
4150,0.00498156912021088,0.00674333490002986,0.00448629949103823,0.00540373450375966
4160,0.00496962101750067,0.0067377259318161,0.00447570154402166,0.00539434949777948
4170,0.00495746878938962,0.00673179824713466,0.00446505979087053,0.0053847756091316
4180,0.0049451162492551,0.0067255467533914,0.00445438071026855,0.00537501457097168
4190,0.00493259801437679,0.00671896096117983,0.00444366574975464,0.00536507490843709
4200,0.00491991696795632,0.00671205231210227,0.00443292070550463,0.00535496332852107
4210,0.00490705952175938,0.00670483686842259,0.00442214860387777,0.00534468166468658
4220,0.00489401252633009,0.00669731808839013,0.00441135238561008,0.00533422766677676
4230,0.00488080525700646,0.00668949967898001,0.00440053736963549,0.00532361410187399
4240,0.00486745078801073,0.00668138559595241,0.00438970594402924,0.00531284744266413
4250,0.00485394791940179,0.00667298004372608,0.00437886254509805,0.00530193016940864
4260,0.0048402819073651,0.00666428747506053,0.0043680106444072,0.00529086000894428
4270,0.00482645390945106,0.00665531259054139,0.00435715350576924,0.00527964000192056
4280,0.00481249507468044,0.00664604698619138,0.00434629525184779,0.00526827910423987
4290,0.00479840859853185,0.00663649270710828,0.00433543936972909,0.00525678022512307
4300,0.0047841863473339,0.00662666875045443,0.00432458926628681,0.00524514812135838
4310,0.00476981923624646,0.00661658564086861,0.00431374886251002,0.00523338457987503
4320,0.00475532901348813,0.00660624942941643,0.00430292214655098,0.00522150019648518
4330,0.00474072878466721,0.00659566640524028,0.00429211194780253,0.00520950237923667
4340,0.00472601987801345,0.00658484309317309,0.0042813230359509,0.00519739533571248
4350,0.00471119323332917,0.00657378625110581,0.00427055805664199,0.00518517918035899
4360,0.00469624955377488,0.00656250286710513,0.00425982136702858,0.00517285792930287
4370,0.00468121479031689,0.00655099859927628,0.00424911808665117,0.00516044382541478
4380,0.00466609266822913,0.00653926922947213,0.00423844955913666,0.00514793715227931
4390,0.0046508804689902,0.00652732579596234,0.00422782202016505,0.00513534276170587
4400,0.00463557451593441,0.00651518851652866,0.00421723756219059,0.00512266686488455
4410,0.00462019013221653,0.00650286558535404,0.0042067009129222,0.00510991887683092
4420,0.00460473895277867,0.00649036539956577,0.0041962187299861,0.00509710769411018
4430,0.00458922431525576,0.00647769655413968,0.00418579056576686,0.0050842371450541
4440,0.00457364396518064,0.0064648678365318,0.00417542427733036,0.0050713120263476
4450,0.00455800059143622,0.00645188822103722,0.00416512156001925,0.0050583367908309
4460,0.00454231227449647,0.006438766862876,0.00415488736704155,0.00504532216813801
4470,0.00452658326569295,0.00642550925784059,0.00414473028843071,0.00503227427065475
4480,0.00451081588106945,0.00641212224878872,0.00413464766972488,0.00501919526652769
4490,0.00449501288286654,0.00639862082501002,0.00412464908922832,0.00500609426570163
4500,0.00447918425458647,0.00638501902697368,0.00411473612836365,0.00499297980330793
4510,0.00446333800709791,0.00637132688448876,0.00410491354470771,0.00497985947876479
4520,0.00444747855418887,0.00635755455991414,0.00409519176316775,0.00496674162575692
4530,0.00443161100179435,0.00634371234001392,0.00408556621591818,0.00495362985257548
4540,0.0044157424574248,0.00632981062756143,0.00407604790136105,0.00494053366211576
4550,0.00439987994573959,0.0063158599326963,0.00406663850587375,0.00492745946143655
4560,0.00438402794575736,0.00630187086403913,0.00405734212461759,0.00491441364480469
4570,0.00436819278688839,0.00628785363312129,0.00404817093086694,0.00490140578362554
4580,0.00435238389993253,0.00627382050699675,0.00403911855295034,0.00488844098662654
4590,0.00433660723070053,0.00625978447585785,0.00403019706820684,0.00487552959158841
4600,0.00432086469934666,0.00624575663540774,0.00402140843680225,0.00486267659051889
4610,0.00430516069737341,0.00623174795705128,0.00401275558574697,0.00484988808005722
4620,0.00428950700012605,0.00621776944323325,0.00400425233096774,0.00483717625810901
4630,0.00427391656505764,0.00620383211679743,0.00399589048736517,0.00482454638974008
4640,0.00425838354828227,0.00618994701017647,0.00398768281524466,0.00481200445790113
4650,0.00424291173622864,0.00617612515442227,0.00397963169830143,0.00479955619631744
4660,0.00422750980889697,0.00616237915717758,0.00397173835152326,0.00478720910586594
4670,0.00421219298546933,0.00614872552635944,0.00396401801482602,0.00477497884221826
4680,0.00419696473175388,0.0061351753398106,0.00395646073659447,0.00476286693605298
4690,0.00418181879648788,0.00612173554695535,0.00394907946309155,0.00475087793551159
4700,0.00416675892467741,0.00610841695662118,0.00394187712502063,0.00473901766877307
4710,0.00415180111788309,0.00609523029735863,0.00393485269183578,0.00472729470235917
4720,0.00413696295160427,0.00608218620559462,0.00392802249624236,0.00471572388448042
4730,0.00412222818942456,0.0060692952137434,0.00392137494122996,0.00470429944813264
4740,0.0041075978267324,0.00605656773828833,0.00391492258913367,0.00469302938471813
4750,0.00409308089344539,0.00604401406784788,0.00390866900249784,0.0046819213212637
4760,0.00407869642230546,0.00603165271468792,0.0039026104378839,0.0046709865249591
4770,0.00406444698567515,0.00601949980148375,0.00389676388666351,0.00466023689127414
4780,0.00405031727330737,0.00600755807341835,0.00389111630928555,0.00464966388533709
4790,0.00403630978508372,0.00599583256460159,0.00388567928107889,0.0046392738769214
4800,0.00402244176311318,0.00598433262971718,0.00388045702696103,0.00462907713993046
4810,0.00400873317761156,0.0059730674145635,0.00387544274651897,0.00461908111289801
4820,0.00399516116059534,0.0059620458445997,0.00387065357136812,0.00460928685885439
4830,0.00398172241429584,0.00595127661362451,0.00386607530097238,0.00459969144296424
4840,0.00396842446003853,0.00594076817260291,0.00386171793492211,0.00459030352252118
4850,0.00395528743915895,0.00593052926450221,0.00385758632042072,0.00458113434136063
4860,0.0039423142491979,0.00592058573621781,0.00385367043152599,0.00457219013898056
4870,0.00392948140931129,0.00591094702605616,0.00384998696406497,0.0045634717998108
4880,0.00391678978022973,0.0059016023162114,0.00384652090397941,0.00455497100014018
4890,0.00390425499125606,0.00589255851269273,0.00384328015162784,0.00454669788519221
4900,0.00389189668670337,0.00588382220759222,0.00384027005175886,0.00453866298201815
4910,0.00387968964276384,0.00587539966978549,0.00383747740136902,0.00453085557130612
4920,0.00386762592051696,0.00586729683593104,0.00383491785996548,0.00452328020547116
4930,0.00385571027901671,0.00585951930178215,0.0038325759925832,0.00451593519112735
4940,0.00384396114340729,0.00585207231382472,0.00383045719141353,0.00450883021621518
4950,0.00383238222429364,0.00584496964897415,0.0038285670805402,0.00450197298460266
4960,0.00382094462232212,0.00583822966104414,0.00382688957111581,0.00449535461816069
4970,0.00380964749990096,0.00583184852748378,0.00382543869859168,0.00448897824199214
4980,0.00379850278470576,0.00582581615732909,0.0038241990187122,0.00448283932024902
4990,0.00378752721274401,0.00582013572430207,0.00382317316395583,0.00447694536700064
5000,0.0037766970818952,0.00581481000603445,0.00382236672502929,0.00447129127098631
5010,0.00376600081651472,0.005809841378967,0.00382176126746087,0.00446586782098086
5020,0.00375544003717723,0.00580523181369334,0.00382136866652054,0.0044606801724637
5030,0.00374502917475168,0.00580098287075703,0.00382117387075982,0.00445572863875618
5040,0.0037347723862772,0.00579709569691059,0.00382117669066703,0.00445101492461827
5050,0.00372463946574022,0.00579358886779158,0.00382138228498557,0.00444653687283912
5060,0.00371462818269135,0.00579046947565876,0.00382177064756981,0.00444228943530664
5070,0.00370474583334389,0.00578771763417085,0.00382235104643022,0.00443827150464832
5080,0.00369500441963374,0.00578532746791539,0.00382310918778871,0.00443448035844595
5090,0.00368538447881172,0.00578329778788938,0.00382404220444714,0.00443090815704941
5100,0.00367587290963593,0.00578162697965427,0.00382515435795228,0.00442755141574749
5110,0.00366646869213044,0.00578031300373984,0.00382642504117504,0.00442440224568177
5120,0.00365718105206377,0.00577935339656243,0.00382786058998997,0.00442146501287206
5130,0.0036480135945946,0.00577874527185896,0.00382944777200054,0.00441873554615137
5140,0.00363893929752642,0.0057784891062341,0.00383118139352873,0.00441620326576308
5150,0.00362995513487786,0.00577859837437916,0.0038330643167067,0.00441387260865457
5160,0.00362106405502955,0.00577906654297584,0.00383507644386784,0.00441173568062441
5170,0.00361227268093694,0.00577986884454168,0.00383722100226951,0.00440978750924938
5180,0.00360356699625932,0.00578100010736348,0.00383948604586586,0.00440801771649622
5190,0.00359493496244577,0.00578245476161247,0.00384186459495333,0.00440641810633719
5200,0.00358637403331829,0.00578422684505738,0.00384435761182356,0.00440498616339974
5210,0.00357788831728814,0.0057863100092687,0.00384694668504288,0.00440371500386657
5220,0.0035694797705565,0.00578869752630798,0.00384963192217488,0.00440260307301312
5230,0.0035611282428357,0.00579138229589515,0.00385240280031653,0.00440163777968246
5240,0.00355283065729229,0.00579436620449317,0.00385525124839258,0.00440081603672601
5250,0.00354458684939607,0.00579764946308304,0.00385817587569395,0.00440013739605769
5260,0.00353639872195502,0.00580121273653648,0.00386116111536024,0.00439959085795058
5270,0.00352825754469072,0.00580503849975791,0.00386420411584685,0.00439916672009849
5280,0.00352015458784466,0.0058091177522124,0.00386729586042775,0.00439885606682827
5290,0.00351208710250406,0.00581344118316189,0.00387042796252376,0.0043986520827299
5300,0.00350405536463901,0.00581799918244404,0.00387359618103266,0.00439855024270524
5310,0.00349605916693769,0.00582278185162324,0.00387678905361247,0.00439854335739113
5320,0.00348808707056426,0.00582777901550039,0.00388000101508755,0.00439862236705073
5330,0.00348013667144539,0.00583298023396781,0.00388322445020728,0.00439878045187349
5340,0.00347220641703114,0.00583838451924115,0.00388645154522627,0.00439901416049952
5350,0.00346429526261475,0.00584398211825376,0.00388967529238673,0.00439931755775174
5360,0.00345639877572504,0.00584974817199565,0.00389288874487829,0.00439967856419966
5370,0.00344851267758395,0.00585567053127601,0.00389608427280242,0.00440008916055412
5380,0.00344063515498609,0.005861737533287,0.00389925543930731,0.00440054270919347
5390,0.00343276473648822,0.00586793734022461,0.00390239589072915,0.00440103265581399
5400,0.00342489963049784,0.0058742579533738,0.00390549638091815,0.0044015513215966
5410,0.00341703661715994,0.00588068722737612,0.00390855424651443,0.00440209269701683
5420,0.00340917446296556,0.00588721288466223,0.00391156070594638,0.00440264935119139
5430,0.00340131193541656,0.00589382373448852,0.00391451026787677,0.00440321531259395
5440,0.00339344749864483,0.00590050885603503,0.00391739879968941,0.00440378505145642
5450,0.00338557992032684,0.00590725277629392,0.00392021547808017,0.00440434939156697
5460,0.00337770892019215,0.00591403908300196,0.00392296150080031,0.00440490316799814
5470,0.00336983410393508,0.00592085504639413,0.00392562787597996,0.00440543900876973
5480,0.00336195471369384,0.00592768790663451,0.00392820985329573,0.00440595082454136
5490,0.00335406998619633,0.00593452488887793,0.00393070608792133,0.00440643365433187
5500,0.00334618110847389,0.00594135321831576,0.00393310493712456,0.00440687975463807
5510,0.00333828855196668,0.00594816013518836,0.00393541088445196,0.004407286523869
5520,0.00333039267713331,0.00595493290974719,0.00393761562601995,0.00440764707096682
5530,0.00332249404718585,0.00596165598350731,0.00393971501242362,0.00440795501437226
5540,0.00331459407422336,0.0059683133585113,0.00394171080482142,0.00440820607918536
5550,0.00330669432993278,0.00597489382666009,0.00394359135228751,0.00440839316962679
5560,0.00329879597766576,0.00598138614649523,0.00394536374230568,0.00440851528882222
5570,0.00329090094911462,0.00598777803447461,0.00394702114618358,0.00440856670992427
5580,0.00328301230241806,0.00599405733671301,0.00394855996997937,0.00440854320303681
5590,0.00327513168340751,0.00600021204281495,0.00394998511430158,0.00440844294684135
5600,0.00326726075536928,0.00600623029949483,0.00395128573826009,0.0044082589310414
5610,0.00325940206022217,0.00601210042397034,0.00395247079647764,0.00440799109355672
5620,0.00325156044133564,0.00601780988940817,0.0039535355523669,0.00440763529437024
5630,0.00324374032931905,0.00602333718749075,0.00395447703795818,0.00440718485158932
5640,0.00323594161160607,0.00602866799453794,0.00395530302700312,0.00440663754438238
5650,0.00322816685682891,0.00603380275690611,0.00395600426698694,0.00440599129357399
5660,0.00322042179042052,0.00603873097451789,0.00395659084042532,0.00440524786845458
5670,0.00321271550534806,0.0060434424020734,0.00395706050355577,0.00440440613699241
5680,0.00320504725233217,0.00604792706001286,0.00395741111091312,0.00440346180775272
5690,0.00319741823935984,0.00605217524513362,0.00395765275065035,0.0044024154117146
5700,0.00318983303563192,0.00605617754085286,0.00395777845289903,0.0044012630097946
5710,0.00318230210319646,0.00605992482710738,0.00395779873556854,0.0044000085552908
5720,0.00317483421745346,0.00606340075143152,0.00395771400298399,0.00439864965728965
5730,0.00316742329006303,0.00606658538232755,0.00395752325212876,0.00439717730817312
5740,0.00316007289429961,0.0060694766855106,0.00395723806353234,0.00439559588111418
5750,0.00315279266276897,0.00607207751090525,0.00395685432143279,0.00439390816503567
5760,0.00314559892560143,0.00607438054726608,0.00395638237553149,0.004392120616133
5770,0.0031384872673099,0.00607637883672442,0.00395582517731184,0.00439023042711539
5780,0.00313145599740145,0.00607806578135903,0.00395518329390456,0.00438823502422168
5790,0.00312451092547493,0.00607943514934461,0.00395446876163847,0.00438613827881934
5800,0.00311766837192835,0.00608048108067509,0.00395368073637224,0.00438394339632523
5810,0.00311094339289747,0.00608119809245892,0.00395282891699231,0.0043816568007829
5820,0.00310431971726365,0.006081564767341,0.00395191845317866,0.00437926764592777
5830,0.00309780134827799,0.00608156700688024,0.00395095198958905,0.00437677344824909
5840,0.00309140103236172,0.00608122170360719,0.00394994083192946,0.00437418785596612
5850,0.00308514228155022,0.00608052852674339,0.00394888764918826,0.00437151948582729
5860,0.00307901735376138,0.00607948415842087,0.00394780114780277,0.00436876755332834
5870,0.00307301897670587,0.00607808568170809,0.00394668810463774,0.00436593092101723
5880,0.00306715301217306,0.00607633058226456,0.00394555378996162,0.00436301246146641
5890,0.0030614407340254,0.00607421674956211,0.00394440751872614,0.00436002166743788
5900,0.00305590540584857,0.00607174247767441,0.00394325552628982,0.00435696780327093
5910,0.00305051735067369,0.00606890150430974,0.00394210533281685,0.00435384139593343
5920,0.00304528034614489,0.00606567615494268,0.00394096459082259,0.00435064036397005
5930,0.00304020879382991,0.0060620667164551,0.00393984173730168,0.00434737241586223
5940,0.00303533205034833,0.00605809428247835,0.00393874284517138,0.00434405639266602
5950,0.00303064062372673,0.00605375937908378,0.00393767757866875,0.00434069252715975
5960,0.00302611939942181,0.00604906293021644,0.00393665221939105,0.00433727818300976
5970,0.00302177299904459,0.00604400625496558,0.00393567441737232,0.00433381789046083
5980,0.00301762576955593,0.00603859106443208,0.00393475625679895,0.00433032436359566
5990,0.00301371035729933,0.00603281945819656,0.00393389941012639,0.00432680974187409
6000,0.00300998224603001,0.00602669392039231,0.00393311664899434,0.00432326427180555
6010,0.00300644435411542,0.00602020564819111,0.00393241308724455,0.00431968769651703
6020,0.00300311095663464,0.00601334612554558,0.00393179543038866,0.00431608417085629
6030,0.00300001484278145,0.00600613372246845,0.0039312797728724,0.00431247611270743
6040,0.00299714693943922,0.00599858252908815,0.00393086240200726,0.00430886395684488
6050,0.00299448309311895,0.00599069706278472,0.00393055870632233,0.00430524628740867
6060,0.00299202559407907,0.0059824821875644,0.00393037284007264,0.00430162687390537
6070,0.00298979936530909,0.0059739431070099,0.00393030962267985,0.00429801736499962
6080,0.00298784618575122,0.00596508535688265,0.00393038909933712,0.00429444021399033
6090,0.00298610761325174,0.0059559147973819,0.00393060176973923,0.00429087472679096
6100,0.00298458519840091,0.00594643728580153,0.0039309648758035,0.00428732912000198
6110,0.00298329136500667,0.0059366444790571,0.00393148207238791,0.00428380597215056
6120,0.0029822592638827,0.00592653698784494,0.00393215542338321,0.00428031722503695
6130,0.00298148225779806,0.00591614549840565,0.00393300747231897,0.00427687840950756
6140,0.00298092750153714,0.0059054775039811,0.00393402439452298,0.00427347646668041
6150,0.00298059569418969,0.00589454075980901,0.00393522381940178,0.00427012009113349
6160,0.00298050942956885,0.00588334327272674,0.0039366092253939,0.00426682064256317
6170,0.00298071013202948,0.00587189329048639,0.00393817922222894,0.00426359421491494
6180,0.00298113900982715,0.00586019929078693,0.00393995794738463,0.00426043208266623
6190,0.00298179211094505,0.00584826997002901,0.00394192794962725,0.00425733001020044
6200,0.00298267868809528,0.00583610986669536,0.00394410611970692,0.00425429822483252
6210,0.00298382908215446,0.00582372003590035,0.00394649601629892,0.00425134837811791
6220,0.00298524030221983,0.00581111454411128,0.00394909231038206,0.00424848238557106
6230,0.0029868728909416,0.0057983134241963,0.00395191970481204,0.00424570200664998
6240,0.00298872584059483,0.00578532635629888,0.00395495795615296,0.00424300338434889
6250,0.00299081739944534,0.00577216315467342,0.00395822213932951,0.00424040089781609
6260,0.00299318465164767,0.00575883375437892,0.00396171603229609,0.00423791147944089
6270,0.00299577396303679,0.0057453481977612,0.00396543014598444,0.00423551743559414
6280,0.00299857592504582,0.00573171662073138,0.00396938863371852,0.00423322705983191
6290,0.00300159595118464,0.00571794923884786,0.00397356937382958,0.00423103818795403
6300,0.00300485889115094,0.00570405210684676,0.00397798466477218,0.00422896522092329
6310,0.00300836540598758,0.00569003297736962,0.00398263848000741,0.0042270122877882
6320,0.00301207304472026,0.00567591014807689,0.00398751725105839,0.00422516681461852
6330,0.00301597922348335,0.00566169602555763,0.00399264342281519,0.00422343955728539
6340,0.00302009667739864,0.00564740099152655,0.00399799393103628,0.00422183053332049
6350,0.00302445505646887,0.00563303540692781,0.00400357751726515,0.00422035599355394
6360,0.00302900978683551,0.00561860959674384,0.0040093981278944,0.00421900583715792
6370,0.00303374744379159,0.0056041338347028,0.00401543852413676,0.00421777326754372
6380,0.0030386696744777,0.00558961832789541,0.00402171828583362,0.00421666876273558
6390,0.00304379413132985,0.00557507310131797,0.00402821430739296,0.00421569384668026
6400,0.00304912389032487,0.00556050829486458,0.00403493123081322,0.00421485447200089
6410,0.00305461808244146,0.00554593519602084,0.00404187253020858,0.00421414193622363
6420,0.00306027293672896,0.00553136507055261,0.00404901804685367,0.00421355201804508
6430,0.00306609547852572,0.00551680746357944,0.00405638339071991,0.00421309544427502
6440,0.0030721060485487,0.00550227174653768,0.0040639462298059,0.00421277467496409
6450,0.00307827111539044,0.0054877671015805,0.00407170685085191,0.00421258168927428
6460,0.00308457567230577,0.0054733025060265,0.00407966757889279,0.00421251525240835
6470,0.00309101832216742,0.00545888671687284,0.00408780642421723,0.0042125704877525
6480,0.00309760903697435,0.0054445282553896,0.00409613402558729,0.00421275710598375
6490,0.00310435114795433,0.00543023757409198,0.00410462950797166,0.00421307274333932
6500,0.00311121004150854,0.00541602656288274,0.00411328887190853,0.00421350849209993
6510,0.00311818131681218,0.0054019016901541,0.00412211239327587,0.00421406513341405
6520,0.00312526696304871,0.00538786759465275,0.00413107765873115,0.00421473740547753
6530,0.00313247757958116,0.0053739312072217,0.00414018949027513,0.004215532759026
6540,0.00313979062913328,0.00536009912124345,0.00414942898506965,0.00421643957848213
6550,0.00314719238344527,0.00534637757869148,0.00415878827468313,0.00421745274560663
6560,0.00315467952515345,0.00533277245645661,0.00416826448995632,0.0042185721571888
6570,0.00316225502063193,0.00531928925296874,0.00417783648006039,0.00421979358455369
6580,0.00316991992369456,0.00530593307513528,0.00418750261118092,0.00422111853667025
6590,0.00317764973868529,0.00529271492236612,0.0041972462738262,0.00422253697829254
6600,0.00318544002135474,0.00527964448059879,0.00420705650152988,0.00422404700116114
6610,0.00319328896662461,0.00526671551430401,0.00421692603616627,0.0042256435056983
6620,0.00320119829452743,0.00525393051690669,0.00422683689373894,0.00422732190172435
6630,0.00320915472925391,0.00524129219893279,0.00423678059829836,0.00422907584216169
6640,0.00321714844519692,0.00522880280102593,0.0042467429473831,0.00423089806453531
6650,0.0032251754028781,0.0052164640844869,0.00425671098539226,0.00423278349091909
6660,0.00323323303777391,0.00520427732235571,0.00426667174131822,0.00423472736714928
6670,0.0032413177737674,0.00519224329105794,0.00427661243817001,0.00423672450099845
6680,0.00324941761750463,0.00518036458832359,0.00428651766259789,0.0042387666228087
6690,0.00325752854530945,0.00516864754898679,0.00429637552604515,0.0042408505401138
6700,0.00326564635992931,0.00515709079472175,0.00430617249080579,0.00424296988181895
6710,0.00327376558070685,0.00514568404568492,0.00431588855604905,0.00424511272748028
6720,0.00328187941392989,0.00513442520406532,0.00432551822450711,0.00424727428083411
6730,0.00328998380079406,0.00512331163627228,0.00433503936787255,0.00424944493497963
6740,0.00329807494969568,0.00511234017020617,0.00434444212733352,0.00425161908241179
6750,0.00330614651243017,0.0051015070932989,0.00435371402262196,0.00425378920945034
6760,0.00331418842223238,0.00509080815134121,0.00436282681582148,0.00425594112979836
6770,0.00332220192315464,0.00508023854811256,0.00437178427297569,0.00425807491474763
6780,0.00333018363713898,0.00506979662630349,0.00438055810226166,0.00426017945523471
6790,0.00333812815581965,0.00505948046515673,0.0043891400306078,0.00426224955052806
6800,0.00334602465124017,0.00504927679375279,0.00439752041595399,0.00426427395364898
6810,0.00335386966359113,0.00503917540173961,0.00440566179906877,0.0042662356214665
6820,0.00336166582824407,0.00502916853062282,0.004413578968629,0.00426813777583197
6830,0.00336941010125871,0.0050192479018231,0.00442123834249995,0.00426996544852725
6840,0.00337709383954458,0.00500940472357673,0.00442863267536733,0.00427171041282955
6850,0.00338469951772918,0.00499962969874592,0.00443575697087311,0.0042733620624494
6860,0.00339224051393182,0.00498991303354245,0.00444256390423115,0.00427490581723514
6870,0.00339971427171976,0.00498024456449101,0.00444908068050769,0.00427634650557282
6880,0.00340711490259179,0.00497061413288029,0.00445526959430306,0.00427766620992505
6890,0.00341442768854842,0.0049610094596637,0.00446112338302132,0.00427885351041115
6900,0.00342164946698304,0.00495141543833011,0.00446664305122018,0.00427990265217778
6910,0.00342878981178425,0.00494181973750193,0.00447177484508145,0.00428079479812254
6920,0.00343584615263451,0.00493220961505235,0.00447655478410115,0.00428153685059601
6930,0.00344280830809444,0.00492257193440927,0.0044809440925055,0.00428210811166974
6940,0.00344965320575782,0.0049128931817228,0.00448493470637333,0.00428249369795132
6950,0.00345640126320722,0.00490315948388257,0.0044885348687024,0.0042826985385974
6960,0.00346305205382402,0.00489335662736916,0.00449168649703388,0.00428269839274235
6970,0.00346959948226844,0.00488346770331637,0.00449443257828604,0.00428249992129028
6980,0.00347602572090069,0.0048734718570083,0.00449673561746674,0.00428207773179191
6990,0.00348232514571005,0.00486335339172836,0.00449858614112311,0.00428142155952051
7000,0.00348851441023431,0.00485310112694255,0.00450000052346576,0.00428053868688087
7010,0.00349459109654493,0.00484269936340569,0.00450091838675185,0.00427940294890083
7020,0.00350054373150243,0.00483213221289758,0.00450138798358123,0.00427802130932708
7030,0.00350634406858556,0.00482138362313642,0.00450137521940351,0.00427636763704183
7040,0.0035120164633396,0.00481043740327138,0.00450086881977465,0.00427444089546187
7050,0.00351756336088292,0.00479927724992046,0.00449989370176009,0.00427224477085449
7060,0.00352297847118884,0.00478788677371888,0.00449838939179605,0.00426975154556792
7070,0.0035282410788711,0.00477623904113983,0.00449640753584309,0.00426696255195134
7080,0.00353334053903416,0.00476430380612446,0.00449391932521027,0.00426385455678963
7090,0.00353830124626922,0.00475208066604869,0.00449091157850061,0.00426043116360617
7100,0.00354312064653768,0.00473955641455074,0.00448741760540042,0.00425669822216295
7110,0.00354778597057524,0.00472671471466526,0.0044833790839173,0.00425262658971927
7120,0.00355226361634855,0.00471353933665436,0.00447884912254617,0.00424821735851636
7130,0.00355657981840059,0.00470001418711249,0.00447380570317215,0.00424346656956174
7140,0.0035607408349191,0.00468612333815115,0.00446823396510812,0.00423836604605945
7150,0.00356474023189555,0.00467185105661648,0.00446217485327998,0.004232922047264
7160,0.0035685545272008,0.00465717739356434,0.00445557436472828,0.00422710209516447
7170,0.00357216559855613,0.00464206770155862,0.00444848519783447,0.00422090616598307
7180,0.00357560706766961,0.00462649910505173,0.00444089312416975,0.0042143330989637
7190,0.00357887616597362,0.00461048445512903,0.00443278218576357,0.00420738093562207
7200,0.00358195897025407,0.00459400964296941,0.00442419959621429,0.00420005606981259
7210,0.00358481648427064,0.00457706095142801,0.00441509763073309,0.00419232502214391
7220,0.00358747530466832,0.00455962508245102,0.00440552687537612,0.00418420908749848
7230,0.00358994691435734,0.00454168918402034,0.00439548129408988,0.00417570579748919
7240,0.00359222508167454,0.00452324087657978,0.00438494475641239,0.00416680357155557
7250,0.00359428415622066,0.00450426827889479,0.00437396881460986,0.00415750708324177
7260,0.00359609634559237,0.00448474536942492,0.00436251365385233,0.00414778512295654
7270,0.00359770651014187,0.00446463541563953,0.00435062631469916,0.00413765608016019
7280,0.00359911190519414,0.00444394780090132,0.0043383087133938,0.00412712280649642
7290,0.00360029806250689,0.00442269136742971,0.00432554576854554,0.00411617839949405
7300,0.00360122147850551,0.00440085744679916,0.00431239097168837,0.00410482329899768
7310,0.00360190759402535,0.00437843802568646,0.00429881362245221,0.00409305308072134
7320,0.00360237484689226,0.00435542576503934,0.00428485612826969,0.0040808855800671
7330,0.00360261793429842,0.00433181401823642,0.00427052747985292,0.00406831981079592
7340,0.00360261051874299,0.00430759684820274,0.00425581508381963,0.00405534081692179
7350,0.00360231378502622,0.00428276876699647,0.00424077164050519,0.00404195139750929
7360,0.00360178541668783,0.00425729964793382,0.00422537626892786,0.00402815377784984
7370,0.00360102323212706,0.00423115604805262,0.00420966604898381,0.0040139484430545
7380,0.00360001338170304,0.00420439020735732,0.00419365558905152,0.00399935305937063
7390,0.00359871016754703,0.00417700037983979,0.00417733633185343,0.00398434895974675
7400,0.00359713613608648,0.00414898561393818,0.00416075729909839,0.00396895968304102
7410,0.00359531808805276,0.0041203457596557,0.00414390759641654,0.003953190481375
7420,0.00359325261170338,0.00409108147437445,0.00412681868966157,0.00393705092524647
7430,0.0035909150367483,0.00406119422735153,0.00410950887894343,0.00392053938101442
7440,0.00358825591710998,0.00403068630288602,0.00409197517121574,0.00390363913040391
7450,0.00358534557545435,0.00399955108792407,0.0040742600625483,0.00388638557530891
7460,0.00358218308466903,0.00396776582966509,0.00405636227443098,0.00386877039625503
7470,0.00357875672936959,0.00393533950621783,0.00403830776069879,0.0038508013320954
7480,0.00357502229210617,0.00390231199244216,0.00402011627121594,0.00383248351858809
7490,0.00357099774407831,0.00386869007335938,0.0040017917459815,0.00381382652113973
7500,0.0035667183911418,0.0038344813322801,0.00398336755397671,0.00379485575913287
7510,0.00356218358220753,0.00379969414272935,0.00396485116187167,0.00377557629560285
7520,0.00355737304534779,0.0037643376590661,0.00394626345088386,0.00375599138509925
7530,0.00355222971588669,0.00372842180581285,0.00392762324655111,0.00373609158941688
7540,0.00354683339806212,0.00369195726571334,0.00390894249444671,0.00371591105274072
7550,0.00354118502350294,0.00365493970222171,0.0038902432763783,0.00369545600070098
7560,0.00353527645062407,NA,0.00387154050704071,NA
7570,0.00352906928279519,NA,0.00385285069434845,NA
7580,0.00352257595386719,NA,0.00383418943221806,NA
7590,0.00351583830202334,NA,0.00381557732670996,NA
7600,0.00350885837079444,NA,0.00379702362308817,NA
7610,0.00350162189824484,NA,0.0037785490632343,NA
7620,0.00349407493584911,NA,0.00376016664534813,NA
7630,0.00348629448453837,NA,0.00374188668717557,NA
7640,0.0034782856538037,NA,0.00372373859949411,NA
7650,0.00347004475034802,NA,0.00370571797987205,NA
7660,0.00346154307486169,NA,0.00368784957635249,NA
7670,0.00345278795888792,NA,0.00367014391840457,NA
7680,0.00344382338783309,NA,0.00365260468471672,NA
7690,0.0034346534759875,NA,0.0036352682364165,NA
7700,0.00342527035806929,NA,0.00361811819166096,NA
7710,0.00341563493096385,NA,0.0036011808223666,NA
7720,0.00340580806793689,NA,0.00358446523349575,NA
7730,0.00339580024920392,NA,0.00356796781097622,NA
7740,0.0033856121868331,NA,0.00355172877242378,NA
7750,0.0033752271269239,NA,0.00353572300369178,NA
7760,0.00336464938388145,NA,0.0035199756185001,NA
7770,0.00335391886157718,NA,0.00350449510887971,NA
7780,0.00334304123051114,NA,0.00348927039321124,NA
7790,0.00333201498638141,NA,0.0034743430904985,NA
7800,0.00332081883197787,NA,0.00345968199717514,NA
7810,0.0033094944771799,NA,0.00344530906788974,NA
7820,0.0032980544561123,NA,0.00343123274548506,NA
7830,0.00328650285897093,NA,0.00341743489442326,NA
7840,0.00327483474276404,NA,0.00340395625573704,NA
7850,0.0032630546715965,NA,0.00339076211941675,NA
7860,0.00325119183133489,NA,0.00337786982573618,NA
7870,0.00323925247864631,NA,0.00336528805048763,NA
7880,0.00322724014238241,NA,0.00335299256192523,NA
7890,0.00321515089571491,NA,0.00334102125614161,NA
7900,0.00320300770942446,NA,0.00332933828198635,NA
7910,0.00319082094082628,NA,0.00331795552410926,NA
7920,0.00317859630447228,NA,0.0033068818939509,NA
7930,0.00316633811743532,NA,0.00329608847453281,NA
7940,0.00315405447455599,NA,0.00328560876881422,NA
7950,0.003141758740326,NA,0.00327540780787499,NA
7960,0.00312945656004715,NA,0.00326549180379983,NA
7970,0.00311715422809144,NA,0.00325586966390177,NA
7980,0.00310486136484185,NA,0.00324650952140567,NA
7990,0.00309258572366287,NA,0.00323743942640563,NA
8000,0.00308033169583215,NA,0.00322862689037338,NA
8010,0.00306810463687707,NA,0.0032200728141411,NA
8020,0.00305591388755009,NA,0.00321178568574744,NA
8030,0.00304377287198835,NA,0.00320373259341558,NA
8040,0.00303167738569066,NA,0.00319593559302789,NA
8050,0.00301963134789713,NA,0.00318836581037025,NA
8060,0.0030076412371394,NA,0.003181019679181,NA
8070,0.0029957239932725,NA,0.00317390476735464,NA
8080,0.00298387742041689,NA,0.00316698902454374,NA
8090,0.00297209799217852,NA,0.00316028847997161,NA
8100,0.00296038905415584,NA,0.00315377854769404,NA
8110,0.0029487603007254,NA,0.0031474523876515,NA
8120,0.00293722955656463,NA,0.00314131616352573,NA
8130,0.00292577770277127,NA,0.00313534042843178,NA
8140,0.00291440619357969,NA,0.00312953561597574,NA
8150,0.00290311948115749,NA,0.00312388168529646,NA
8160,0.00289193482947578,NA,0.00311836990682278,NA
8170,0.00288084529751446,NA,0.00311300467743816,NA
8180,0.00286984024236451,NA,0.00310776058062967,NA
8190,0.00285892011687204,NA,0.00310264327364078,NA
8200,0.00284809120455566,NA,0.00309763717393256,NA
8210,0.00283737162936623,NA,0.0030927330703227,NA
8220,0.00282673424976608,NA,0.00308793344792885,NA
8230,0.00281617787480606,NA,0.0030832179087442,NA
8240,0.00280570361207878,NA,0.00307858844385954,NA
8250,0.00279532304379397,NA,0.00307403359315423,NA
8260,0.00278502803288186,NA,0.00306954493382961,NA
8270,0.00277480444274927,NA,0.00306512318977053,NA
8280,0.00276464989260176,NA,0.00306075344327659,NA
8290,0.00275456537216628,NA,0.00305643531008816,NA
8300,0.00274456265878452,NA,0.00305216097187665,NA
8310,0.00273461630785722,NA,0.00304792378429539,NA
8320,0.00272472288298652,NA,0.00304372320776526,NA
8330,0.00271487993371085,NA,0.00303954969461818,NA
8340,0.00270508968033105,NA,0.00303540184220952,NA
8350,0.0026953438610732,NA,0.00303127495226489,NA
8360,0.00268563045277734,NA,0.00302716475766858,NA
8370,0.00267594516091922,NA,0.00302307032045986,NA
8380,0.0026662841174355,NA,0.00301898677897,NA
8390,0.00265664454254432,NA,0.00301491302527011,NA
8400,0.00264701364738409,NA,0.00301084701130326,NA
8410,0.00263738635658456,NA,0.00300678698195027,NA
8420,0.00262775743079121,NA,0.00300273281886854,NA
8430,0.00261811893578611,NA,0.00299868312986262,NA
8440,0.00260846123807577,NA,0.00299463827264275,NA
8450,0.00259878054199203,NA,0.00299059850737478,NA
8460,0.00258907169457691,NA,0.00298656423880102,NA
8470,0.00257932712345826,NA,0.00298253766063917,NA
8480,0.00256952771729898,NA,0.0029785192139861,NA
8490,0.00255967637435987,NA,0.00297451165870082,NA
8500,0.00254976932546965,NA,0.00297051741130065,NA
8510,0.00253979992617652,NA,0.00296653826858806,NA
8520,0.00252975190889623,NA,0.00296258017808444,NA
8530,0.00251961167838827,NA,0.00295864373988459,NA
8540,0.00250938864910916,NA,0.00295473466504802,NA
8550,0.00249907786563001,NA,0.00295085759142858,NA
8560,0.00248866972213427,NA,0.00294701461366908,NA
8570,0.0024781315253288,NA,0.00294321659035899,NA
8580,0.00246747941311449,NA,0.00293946283995009,NA
8590,0.00245671439437863,NA,0.00293576210436542,NA
8600,0.00244582995769526,NA,0.0029321215154384,NA
8610,0.00243480504045005,NA,0.00292854214101818,NA
8620,0.00242361951307751,NA,0.00292504050431122,NA
8630,0.00241229855053699,NA,0.00292161357233502,NA
8640,0.00240083828814516,NA,0.00291827272303023,NA
8650,0.0023892289391955,NA,0.00291502802203142,NA
8660,0.0023774293405542,NA,0.00291187805775535,NA
8670,0.00236546375763962,NA,0.00290884533242367,NA
8680,0.00235334045913855,NA,0.00290592380079868,NA
8690,0.00234105435924175,NA,0.00290312666227657,NA
8700,0.00232858370350259,NA,0.00290046745888579,NA
8710,0.00231590052781415,NA,0.00289794083305558,NA
8720,0.00230304525655642,NA,0.00289557513427394,NA
8730,0.00229001569761526,NA,0.00289336105469682,NA
8740,0.00227680347332756,NA,0.00289131246830527,NA
8750,0.00226336498685127,NA,0.00288944695648795,NA
8760,0.00224972681632617,NA,0.00288775385354744,NA
8770,0.0022359052668133,NA,0.0028862667983685,NA
8780,0.00222189748416211,NA,0.00288497334882627,NA
8790,0.00220768464631227,NA,0.00288388668694233,NA
8800,0.00219323171714619,NA,0.00288302892347178,NA
8810,0.00217859091286998,NA,0.00288238294210515,NA
8820,0.00216376194228028,NA,0.00288198673153501,NA
8830,0.00214873890276863,NA,0.00288182516244303,NA
8840,0.00213348142466716,NA,0.00288190926807843,NA
8850,0.00211801355461104,NA,0.00288226600900958,NA
8860,0.00210235850752008,NA,0.00288287100069115,NA
8870,0.00208651592058866,NA,0.00288376532543095,NA
8880,0.00207047235181975,NA,0.00288493185104159,NA
8890,0.00205418871381184,NA,0.00288637805203366,NA
8900,0.00203772330206933,NA,0.0028881357976094,NA
8910,0.00202107764813508,NA,0.00289017303112616,NA
8920,0.00200424879928286,NA,0.00289253243706988,NA
8930,0.00198720400369808,NA,0.00289519570617067,NA
8940,0.00196996194715273,NA,0.00289816552668265,NA
8950,0.00195254997488286,NA,0.00290147839355145,NA
8960,0.00193497000901081,NA,0.00290509465514409,NA
8970,0.00191721497342733,NA,0.00290905696395677,NA
8980,0.00189924668639513,NA,0.00291334669859851,NA
8990,0.00188112252981668,NA,0.00291796084112426,NA
9000,0.00186284556783048,NA,0.00292293982616984,NA
9010,0.00184441575609011,NA,0.00292823700642148,NA
9020,0.00182581065637878,NA,0.0029338933236516,NA
9030,0.00180704312997878,NA,0.00293989064735804,NA
9040,0.00178814073829726,NA,0.00294621974741286,NA
9050,0.00176910716538814,NA,0.00295292387153896,NA
9060,0.00174994128025815,NA,0.00295995051057081,NA
9070,0.00173061204578619,NA,0.00296733727038166,NA
9080,0.00171116863544687,NA,0.00297506715964335,NA
9090,0.00169161524200338,NA,0.00298312472452788,NA
9100,0.0016719543133445,NA,0.00299155444921417,NA
9110,0.00165217468572616,NA,0.00300029961302622,NA
9120,0.00163228508677299,NA,0.00300939300679649,NA
9130,0.00161230884613129,NA,0.00301881919383369,NA
9140,NA,NA,0.00302855702863163,NA
9150,NA,NA,0.00303865022555956,NA
9160,NA,NA,0.00304903997125675,NA
9170,NA,NA,0.00305975299000339,NA
9180,NA,NA,0.00307077552406975,NA
9190,NA,NA,0.00308208182588457,NA
9200,NA,NA,0.00309371245427196,NA
9210,NA,NA,0.00310560901455169,NA
9220,NA,NA,0.00311779120676537,NA
9230,NA,NA,0.00313024675039396,NA
9240,NA,NA,0.0031429469207427,NA
9250,NA,NA,0.00315592643361693,NA
9260,NA,NA,0.00316913011694174,NA
9270,NA,NA,0.00318257002994857,NA
9280,NA,NA,0.00319623492605606,NA
9290,NA,NA,0.00321009610760148,NA
9300,NA,NA,0.00322417629000671,NA
9310,NA,NA,0.00323842995949212,NA
9320,NA,NA,0.00325286010119958,NA
9330,NA,NA,0.00326745558034669,NA
9340,NA,NA,0.00328218966749483,NA
9350,NA,NA,0.00329707214675952,NA
9360,NA,NA,0.00331206801612553,NA
9370,NA,NA,0.00332717205316689,NA
9380,NA,NA,0.00334237202750361,NA
9390,NA,NA,0.00335764524547561,NA
9400,NA,NA,0.00337298814663269,NA
9410,NA,NA,0.00338837652399124,NA
9420,NA,NA,0.00340379833008691,NA
9430,NA,NA,0.0034192388120133,NA
9440,NA,NA,0.00343468141308432,NA
9450,NA,NA,0.00345010930774299,NA
9460,NA,NA,0.00346550883518619,NA
9470,NA,NA,0.0034808629272969,NA
9480,NA,NA,0.00349615274255364,NA
9490,NA,NA,0.00351136989429973,NA
9500,NA,NA,0.00352648483982523,NA
9510,NA,NA,0.0035414937246747,NA
9520,NA,NA,0.00355637657962899,NA
9530,NA,NA,0.00357110885936997,NA
9540,NA,NA,0.00358569221450064,NA
9550,NA,NA,0.00360008535604439,NA
9560,NA,NA,0.00361429307156487,NA
9570,NA,NA,0.00362829480499975,NA
9580,NA,NA,0.00364205873675969,NA
9590,NA,NA,0.00365559816811637,NA
9600,NA,NA,0.0036688613952163,NA
9610,NA,NA,0.00368186034478542,NA
9620,NA,NA,0.00369457625696453,NA
9630,NA,NA,0.00370696860396531,NA
9640,NA,NA,0.00371906362349888,NA
9650,NA,NA,0.00373080081462135,NA
9660,NA,NA,0.00374219750068694,NA
9670,NA,NA,0.00375323904634941,NA
9680,NA,NA,0.00376387500314125,NA
9690,NA,NA,0.00377414544676896,NA
9700,NA,NA,0.00378398290298497,NA
9710,NA,NA,0.00379340821455464,NA
9720,NA,NA,0.00380241302986151,NA
9730,NA,NA,0.00381093606275055,NA
9740,NA,NA,0.00381903170641139,NA
9750,NA,NA,0.00382662746148214,NA
9760,NA,NA,0.00383374578304317,NA
9770,NA,NA,0.00384038649334712,NA
9780,NA,NA,0.00384647690743787,NA
9790,NA,NA,0.00385208577422556,NA
9800,NA,NA,0.00385713756339815,NA
9810,NA,NA,0.00386165450450778,NA
9820,NA,NA,0.0038656461325236,NA
9830,NA,NA,0.00386902820378607,NA
9840,NA,NA,0.00387188341803305,NA
9850,NA,NA,0.00387413518224911,NA
9860,NA,NA,0.00387580382099093,NA
9870,NA,NA,0.00387690970665277,NA
9880,NA,NA,0.00387735730795756,NA
9890,NA,NA,0.00387724244054757,NA
9900,NA,NA,0.00387648932790247,NA
9910,NA,NA,0.00387511494454024,NA
9920,NA,NA,0.00387315116739895,NA
9930,NA,NA,0.00387049189427483,NA
9940,NA,NA,0.00386724481699968,NA
9950,NA,NA,0.00386333671244126,NA
9960,NA,NA,0.0038587800555957,NA
9970,NA,NA,0.00385361841227841,NA
9980,NA,NA,0.00384773627197949,NA
9990,NA,NA,0.00384125159268742,NA
10000,NA,NA,0.0038340952560208,NA
10010,NA,NA,0.00382627442897488,NA
10020,NA,NA,0.00381784405903433,NA
10030,NA,NA,0.00380868082300067,NA
10040,NA,NA,0.00379891100580227,NA
10050,NA,NA,0.00378847092591576,NA
10060,NA,NA,0.00377736191754366,NA
10070,NA,NA,0.00376564694538516,NA
10080,NA,NA,0.00375320511357381,NA
10090,NA,NA,0.00374016040058652,NA
10100,NA,NA,0.00372645848210006,NA
10110,NA,NA,0.00371209479323831,NA
10120,NA,NA,0.00369713798645161,NA
10130,NA,NA,0.0036814752578099,NA
10140,NA,NA,0.00366522250444423,NA
10150,NA,NA,0.00364833669572169,NA
10160,NA,NA,0.0036308077331147,NA
10170,NA,NA,0.00361270851963524,NA
10180,NA,NA,0.00359393606376037,NA
10190,NA,NA,0.00357459658377904,NA
10200,NA,NA,0.00355465853804191,NA
10210,NA,NA,0.00353410703280692,NA
10220,NA,NA,0.00351301757789683,NA
10230,NA,NA,0.00349129840121347,NA
10240,NA,NA,0.00346904489701701,NA
10250,NA,NA,0.00344623673743701,NA
10260,NA,NA,0.00342285531607055,NA
10270,NA,NA,0.00339897693890884,NA
10280,NA,NA,0.00337452212697364,NA
10290,NA,NA,0.00334957476102043,NA
10300,NA,NA,0.00332412500220438,NA
10310,NA,NA,0.00329815191725334,NA
10320,NA,NA,0.00327173067530658,NA
10330,NA,NA,0.00324479481727388,NA
10340,NA,NA,0.0032174164675704,NA
10350,NA,NA,0.00318959513479453,NA
10360,NA,NA,0.00316130919576522,NA
10370,NA,NA,0.00313263067689351,NA
10380,NA,NA,0.00310350651192526,NA
10390,NA,NA,0.00307399725190829,NA
10400,NA,NA,0.00304411023918364,NA
10410,NA,NA,0.00301382498651087,NA
10420,NA,NA,0.0029832083532829,NA
10430,NA,NA,0.00295222068584314,NA
10440,NA,NA,0.00292091153855538,NA
10450,NA,NA,0.00288929425851436,NA
10460,NA,NA,0.00285735143801149,NA
10470,NA,NA,0.00282514278551887,NA
10480,NA,NA,0.00279264173569068,NA
10490,NA,NA,0.00275988777369693,NA
10500,NA,NA,0.00272689817575603,NA
10510,NA,NA,0.00269366059687481,NA
10520,NA,NA,0.00266022571305898,NA
10530,NA,NA,0.0026265793974738,NA
10540,NA,NA,0.00259275229133828,NA
10550,NA,NA,0.00255876335716487,NA
10560,NA,NA,0.00252460725278703,NA
10570,NA,NA,0.00249032390581868,NA
10580,NA,NA,0.00245591068111342,NA
10590,NA,NA,0.0024213908367889,NA
10600,NA,NA,NA,NA
10610,NA,NA,NA,NA
10620,NA,NA,NA,NA
10630,NA,NA,NA,NA
10640,NA,NA,NA,NA
10650,NA,NA,NA,NA
10660,NA,NA,NA,NA
10670,NA,NA,NA,NA
10680,NA,NA,NA,NA
10690,NA,NA,NA,NA
10700,NA,NA,NA,NA
10710,NA,NA,NA,NA
10720,NA,NA,NA,NA
10730,NA,NA,NA,NA
10740,NA,NA,NA,NA
10750,NA,NA,NA,NA
10760,NA,NA,NA,NA
10770,NA,NA,NA,NA
10780,NA,NA,NA,NA
10790,NA,NA,NA,NA
10800,NA,NA,NA,NA
10810,NA,NA,NA,NA
10820,NA,NA,NA,NA
10830,NA,NA,NA,NA
10840,NA,NA,NA,NA
10850,NA,NA,NA,NA
10860,NA,NA,NA,NA
10870,NA,NA,NA,NA
10880,NA,NA,NA,NA
10890,NA,NA,NA,NA
10900,NA,NA,NA,NA
10910,NA,NA,NA,NA
10920,NA,NA,NA,NA
10930,NA,NA,NA,NA
10940,NA,NA,NA,NA
10950,NA,NA,NA,NA
10960,NA,NA,NA,NA
10970,NA,NA,NA,NA
10980,NA,NA,NA,NA
10990,NA,NA,NA,NA
11000,NA,NA,NA,NA
11010,NA,NA,NA,NA
11020,NA,NA,NA,NA
11030,NA,NA,NA,NA
11040,NA,NA,NA,NA
11050,NA,NA,NA,NA
11060,NA,NA,NA,NA
11070,NA,NA,NA,NA
11080,NA,NA,NA,NA
11090,NA,NA,NA,NA
11100,NA,NA,NA,NA
