"Age","FSindex","FS_Charly","FS_Rosalia","FS_Pikku"
-70,NA,NA,NA,NA
-60,NA,NA,NA,NA
-50,NA,NA,1.50924722306558,NA
-40,NA,NA,1.47672642754682,NA
-30,NA,NA,1.4462328746532,NA
-20,NA,NA,1.41762961229379,NA
-10,NA,NA,1.39077154932486,NA
0,NA,NA,1.36552046796317,NA
10,NA,NA,1.34178483532807,1.21120682127272
20,NA,NA,1.31944202781794,1.19707581117669
30,NA,NA,1.29841536166402,1.18397997183377
40,NA,NA,1.27861762405841,1.17190091122977
50,NA,NA,1.25995788412938,1.16080536309121
60,NA,NA,1.24238908817756,1.15058743993271
70,NA,NA,1.22582787153569,1.14116538143857
80,NA,NA,1.21022878108792,1.13256983692738
90,NA,NA,1.19553771048651,1.12492613839455
100,NA,NA,1.18169000040251,1.1181552050514
110,NA,NA,1.16866381119247,1.11214984010205
120,NA,NA,1.15619287082373,1.10687051276378
130,NA,NA,1.1440579523368,1.1023264225517
140,1.04048499965558,0.890685306291812,1.13224714476763,1.0985225479073
150,1.027667015394,0.866886570809349,1.12073122565987,1.09538324971278
160,1.01557442595121,0.844354563897839,1.10952139877871,1.09284731517708
170,1.00415926281732,0.822998266341463,1.0985889159064,1.09089060620411
180,0.993414806579337,0.802735352527578,1.08792924970199,1.08957981750845
190,0.983300016997089,0.783490980274222,1.07753554446329,1.08887352625376
200,0.973756425992501,0.765196961757257,1.06738096479736,1.08869135142289
210,0.964760863489692,0.747791042210053,1.05747885834687,1.08901268991216
220,0.956293751660852,0.731216270394711,1.04780440828231,1.08986057630554
230,0.948346130364042,0.715420447502361,1.03835222416182,1.09126571942795
240,0.940884102441398,0.700360105793517,1.02911918243589,1.09317301909479
250,0.933868194168501,0.685991209204088,1.02008030059944,1.09553307270198
260,0.927285365882434,0.672269996153901,1.01124979219247,1.09833630930093
270,0.921139596603572,0.659158160301806,1.00260614089408,1.10165448861483
280,0.915410403478245,0.646620942973066,0.994142654130542,1.10546761333113
290,0.910064695304318,0.634626173955605,0.985858953059798,1.10970895889755
300,0.905080102276561,0.623144035979319,0.977731681159389,1.11436458969097
310,0.900460842653802,0.612146854384128,0.969775005120241,1.11946066845704
320,0.896207379692574,0.601608908886053,0.961970277963641,1.12504295222803
330,0.892294706613979,0.591506264776426,0.954309397912822,1.13106845715269
340,0.888703681650909,0.581825215391596,0.946793936028757,1.13749189353237
350,0.885417368913447,0.572538866468225,0.939402105016997,1.14431113525512
360,0.88245640316662,0.563625456897339,0.932147344472467,1.15159640813005
370,0.879788053885628,0.555066739495393,0.925013552186938,1.15928386997455
380,0.877340706310762,0.546845659318817,0.917991325645502,1.16718513396797
390,0.875103151641043,0.538946237265425,0.91108351319833,1.17527970445938
400,0.873070554578608,0.531353486670026,0.904269937779308,1.18358823928649
410,0.871259130447407,0.524053337467378,0.897562796036503,1.19216125783834
420,0.869646811801164,0.517032567130726,0.890948265778217,1.20095960249455
430,0.868210623688956,0.51028194854005,0.884415902294841,1.20993402023198
440,0.866947677434692,0.503792807240891,0.877969248339883,1.2190809767233
450,0.865868756953774,0.497549281112434,0.871597987162112,1.22845900258678
460,0.865013333195286,0.491539442776677,0.865433584123285,1.2380669726859
470,0.864370201276713,0.485753434310803,0.859508834727033,1.2478483347923
480,0.863928096009758,0.48018194166116,0.853818355213978,1.25778399115414
490,0.863691891257016,0.474816157116772,0.848371828616964,1.26788768803731
500,0.863672436179096,0.469647744772104,0.843158969445909,1.27821059431928
510,0.863872782774233,0.464706196881179,0.838194374709391,1.28871777673213
520,0.864283702715179,0.460018270924549,0.833474852343449,1.29935798487754
530,0.864900350115236,0.455578355933051,0.828996077167969,1.31012661724469
540,0.865736874276825,0.451372958856256,0.82476843883965,1.32106922513457
550,0.866787192288697,0.447388474776998,0.820785166366071,1.33218793572302
560,0.868034687082314,0.443614410432888,0.817058780013216,1.34343087080084
570,0.869468416756651,0.440041325531021,0.813589176779179,1.35477474795975
580,0.871086185749763,0.436660239723832,0.810373999423154,1.3662243181023
590,0.872903538914692,0.433462601716359,0.807423790544298,1.37782422448342
600,0.874905919526317,0.430440260545393,0.804735170315923,1.38954232771763
610,0.877076973656555,0.427585438852785,0.802319065475057,1.40132641664182
620,0.879412741489891,0.42489170923751,0.800178075176738,1.41316844005542
630,0.881921933535948,0.422357267972916,0.79831197978795,1.42509655284698
640,0.884604178084999,0.419970623236222,0.796731335486018,1.43711057553276
650,0.88744087560863,0.417723394792097,0.795435976307919,1.44916325572587
660,0.89042167983364,0.415609320129427,0.794435681710068,1.46122003766143
670,0.893534149027616,0.413622384302892,0.793735338045907,1.47324472473405
680,0.896786375231299,0.411756803389043,0.793336958425583,1.48526536387927
690,0.900170641716941,0.410007009002184,0.793250945636979,1.49725397051166
700,0.903670323676072,0.408367633794388,0.793480096659504,1.50916324057432
710,0.907283153154231,0.406833497870775,0.794033421690301,1.52098253990162
720,0.91101410479075,0.405402777720448,0.794917630663317,1.53272190598848
730,0.914861157175634,0.404071148907423,0.796136968415756,1.54437535420372
740,0.918808701535493,0.402820897443799,0.797701464990973,1.55590374217171
750,0.922828717233118,0.401590495002619,0.799616537732661,1.56727911896408
760,0.926917683045578,0.400374604945513,0.801890712905275,1.57848773128595
770,0.931081796288472,0.399178109779641,0.804531994930508,1.58953528415527
780,0.935314919224678,0.398005778507021,0.807546747721613,1.6003922314454
790,0.939604125854777,0.396862277385852,0.810932787898592,1.61101731227989
800,0.943928606189964,0.395752180015633,0.814641817176352,1.62139182137791
810,0.948277273339429,0.394679976785987,0.818650108709033,1.63150173452327
820,0.952638871946681,0.393654511868701,0.822937628145049,1.64132447582629
830,0.956995572967175,0.392677336699209,0.827483616820686,1.65082576538163
840,0.961331668739004,0.391750912075661,0.832267140425766,1.65997695371558
850,0.965633872384522,0.39087932591133,0.837267867838111,1.66875442340412
860,0.969886114419342,0.390066771784944,0.842463995287103,1.67712757618598
870,0.974071622902014,0.389317406488508,0.847834211751261,1.68506325046627
880,0.978175393843983,0.388635355861816,0.853358059703591,1.69253276596654
890,0.982181826954216,0.38802472021355,0.859012031299688,1.69950872934941
900,0.986073133939455,0.387489579348515,0.864775721564286,1.70595410090556
910,0.989828509542466,0.387035095832591,0.870626165288126,1.71182426750668
920,0.99343280634853,0.386667079425735,0.876540587261699,1.71709075235816
930,0.996872002989649,0.386387295477427,0.882498957528045,1.72172975596347
940,1.00012810808144,0.386198861866834,0.88847549161662,1.72570997076087
950,1.00318073775448,0.386105822421391,0.894449748596572,1.72898664224548
960,1.00609907313424,0.386112224318523,0.900398373811588,1.73178662127262
970,1.00890439976311,0.386222120785945,0.906297370728322,1.73419370777506
980,1.01157411510258,0.386397902099449,0.912127539048666,1.73619690415962
990,1.0140739070591,0.386596298819621,0.917861558795716,1.73776386356196
1000,1.01638049096439,0.386812915245228,0.923479295248395,1.73884926239954
1010,1.01848584708824,0.387045144522012,0.928958029271086,1.73945436747163
1020,1.02038377628489,0.387288173052202,0.934273159830325,1.73958999597215
1030,1.02206247850885,0.387536475190239,0.93940688030532,1.73924408003098
1040,1.02348902164154,0.387785520675311,0.944331423692303,1.73835012055701
1050,1.02464964214473,0.388031122803659,0.949027501996622,1.7368903016339
1060,1.02554649218117,0.388269131693553,0.953474130597576,1.73489621425238
1070,1.02616927451343,0.38849543340729,0.957646974047277,1.73236541608571
1080,1.02650036204555,0.388705949303104,0.961530187124875,1.72926494970868
1090,1.02651046046101,0.38889663560147,0.965096818500252,1.72553792728131
1100,1.02619756766524,0.389063582681604,0.968329017889588,1.72120010242453
1110,1.02556610368952,0.389204202467207,0.971208483658081,1.71628562494328
1120,1.0246050250765,0.389313397928542,0.973712097309243,1.71078957999172
1130,1.02332776942912,0.389386681016905,0.975953569203145,1.70464305806731
1140,1.02177909822679,0.389420197132286,0.978083980908303,1.69783311663978
1150,1.01997815602939,0.389410128573337,0.980110715490659,1.69041362402417
1160,1.01793087637954,0.389352695080159,0.982041310399425,1.68239862365905
1170,1.0156293288661,0.38924415444743,0.983877057590172,1.67376677456069
1180,1.01305692192318,0.389080803190237,0.98562907070051,1.6644608918788
1190,1.01022274019996,0.388858977244979,0.987297263549264,1.65451197980564
1200,1.00714806636841,0.3885754414164,0.988889477705105,1.64397927998373
1210,1.00383881663785,0.388230769644441,0.990415379872357,1.63287030039676
1220,1.00028508307471,0.387847149507935,0.991877560478407,1.62113053923778
1230,0.996491594682547,0.387430512445678,0.993288010859684,1.60875626074228
1240,0.992490218104498,0.386983247227816,0.994648684690987,1.59583872239469
1250,0.988840214037301,0.386507768008473,0.995968090266938,1.58404478383649
1260,0.985867538332362,0.386006515331002,0.997257366773612,1.57433873289247
1270,0.983530518971506,0.385481956961693,0.998520436072934,1.56658916387989
1280,0.981818286229749,0.384936588559613,0.999769476710084,1.56074879341955
1290,0.980727645845717,0.384372934190733,1.00100848059889,1.55680152274753
1300,0.980236632864043,0.383793937532928,1.00224629747343,1.55466966358577
1310,0.980304969416878,0.383201986689355,1.00349473590847,1.5542181856528
1320,0.980901252595699,0.38259948987247,1.00475906063618,1.55534520727844
1330,0.982019226992223,0.381989074398321,1.00605082469493,1.55801778188342
1340,0.983640414965882,0.381373429036974,1.00737630331483,1.56217151254585
1350,0.985734984781062,0.380755270759765,1.00874440231759,1.56770528126583
1360,0.988255951742191,0.380137344326541,1.01016647649811,1.57446403440193
1370,0.991181764255864,0.379522421800302,1.01164931184821,1.58237355911909
1380,0.994505753207287,0.378913302000285,1.01320347554855,1.59140048207303
1390,0.998200041944824,0.378312905139132,1.01483704174393,1.60145017895141
1400,1.00222187781151,0.377724400311738,1.01655889671828,1.61238233640452
1410,1.00653643563044,0.377150443047589,1.01837945746947,1.62407940637425
1420,1.01113078414185,0.376593812560988,1.02030695117741,1.63649158868715
1430,1.01598587913053,0.376057447232658,1.02235078494235,1.64954940521658
1440,1.02107212891363,0.375544307259606,1.02452032725847,1.6631517522228
1450,1.02642065613046,0.375293797448193,1.02682449890067,1.67714367204253
1460,1.03208527407674,0.375524727864814,1.02928625357327,1.69144484079215
1470,1.03814562994443,0.376209294060006,1.03220568349609,1.70602191227721
1480,1.04459127927538,0.377319838686308,1.03567047987409,1.72078351926576
1490,1.05135880025934,0.378829291881213,1.03964189490363,1.73560521399318
1500,1.05838911407231,0.380710407791437,1.04408049461824,1.75037643980726
1510,1.065643106858,0.382935664027675,1.04894586900697,1.76504778753936
1520,1.07307985649059,0.385477867675638,1.05420124061629,1.77956046117985
1530,1.080648742184,0.388310075227695,1.05980645612712,1.79382969519718
1540,1.08810770404632,0.391405472828178,1.06572506670582,1.80719257260494
1550,1.09518667225623,0.39473737190478,1.07191992797116,1.81890271689276
1560,1.10189645225889,0.398279204196247,1.07835097777948,1.82905917480095
1570,1.10823458397067,0.402004516127658,1.08498455421878,1.83771468156558
1580,1.11418928486523,0.405886962490068,1.09178135734248,1.84489953476313
1590,1.11975235100093,0.409901605006732,1.09870646833861,1.85064897965744
1600,1.12493023118338,0.414021731570012,1.10572479912844,1.85504416285168
1610,1.12972620012231,0.418220776819566,1.11279610231248,1.85816172123487
1620,1.13413898504543,0.422472746044982,1.11988914705031,1.86005506204099
1630,1.13815319268062,0.426751718903051,1.12696502766552,1.86074283147328
1640,1.14176803874315,0.431031827008008,1.13398916397198,1.86028312524946
1650,1.1449935924355,0.435287241815169,1.14092784523799,1.85876569025333
1660,1.14782507806677,0.439492161664439,1.14773979668938,1.8562432758465
1670,1.15025679621267,0.44362079798887,1.15439508684397,1.85275450380517
1680,1.15226310004429,0.447597304269025,1.16085442437606,1.84833757148778
1690,1.15375329634463,0.451119226079554,1.16708207443756,1.84305858851678
1700,1.15473499696993,0.454178155132094,1.17304464619103,1.83698218958666
1710,1.15522473694996,0.456819750211034,1.17869879446752,1.83015566617132
1720,1.15523760295672,0.459090108725623,1.18401438596417,1.82260831418036
1730,1.15479140744245,0.461035244142549,1.18895071481798,1.81438826336681
1740,1.15391018655624,0.46270110386747,1.19346922518092,1.80556023062035
1750,1.15261273224915,0.464133588484206,1.19753546975521,1.79616913850802
1760,1.15091121848996,0.465378572322952,1.20110287917219,1.78625220397474
1770,1.14882209986203,0.466481925322728,1.20413932788133,1.77584504638202
1780,1.14636292267952,0.467491472839353,1.20660147053772,1.7649958246615
1790,1.14355032428171,0.468452822592951,1.20844621569712,1.75375193455506
1800,1.1404523696558,0.469410781352669,1.20979544202628,1.74215088558845
1810,1.13733376066167,0.47041113806238,1.21136603880354,1.73022410511909
1820,1.13425676799175,0.471500095908953,1.21326126960789,1.7180089384584
1830,1.13115529855634,0.472724010142353,1.21547938022686,1.7052625052998
1840,1.1277823066145,0.4741294176793,1.21801779238535,1.69119970977885
1850,1.12417557567729,0.475763067498366,1.2208827475567,1.67588091197681
1860,1.12038780276545,0.477671951745893,1.2240666670191,1.65942478953134
1870,1.11647709331723,0.479903712702468,1.22757787833055,1.64194968891868
1880,1.11249786140741,0.48250823973465,1.23141527824203,1.62357006624556
1890,1.10850081115381,0.485531976628109,1.23557498505335,1.60439547177996
1900,1.10454009765434,0.489022048344098,1.24006368679232,1.58453455782659
1910,1.10066485546541,0.493027139613839,1.24487385169417,1.56409357508822
1920,1.09685481539509,0.497377233835269,1.25001327512379,1.54317393722621
1930,1.09307044929165,0.501855762031775,1.25548144264171,1.52187414320147
1940,1.08933558763694,0.506441806913786,1.261273215289,1.50029174070804
1950,1.0856781962824,0.511114305605134,1.26739530326665,1.47852497997542
1960,1.08211936125576,0.515852032102686,1.27384036867459,1.45666568298999
1970,1.07868351679982,0.520635108203256,1.2806151680095,1.43480027418672
1980,1.07539269169806,0.525442558991529,1.28771954629852,1.41301596980413
1990,1.07226699448705,0.530251051385765,1.29514719457588,1.39140273749951
2000,1.06932949155351,0.535037801571276,1.30290424453936,1.3700464285499
2010,1.06659615571009,0.539780471481254,1.31098361831144,1.34902437733759
2020,1.06408704263429,0.544456452047826,1.31939041976999,1.32841425608506
2030,1.06182082915164,0.549042845790864,1.32812443645357,1.3082952052105
2040,1.05981481206368,0.553516449632748,1.3371783318209,1.2887496547374
2050,1.05808729417911,0.557853737997247,1.34655686844878,1.26985127609129
2060,1.05665035878243,0.562030846252239,1.35625320796185,1.25166702213319
2070,1.05552144688349,0.566025909210122,1.36627008213668,1.23426834930368
2080,1.05471688613635,0.56981327730464,1.37660659893507,1.21773078216933
2090,1.05424917974214,0.57336657118624,1.38725461508506,1.20212635295512
2100,1.05413142551949,0.576660246400818,1.39821653955504,1.1875174906026
2110,1.05437403790385,0.579668480605407,1.40948581341772,1.17396781968844
2120,1.05501306689616,0.582365024942989,1.42106170910557,1.16161246663991
2130,1.05619969216782,0.584723192018443,1.43294177281855,1.15093411166647
2140,1.05787197256345,0.586715844751093,1.44496657289703,1.14193350004222
2150,1.05993168125499,0.588392909602181,1.45689146086609,1.13451067329671
2160,1.06249164554274,0.590197926357692,1.46870194258255,1.12857506768798
2170,1.06554250783109,0.592196150449113,1.48038829104063,1.12404308200352
2180,1.06904860439201,0.594373828177766,1.4919404100176,1.12083157498066
2190,1.07297083224081,0.596717393274083,1.50334487640414,1.11885022704419
2200,1.07727201108775,0.599213822635204,1.51459032773547,1.11801188289257
2210,1.08191643474915,0.601849912339182,1.52566422501232,1.11823516689594
2220,1.08687064995805,0.604612269128954,1.53655215833257,1.11944752241261
2230,1.09209914132542,0.607487302288613,1.5472401619081,1.12156995977954
2240,1.09756407928489,0.610461215951032,1.55771467113558,1.12451635076805
2250,1.10322965764421,0.613520001875943,1.56795857273436,1.12821039832233
2260,1.10906324095568,0.61664983486217,1.57795824902874,1.13258163897613
2270,1.11503062977918,0.619836019385834,1.58769537608606,1.13756049386565
2280,1.12109497448183,0.623063374040842,1.59715189862697,1.14306965077767
2290,1.12722169606078,0.6263168356874,1.60631489372169,1.14903335877324
2300,1.13337472862404,0.629581235039196,1.61516168216488,1.15538126866805
2310,1.1395236075814,0.632841160763423,1.62367782566275,1.16205183631803
2320,1.14563351453393,0.636080956766394,1.63184246100421,1.1689771258312
2330,1.15166630604749,0.639284720241673,1.63963365897205,1.17608053892876
2340,1.15759062203405,0.642436300511351,1.64704021181237,1.18329535377842
2350,1.16337109045726,0.645519264775356,1.65403471240538,1.19055929419104
2360,1.1689766421603,0.648516166676211,1.66060248670952,1.19781127309517
2370,1.17437175462381,0.651410173077551,1.66672215436813,1.20498293642576
2380,1.17951975982163,0.654184409201238,1.6723687069637,1.21200616329995
2390,1.18439665677532,0.656837962838308,1.67753402307368,1.21881798441398
2400,1.18897920167521,0.659387893702153,1.68218755517947,1.22536215614402
2410,1.19325194785722,0.661843954841025,1.68631536515003,1.2315965235806
2420,1.19733276005316,0.664216051971211,1.68989814728627,1.23788408090201
2430,1.20126808227629,0.666514247703583,1.69290924696782,1.24438075215747
2440,1.20505756147449,0.668748765226603,1.69534521167469,1.25107870752218
2450,1.20869148939963,0.670929060841508,1.69717465168519,1.25797075567218
2460,1.21216477288227,0.67306466561325,1.69838568299074,1.26504397004282
2470,1.21547288251009,0.675167148074734,1.6989668341744,1.27228466528114
2480,1.21864400722117,0.677248036432718,1.69900102743768,1.27968295779313
2490,1.2217028829975,0.679318404585682,1.69855816072599,1.28723208368081
2500,1.22464525556916,0.681389497708336,1.69762409739583,1.29492217160331
2510,1.22747242687556,0.683472731528234,1.69620575368061,1.30273879541784
2520,1.23018770653142,0.685579690953178,1.69431177341101,1.31067165523008
2530,1.23278907655777,0.687722128046917,1.69193345255454,1.31871164907185
2540,1.23528582957911,0.689911959353107,1.68909598021073,1.3268495491735
2550,1.23767383742119,0.692158454904884,1.68578928344697,1.33507377391171
2560,1.23995708530739,0.69447419371775,1.68202428955068,1.34337277265373
2570,1.24214287704735,0.696873288116391,1.6778185331363,1.35173680988935
2580,1.24423034034427,0.699368633653229,1.67316669278172,1.36015569459785
2590,1.24623065059653,0.701972923109654,1.66810063565078,1.36861839302917
2600,1.24814297740748,0.704698984378963,1.66261565927145,1.37711428857203
2610,1.24997333794273,0.707559773355722,1.65672656254827,1.3856336779242
2620,1.2517244818807,0.710547474890384,1.65045983447472,1.394166136277
2630,1.25335085849308,0.713539262958563,1.64381406977377,1.40269924274691
2640,1.25484943350255,0.716499290833247,1.63682655712778,1.41122245254662
2650,1.25621171913285,0.719408969761052,1.62949844121623,1.41972774642128
2660,1.25743595454469,0.722254639921604,1.62184764064388,1.42820558306858
2670,1.25852454379369,0.725022767753717,1.61390842322393,1.4366424404034
2680,1.25946886066359,0.72769775199023,1.60568316566019,1.44502566434034
2690,1.26027512427901,0.730263930149705,1.59721254447409,1.45334889821324
2700,1.26093750621514,0.732705591233236,1.58850313242993,1.46160379498224
2710,1.26134328800967,0.735006988745107,1.57957470125043,1.46944817403346
2720,1.26140139943446,0.737152353989119,1.57046705881561,1.47658478549864
2730,1.26111082916794,0.739125909591143,1.56118564251953,1.48302093539315
2740,1.26048385315142,0.740908961551045,1.55177201839603,1.48877057950718
2750,1.25952116055083,0.742484784140322,1.54223704027855,1.49384165723361
2760,1.25822546845297,0.743840194969827,1.53260081507328,1.4982353953158
2770,1.25660708888102,0.744960788938239,1.52290581048585,1.50195466721896
2780,1.25466817077035,0.745830985504976,1.51315946554022,1.50501406126586
2790,1.25242070495095,0.746435278933746,1.50340171296097,1.50742512295812
2800,1.24986624662094,0.746758251828578,1.49364615111496,1.50919433691928
2810,1.24700398703798,0.746784588476621,1.4839069445374,1.51032042809993
2820,1.24383698487635,0.746499087947996,1.47420033085392,1.51081153582713
2830,1.24037061424879,0.745886676904152,1.46453796918556,1.51068719665666
2840,1.23661614345046,0.744927507291912,1.45496443457793,1.50995648848152
2850,1.23257739524712,0.743608567733478,1.44550279458257,1.50862082342532
2860,1.22831500654109,0.742083834228475,1.43617807817433,1.50668310722047
2870,1.22390465005491,0.740515422945717,1.42703746420471,1.5041610630143
2880,1.21935745456854,0.738905488377541,1.41809725270898,1.5010696226191
2890,1.21468979308713,0.737256245389608,1.40939589347845,1.49741724039332
2900,1.20990960780845,0.735569966335321,1.40095600667674,1.4932028504133
2910,1.20502804707608,0.733848978094903,1.39279942014382,1.48843574298951
2920,1.2000674809052,0.732095659049906,1.38496694808866,1.48313983557704
2930,1.19503683801226,0.730310775935037,1.37747400403793,1.47732573406382
2940,1.18994791233332,0.728494454733086,1.37035202754883,1.47099725471805
2950,1.18481094440211,0.726651465754443,1.363622462422,1.46415890502988
2960,1.17963999953426,0.72478632689595,1.35730410852292,1.4568295631839
2970,1.17445268481437,0.722901643459523,1.35142985727162,1.44902655371197
2980,1.16925829897092,0.721000052419646,1.3460143941079,1.44076045038521
2990,1.16406650765884,0.719084219257259,1.34108256868677,1.43203273503248
3000,1.15895268906017,0.71715683481581,1.33665386876306,1.42304736360164
3010,1.15405694758737,0.71522061218881,1.33274451408314,1.41420571649016
3020,1.14939224244703,0.713278283647903,1.32937994105472,1.40551850263845
3030,1.14496178752657,0.711329649948902,1.32657422903979,1.39698148359102
3040,1.14077158226933,0.709377601966455,1.32434669968362,1.38859044515792
3050,1.13683126981158,0.707427317620386,1.32271466731067,1.38035182450369
3060,1.1331488831358,0.705482285464925,1.32169264948108,1.3722717144614
3070,1.12973185953661,0.703545299643603,1.32129965093365,1.36435062803258
3080,1.12658391545588,0.701619155552563,1.32154961137446,1.35658297944063
3090,1.1237248503152,0.699748058447596,1.32245775283441,1.34896873966358
3100,1.1212444715778,0.698175913350388,1.32403938101181,1.34151812037119
3110,1.11915608993581,0.696928107203721,1.32630841233046,1.33423175027325
3120,1.11745815655983,0.695987373674023,1.32927872005856,1.32710837594692
3130,1.11614864632729,0.69533421760104,1.33296474908986,1.32014697229096
3140,1.11522798210803,0.694953083250891,1.3373791817603,1.31335168131291
3150,1.11455033054663,0.694829023635746,1.34209558657367,1.30672638143048
3160,1.11382729457148,0.694945160598428,1.34626505731304,1.30027166580297
3170,1.11305247795521,0.695284646865604,1.34988549112747,1.29398729587254
3180,1.11222962921751,0.695830677786871,1.35298320350404,1.28787500636161
3190,1.11136161384102,0.696566502533068,1.35557988903337,1.28193844995663
3200,1.11045034298028,0.697475434731696,1.35769728967127,1.27617830453786
3210,1.10949885534552,0.69854086252008,1.35936001040056,1.27059569311593
3220,1.10850730501265,0.699745081038232,1.36058352336692,1.26519331063278
3230,1.10747873340567,0.701071019798073,1.36139210991429,1.25997307050465
3240,1.10641414294064,0.702503667375424,1.36180390800601,1.25493485344047
3250,1.10531414539325,0.704027633379684,1.36183572083209,1.25007908196798
3260,1.10418241192079,0.705626814133382,1.36151023516603,1.24541018646297
3270,1.10301822951449,0.707285227747834,1.3608374548065,1.24093200598913
3280,1.10182262259553,0.708987019681723,1.35983916767199,1.23664168043288
3290,1.10058505858266,0.710716467649967,1.3585304422024,1.23250826589561
3300,1.09926286553474,0.712457985885147,1.35692294526908,1.22840766545
3310,1.09785674737986,0.714196128755551,1.35503743003478,1.22433668334925
3320,1.09636466760765,0.715914372560875,1.35287920347227,1.2203004267898
3330,1.09481965403423,0.717693461447379,1.35046733596136,1.21629816469396
3340,1.09325492932076,0.719615875158468,1.3478144272279,1.2123344855759
3350,1.09167234155454,0.721668240277373,1.34492717101012,1.20842161337613
3360,1.09007716775652,0.72383718068536,1.34182446398151,1.20456985860268
3370,1.08846414535127,0.726109437676744,1.3385078279005,1.20077517047655
3380,1.08683494015546,0.728471872705427,1.33499355910093,1.19703938866004
3390,1.08519119218146,0.730911469603831,1.3312923868226,1.19336972011795
3400,1.08353395919668,0.733415336283507,1.32740645255696,1.18978008874957
3410,1.0818659773725,0.73597057513804,1.32335290583925,1.1862744511402
3420,1.08018019182542,0.738564376043347,1.31913041486763,1.18284578456529
3430,1.07847826173966,0.741184601231133,1.31475256429329,1.17949761969457
3440,1.07676376539271,0.743819177333805,1.3102287385794,1.17624338026493
3450,1.07503587237132,0.746455842449737,1.30555712085768,1.17309465380654
3460,1.0732929648042,0.749082458114769,1.30075322335343,1.17004321294439
3470,1.07152950995115,0.751687007638744,1.29581373496133,1.16708778725338
3480,1.06974756232978,0.754257594026498,1.29075041004425,1.16423468291858
3490,1.06797115559311,0.75678243749779,1.2856311893294,1.16149983995213
3500,1.06621125481829,0.759249872620775,1.28049656826035,1.15888732357375
3510,1.06446826506823,0.761648699410692,1.27537161998114,1.15638447581286
3520,1.06274157960633,0.76396775256727,1.27026294438369,1.15399404186804
3530,1.0610384723611,0.766195554291834,1.26519037236685,1.1517294904246
3540,1.05936573404534,0.768320748224911,1.26017296274714,1.14960349116398
3550,1.0577175004515,0.770332181391211,1.25521439001297,1.14760592995033
3560,1.05608383124085,0.772180337294489,1.25033854860829,1.14573260781978
3570,1.05439304927376,0.773638701441297,1.24555178310465,1.14398866327534
3580,1.05264888897289,0.774696528734771,1.24087223625588,1.142377901928
3590,1.05082260034443,0.775382942687943,1.23631903417214,1.14076582417321
3600,1.04890709277198,0.775726846821648,1.23189456804236,1.13909986345194
3610,1.0469214542534,0.775758248002306,1.22762199527658,1.1373841194813
3620,1.04488215774637,0.775505262064277,1.22350822349596,1.13563298767888
3630,1.04280891249675,0.774994961479622,1.21957032364415,1.13386145236648
3640,1.04071467080413,0.774255107147207,1.21582793994111,1.13206096532406
3650,1.03860755428078,0.773313202992008,1.21228315059189,1.13022630925845
3660,1.03650599950267,0.772196502443669,1.20895878722702,1.12836270883732
3670,1.03442802124824,0.770932015611825,1.20586301236962,1.12648903576328
3680,1.03239073463576,0.769546517127742,1.2030123686508,1.12461331812872
3690,1.03040357512843,0.768066554622641,1.20042731707634,1.12271685368632
3700,1.02847758454811,0.766519389222041,1.19811061258998,1.12080275183231
3710,1.02663356031575,0.764932314769234,1.196085090777,1.11888327540103
3720,1.02488805011874,0.76333038170181,1.19436094820985,1.11697282044455
3730,1.02325213190759,0.761738360069316,1.19295438233287,1.11506365332058
3740,1.0217388363306,0.760181798425517,1.19188648406495,1.11314822650132
3750,1.02035950916961,0.7586860814915,1.19116242857483,1.1112300174425
3760,1.01913609512038,0.757276442416169,1.19080499077733,1.10932685216763
3770,1.01808420497932,0.755977975458317,1.19082671879505,1.10744792068459
3780,1.017210882814,0.754815649068471,1.19124409039455,1.10557290897899
3790,1.01653262955885,0.753814319349614,1.19207915014581,1.10370441918114
3800,1.01604971299037,0.752956611213237,1.19333986958803,1.10185265816984
3810,1.01575751154381,0.75219186018505,1.19504939945214,1.10003127499425
3820,1.01564465901944,0.751496234070435,1.19720325784635,1.09823448514154
3830,1.01565251859099,0.75084737869322,1.19965663803237,1.09645353904738
3840,1.01576301223882,0.750223437775475,1.20237464140382,1.09469095753715
3850,1.01596877583528,0.74960261907612,1.20534075492281,1.0929629535069
3860,1.01626459742756,0.748963182139407,1.2085510021903,1.09127960795298
3870,1.01663413123952,0.7482834257409,1.21199493396287,1.0896240340148
3880,1.01711099821944,0.747541675044054,1.21566251732033,1.08812880229395
3890,1.01771346154276,0.746716875858198,1.21954940689101,1.08687410187906
3900,1.01843358626724,0.745789861817468,1.22364034743965,1.08587054954462
3910,1.01926038054977,0.744738080157294,1.2279304103875,1.08511265110452
3920,1.02017893682676,0.743537723878716,1.2324097975173,1.08458928908427
3930,1.02117868886426,0.742167029345794,1.23706799455111,1.08430104269587
3940,1.02225470498967,0.740604175755374,1.24190000763118,1.08425993158245
3950,1.02339765451079,0.738827270599056,1.24689157171368,1.08447412121965
3960,1.02459245183385,0.736814334937481,1.25203672880658,1.08492629175749
3970,1.02582841297542,0.734543288498423,1.25732600956816,1.08561594085968
3980,1.0270963787759,0.731991934610265,1.26274842240305,1.08654877931438
3990,1.02839122402479,0.729139868942569,1.26829814424255,1.08773565888924
4000,1.02970058560999,0.725965743595546,1.27396163726352,1.08917437597089
4010,1.03101057469151,0.722445073068273,1.27973185852007,1.09085479248618
4020,1.032310563867,0.718553817350473,1.28559936663007,1.09277850762044
4030,1.03361738628639,0.714342890433616,1.29155269062839,1.09495657779718
4040,1.0350752989397,0.710242919556784,1.29758502034729,1.09739795691504
4050,1.03670114719623,0.706330522894338,1.30368328491717,1.10008963377718
4060,1.03849334813395,0.702609539021258,1.30983930699512,1.10303119838548
4070,1.04045183243629,0.699083855692568,1.31604338641173,1.10622825520458
4080,1.04257764821367,0.695757413169857,1.32228355548522,1.10969197598594
4090,1.04487076406773,0.692637282487048,1.32855186645183,1.11342314326432
4100,1.04732512606058,0.689727210269015,1.3348354562937,1.11741271161902
4110,1.04993895796526,0.687028583409299,1.34112495496614,1.12166333552035
4120,1.05271369035311,0.684545460713992,1.34741012153065,1.12618548881468
4130,1.05564980909371,0.68228208266547,1.35367845505172,1.13098888956393
4140,1.05874261181774,0.680242761100809,1.35992071148595,1.13606436286646
4150,1.06198921739408,0.678431882091074,1.36612397786896,1.14141179222221
4160,1.06538028824265,0.676853908741227,1.3722500521355,1.14703690385121
4170,1.06886603753366,0.675513383904612,1.37822779035516,1.15285693834121
4180,1.07240727186469,0.674415949319769,1.38405533149127,1.15875053478304
4190,1.07600200799097,0.673568104037473,1.38973661723444,1.16470130270101
4200,1.07965048690976,0.672973472081889,1.39527332719782,1.17070466144957
4210,1.08335531310391,0.672635170829745,1.40066858657031,1.17676218191167
4220,1.08711972309191,0.672558167706478,1.40592558391786,1.18287541765139
4230,1.09094116029841,0.672747523630586,1.41104624018698,1.18902971707767
4240,1.09481957265936,0.673208394864313,1.41603406026423,1.19521626284954
4250,1.09875636303416,0.673946034711154,1.42089145701483,1.20143159737649
4260,1.10275492344407,0.674965795049634,1.42562138120886,1.20767759407371
4270,1.10680717165132,0.676244673670829,1.43022692111462,1.21394992016852
4280,1.11090070614969,0.677759381216532,1.43471070888502,1.22023202834752
4290,1.11503553507829,0.679512624536278,1.43907575210257,1.22651822859604
4300,1.119212442527,0.68150482249068,1.44332513205966,1.23280737303065
4310,1.12343269119285,0.683737649846396,1.44746166582598,1.23909875790617
4320,1.12769347175679,0.686213492783077,1.45148815670796,1.24537876577934
4330,1.13199329888397,0.688934788627416,1.45540810999458,1.25163699802991
4340,1.13633191746485,0.691904024198021,1.45922393870148,1.25786778949505
4350,1.14071097080371,0.695123733962817,1.46293932950283,1.26406984894549
4360,1.14513038496854,0.698596498001859,1.46655700428526,1.2702376526185
4370,1.14958626776119,0.702325169767367,1.47007925638264,1.27635437713357
4380,1.15407912655745,0.706314155276007,1.47351067576108,1.28241254863525
4390,1.15860868780025,0.710565700385873,1.47685296156065,1.28840740145422
4400,1.16317519383666,0.715080715294436,1.48011035029074,1.29433451592481
4410,1.16777604096493,0.719861948375545,1.48328552885634,1.30018064566289
4420,1.17240867485178,0.724912176014851,1.48638002052607,1.30593382801442
4430,1.17707320092115,0.730234199012,1.48939978066876,1.31158562308268
4440,1.18176884149134,0.735830838742035,1.49234567204711,1.31713001368489
4450,1.18649528329199,0.741704933071607,1.49522243428232,1.32255848252204
4460,1.19125640081531,0.747859332026232,1.49803282346544,1.32787704695426
4470,1.19607411258114,0.754297517987526,1.50077730714243,1.33314751261347
4480,1.20095785030071,0.761022811302516,1.50346356369125,1.33838717590837
4490,1.20591332436241,0.768037220496406,1.5060924297142,1.34361032287663
4500,1.21102708227872,0.775323980468744,1.50892934429561,1.3488279220718
4510,1.21633001118712,0.782760526040814,1.51217738225415,1.3540521252664
4520,1.22180871833282,0.790300096049541,1.51582890280612,1.3592971561428
4530,1.22745873446029,0.797913095416221,1.51988592022029,1.36457718774434
4540,1.23327171231403,0.805569486048699,1.52434000172922,1.36990564916418
4550,1.23924123598477,0.813238774999496,1.52918865016378,1.37529628279104
4560,1.24536067831205,0.820890003836406,1.53442756374928,1.38076446735047
4570,1.25162114749095,0.82849182904695,1.54004668983472,1.38632492359116
4580,1.25801713322479,0.836012059886994,1.54604834996828,1.39199098981909
4590,1.26453935648875,0.843417879648966,1.55242202540316,1.39777816441412
4600,1.27118156435137,0.850676332364173,1.55916385184461,1.40370450884533
4610,1.2779367273602,0.857753997469629,1.5662690643305,1.40978712028047
4620,1.28479370808218,0.864616958186513,1.57372488983113,1.4160392762289
4630,1.2917461422029,0.871230802330203,1.58153385074434,1.42247377353415
4640,1.29878613360519,0.877560625048963,1.58968328951903,1.42911448624759
4650,1.30590631075169,0.883571033569312,1.59816762210776,1.43598027657799
4660,1.31309840015945,0.889225830358993,1.60698186333254,1.44308750678683
4670,1.32034891666489,0.89448752752366,1.61611033391134,1.45044888855968
4680,1.32765309998183,0.899319256656802,1.62555568277308,1.4580843605156
4690,1.33500267535342,0.903684558331905,1.63530322831419,1.46602023941417
4700,1.34238948350844,0.907545746500942,1.6453453855375,1.47427731848687
4710,1.34980371454277,0.910864727052945,1.65567733099069,1.48286908558468
4720,1.35723051650045,0.91360301870873,1.6662804776438,1.49180805314882
4730,1.36466928422076,0.915721776290345,1.67715757071971,1.50112850565223
4740,1.37221659997111,0.917503076279446,1.6882922293618,1.51085449427209
4750,1.37996471620633,0.919249944043778,1.69967470732973,1.52096949724548
4760,1.38783954182013,0.92095282985799,1.71130086080184,1.53126493480057
4770,1.39582103423486,0.922602575228435,1.72314943139639,1.54171109607975
4780,1.40391390933094,0.924192841159023,1.73522328180596,1.55232560502783
4790,1.41211198271033,0.925716725045445,1.74750488630723,1.56311433677831
4800,1.42040714377433,0.927166302793397,1.75998234421225,1.57407278431734
4810,1.42879346678128,0.928533619412524,1.77265281189435,1.58519396903698
4820,1.43726831110574,0.929810697622413,1.78549286442739,1.59650137126741
4830,1.44579835063311,0.930989546893211,1.79840044848524,1.60800505652089
4840,1.45401488690923,0.932062172895632,1.81027521861151,1.61970726922056
4850,1.46182612870336,0.933020464136907,1.82085739035088,1.63160053162229
4860,1.46924625526723,0.933852390727017,1.83019651328794,1.64368986178673
4870,1.47628995669187,0.934549563887188,1.8383195813856,1.65600072480283
4880,1.48297718631569,0.935108182040704,1.84528287413616,1.66854050277021
4890,1.48931619699599,0.935520426567857,1.85112330097523,1.68130486344487
4900,1.49531505499966,0.935778541770456,1.85588097774445,1.69428564548407
4910,1.50099978796459,0.935874846070728,1.85961384419986,1.70751067362319
4920,1.50638363699121,0.935801743269014,1.862354566252,1.72099460145263
4930,1.51148619816694,0.93555173380643,1.86416503217176,1.73474182852263
4940,1.51631712244855,0.935117425976821,1.86508899735267,1.74874494401617
4950,1.5208895802118,0.934489495496615,1.86517076558891,1.76300847954986
4960,1.52523279570565,0.933657599931625,1.86447531776523,1.7775654694201
4970,1.52936774803085,0.932637140623725,1.86304068118554,1.79242542228329
4980,1.53335662438744,0.931550858798629,1.8609325804376,1.80758643392608
4990,1.53722088790777,0.930420298994427,1.85820070821137,1.82304165651753
5000,1.5409868124516,0.929246898127602,1.8548925672048,1.8388209720224
5010,1.54468481468766,0.928032219672971,1.85107811277238,1.85494411161763
5020,1.5483322496972,0.926777953855325,1.84679992576261,1.87141886947367
5030,1.55195067571426,0.925485917479707,1.8421255150241,1.88824059463898
5040,1.55555599138316,0.924158053399448,1.83710904328,1.90540087747003
5050,1.5590970264423,0.922792309543227,1.83180004364916,1.9226987261345
5060,1.56256566185598,0.921389322136384,1.82627095949202,1.94003670393953
5070,1.56597148888395,0.919955979495221,1.82056778958505,1.95739069757157
5080,1.5693282206635,0.918495952486893,1.81475778890973,1.97473092059387
5090,1.57265646336943,0.917011849513027,1.80889782384046,1.99205971675479
5100,1.57597270521863,0.915506393809715,1.80303832289352,2.00937339895265
5110,1.57929656723436,0.913982420305871,1.79725168003115,2.02665560136607
5120,1.58263579285501,0.912442872196427,1.79158608693831,2.04387841943029
5130,1.58600564318615,0.910890797249653,1.78610681160693,2.06101932070188
5140,1.58942996938261,0.909328479837295,1.78087166456502,2.07808976374553
5150,1.59292045859881,0.907755248431648,1.77593108311901,2.09507504424577
5160,1.59649452518916,0.906175011236405,1.7713551749139,2.11195338941718
5170,1.60016352832895,0.904595809650693,1.76719656250148,2.12869821283467
5180,1.60394006438823,0.903021199125917,1.76349228564799,2.1453067083908
5190,1.60781896286723,0.901454811253432,1.76022788055911,2.16177419678914
5200,1.61178841523552,0.89990034870261,1.75738006072586,2.1780848362781
5210,1.61581391148718,0.898285222592255,1.75494209828741,2.19421441358188
5220,1.61985558874145,0.896534660206486,1.75289127742621,2.21014082859164
5230,1.62391086956149,0.894649237607463,1.75121394582279,2.22586942525422
5240,1.62796883442618,0.892627570099644,1.74989430800873,2.24138462517016
5250,1.63201551359772,0.890468714601025,1.74891088323781,2.25666694295432
5260,1.63604141251287,0.88817612795821,1.74825423712969,2.2716938724507
5270,1.640037842876,0.885752868389688,1.74790415795631,2.28645650228201
5280,1.64399730478465,0.883200116647791,1.74784570130018,2.300946096406
5290,1.64790953167261,0.880519143571372,1.74806343520502,2.31514601624143
5300,1.65176170415275,0.877711302523601,1.74853849935237,2.32903531058228
5310,1.65554318168028,0.874778021681759,1.7492581958355,2.34259332752359
5320,1.65924681883348,0.871720796211775,1.75020494602083,2.35581471426784
5330,1.66286194323558,0.868541180359575,1.75136299614998,2.36868165319718
5340,1.66637315657468,0.865238701925618,1.75271686421694,2.38116390358148
5350,1.66976821369587,0.86181479137654,1.75425050472835,2.39323934498272
5360,1.673041366645,0.858274072494588,1.75594794080981,2.4049020866306
5370,1.67618611738944,0.854618411049517,1.75779389154965,2.41614604956914
5380,1.67919442710905,0.850849543795899,1.75977220392216,2.42696153360909
5390,1.68205806853912,0.84696921526853,1.76186678544138,2.43733820490746
5400,1.68476977493683,0.842979170149952,1.76406409399726,2.44726606066328
5410,1.68732115994252,0.838881145784065,1.76634521122956,2.45673712281394
5420,1.68970454434888,0.834676864853968,1.76869646667397,2.46574030151871
5430,1.69191122245144,0.83036778414155,1.77110156528642,2.47426431792635
5440,1.69394760415769,0.8260014429314,1.7735432005453,2.48229816899636
5450,1.69589905198507,0.821857187718066,1.77600978150922,2.48983018672793
5460,1.69777013425881,0.817983636752536,1.77847978022311,2.49684698580079
5470,1.69955260112834,0.814382410653291,1.7809402997375,2.50333509299424
5480,1.70123713759785,0.811055067484924,1.7833749994384,2.50928134587022
5490,1.70281340688381,0.808003108534303,1.78576478512307,2.51467232699405
5500,1.70427280861038,0.805227984220964,1.78809926688946,2.51949117472072
5510,1.70559711906837,0.802731100116576,1.79033842827761,2.52372182881092
5520,1.7067769763271,0.800513823049228,1.7924690385377,2.52734806739438
5530,1.70780987197678,0.798578038232191,1.79449859257636,2.5303529851218
5540,1.70869106019474,0.796925691790925,1.79642959188233,2.53271789691097
5550,1.70941899226909,0.795557804676903,1.79827572665164,2.53442344547871
5560,1.70998697169606,0.794475412908991,1.80003495451354,2.53545054766565
5570,1.71039167602858,0.793679766266734,1.80171684921923,2.53577841259979
5580,1.71062808174859,0.79317211253749,1.80332824048697,2.5353838922213
5590,1.71068943118973,0.792953703669447,1.80486880592189,2.53424578397785
5600,1.71057320457137,0.793025801848249,1.80635138344519,2.53234242842068
5610,1.71027069774178,0.793389685483678,1.80777219006859,2.52965021767305
5620,1.70977561094715,0.794046848411774,1.8091388907399,2.52614109368979
5630,1.70915820679525,0.79500053851366,1.81045764477021,2.52201643710189
5640,1.70855511793331,0.796252727658868,1.81172557605816,2.51768705008291
5650,1.7079784677698,0.797802694642753,1.81295407237342,2.51317863629322
5660,1.70743141173082,0.799651867189403,1.81413827438359,2.50850409361948
5670,1.70691870499537,0.801801722280683,1.81528364851496,2.50367074419047
5680,1.70637618967262,0.804029323808327,1.81639556546762,2.49870367974191
5690,1.70574039398761,0.806127014950062,1.81746909693594,2.49362507007682
5700,1.70502811410189,0.808119099258789,1.81851363820437,2.48845160484252
5710,1.70424781353059,0.81002971151409,1.81952386302291,2.48318986605478
5720,1.70341232972835,0.811884262553117,1.8205029351708,2.47784979146112
5730,1.70254415422667,0.813708766926258,1.82145519500816,2.47246850074558
5740,1.70165549558564,0.815525764512822,1.82237436465646,2.46706635758763
5750,1.700759137723,0.817356797809006,1.82326738207131,2.46165323328868
5760,1.69986048323855,0.819225300727788,1.82412897218252,2.45622717680533
5770,1.698979683103,0.821154614042517,1.82496008397676,2.45082435128973
5780,1.69813609865421,0.82316800081485,1.82576367215329,2.44547662299451
5790,1.69734144990917,0.825288662418024,1.82653297945913,2.44020270785036
5800,1.69660476363323,0.827539755104687,1.82727212645215,2.43500240934284
5810,1.69593293113222,0.82994440706994,1.82797629665528,2.42987808967145
5820,1.69535461833944,0.832528906035913,1.82864450668249,2.42489044229991
5830,1.69488650281275,0.835318238046755,1.82927788607924,2.42006338431224
5840,1.69454777555914,0.838331461242174,1.82990687435443,2.41540499108081
5850,1.69451779829678,0.841591083391703,1.83105885879829,2.41090345270034
5860,1.69486636796784,0.845120333649926,1.83287316407106,2.40660560618254
5870,1.69560362933857,0.848942523782014,1.8353102854533,2.40255807878039
5880,1.69673212004259,0.853081067396675,1.83833194573262,2.39878334699847
5890,1.69824361705733,0.857559499299833,1.8418963272247,2.39527502464746
5900,1.70012950262501,0.862401494928624,1.84596413287738,2.39202288006902
5910,1.70239614994799,0.867576220726655,1.8504948372625,2.38911739185481
5920,1.70490081939347,0.872766468969019,1.85544765106981,2.38648833814159
5930,1.70748778051399,0.877913414992276,1.86078093812206,2.38376898842762
5940,1.71011732319358,0.883008387871423,1.8664549342571,2.38088864745222
5950,1.71278653258737,0.888046848125626,1.87242656708687,2.37788618254962
5960,1.71549719424622,0.893024123577761,1.87865551363774,2.37481194552316
5970,1.7182380739473,0.897935403042765,1.88510006597344,2.37167875282569
5980,1.72098385666697,0.902775730013812,1.89171439588347,2.36846144410364
5990,1.72370679374614,0.90753999635374,1.89846166620913,2.36511871867555
6000,1.72642579098397,0.912222935999779,1.90529503708759,2.36175939986454
6010,1.7291322250472,0.916821651253346,1.91217427270051,2.35840075118774
6020,1.7318096146323,0.921333159690518,1.91905757500839,2.35503810919799
6030,1.73442460594289,0.925748538023241,1.92589453663198,2.35163074317346
6040,1.73697728272493,0.930059624075474,1.93265243916856,2.34821978493076
6050,1.73947255440559,0.934260221435079,1.93928124635981,2.34487619542188
6060,1.74190145878674,0.938343938989894,1.94574098096613,2.34161945640419
6070,1.74424000911755,0.942304185188135,1.95199104411389,2.33842479805061
6080,1.74644848217428,0.946134162415548,1.95797687159541,2.33523441251187
6090,1.74856160894232,0.949826861505919,1.96367096326857,2.33218700205247
6100,1.75056674884867,0.953375129748682,1.96902136933426,2.32930374746307
6110,1.75244937021529,0.956774946963022,1.97398869839404,2.32658446528882
6120,1.75418120137699,0.960020134194868,1.97853519612708,2.32398827380903
6130,1.75575129269428,0.963097348731703,1.98260431163963,2.3215522177115
6140,1.75717878114012,0.965998403405698,1.98617342675962,2.31936451325504
6150,1.75851129615704,0.968895462875873,1.98919103674412,2.31744738885112
6160,1.75978485395146,0.971955494802188,1.99161908729634,2.31577997975584
6170,1.76096368628187,0.975162190391872,1.99342443734236,2.31430443111139
6180,1.76206611121302,0.978499033004898,1.99454078225776,2.3131585183764
6190,1.76308253262512,0.981949284023412,1.99492606479157,2.31237224906039
6200,1.76400048750813,0.985497033911571,1.99455501133976,2.31194941727305
6210,1.76477277711237,0.989127056146429,1.99341941820522,2.31177185698548
6220,1.76516425658892,0.992820744692201,1.99151979547937,2.3111522295952
6230,1.76514269088651,0.99655774450685,1.98882936327502,2.31004096487765
6240,1.76472355751703,1.00031997583617,1.98536343170188,2.30848726501303
6250,1.76389920005574,1.00408906115297,1.981105198134,2.30650334088025
6260,1.76265362108354,1.00784631423753,1.97604887171614,2.30406567729696
6270,1.7610333092781,1.01157272988848,1.97020128886398,2.30132590908184
6280,1.75904598047954,1.01524897431526,1.96353922457506,2.29834974254828
6290,1.75670387516048,1.01885537626411,1.9560820217601,2.29517422745722
6300,1.75399694398037,1.02237302472518,1.94781834482403,2.29179946239192
6310,1.75093300215544,1.02578225277568,1.9387450264876,2.28827172720303
6320,1.74755107794195,1.02906026515108,1.9288749607195,2.28471800795527
6330,1.74385463371632,1.03218542362431,1.91818972892526,2.28118874859938
6340,1.73985097059547,1.03513625295102,1.90671146431429,2.27770519452109
6350,1.73552760052722,1.03789090951239,1.89443480965475,2.27425708241452
6360,1.73091924974018,1.04042717933974,1.88135922973176,2.27097134014905
6370,1.72604681326514,1.04272247725614,1.86750262704645,2.26791533549283
6380,1.72091954029181,1.04477891563694,1.85285210064836,2.26512760459013
6390,1.71559442988086,1.04673541364288,1.83743104735862,2.26261682864109
6400,1.71009377542619,1.04862374501667,1.82123984650519,2.26041773475672
6410,1.70445839194952,1.05045169646468,1.8042803967482,2.25864308263567
6420,1.69871262991351,1.0522271589968,1.78657387951393,2.2573368512298
6430,1.69286476999777,1.05395861309505,1.76811301311703,2.25652268378124
6440,1.68692513229289,1.05565470481712,1.7489208112384,2.25619988082314
6450,1.68092962970246,1.05732425454172,1.72900243858234,2.25646219598332
6460,1.6749022810067,1.05897626546788,1.7083618526241,2.25736872492811
6470,1.66886484609894,1.06061993185345,1.68702131960118,2.25895328684218
6480,1.66282406396097,1.06226464697922,1.66497869245763,2.26122885244605
6490,1.65679783202418,1.06391937187141,1.64225502161606,2.26421910258505
6500,1.65081384236562,1.06559276600778,1.61885874943992,2.26799001164915
6510,1.64461221069647,1.06729520622051,1.59479538764663,2.27174603822227
6520,1.638396574552,1.06903776134526,1.57108585221566,2.27506611009509
6530,1.63257227546523,1.07083097330141,1.54895829737285,2.27792755572142
6540,1.62713790517642,1.07268562894824,1.5283634888855,2.28036459769554
6550,1.62208309280613,1.07461276586045,1.50924030480737,2.28239620775058
6560,1.61739069781977,1.07662367778444,1.49152472795263,2.28402368772225
6570,1.61304415364686,1.07872991978479,1.47516457524829,2.28523796590749
6580,1.60902415345743,1.08094331309444,1.46009564692539,2.28603350035245
6590,1.60532825784127,1.08327399866543,1.44626344723766,2.28644732762072
6600,1.60194193111956,1.08573262496611,1.43361036426329,2.28648280412927
6610,1.59885034397285,1.08833493567726,1.42207710305834,2.28613899318296
6620,1.59604944932951,1.09112776006687,1.41161125016176,2.2854093377599
6630,1.59353514418107,1.09413830962388,1.40215534504033,2.28431177787899
6640,1.59128817621624,1.09735028464705,1.39365589610922,2.28285834789245
6650,1.58928605288872,1.10074723943705,1.38605932351918,2.28105159570992
6660,1.58750567777444,1.10431259098968,1.37931273876398,2.27889170356965
6670,1.58592465435492,1.10802962838484,1.37336386026583,2.27638047441407
6680,1.58452540538407,1.1118807586058,1.36816259850039,2.27353285904601
6690,1.58328518039924,1.11584685380054,1.36365766201913,2.27035102537805
6700,1.58218260530943,1.11991102534597,1.35979944716053,2.26683734342179
6710,1.58119926400028,1.12405911589662,1.35654260767,2.26299606843421
6720,1.58031402585906,1.12827403548015,1.35383473501776,2.25883330707928
6730,1.57950754075171,1.13253863634811,1.35163316069934,2.25435082520769
6740,1.57875833877844,1.13683572436565,1.34988940055269,2.24954989141697
6750,1.57804690727812,1.14114807023803,1.34855716683536,2.24443548476097
6760,1.57735849769751,1.14545842044751,1.34759921554252,2.23901785710248
6770,1.57666733426254,1.14974950777104,1.34696218253236,2.23329031248422
6780,1.57595534387088,1.15400276367698,1.34661027666225,2.22725299127342
6790,1.57520208522816,1.15819949154711,1.34649789811877,2.22090886601858
6800,1.57439692423718,1.16232483502132,1.34658086718447,2.21428507050574
6810,1.57353232130967,1.16636273169509,1.34683002763198,2.20740420460192
6820,1.57258317993704,1.17029609780951,1.3471897946291,2.20026364737252
6830,1.57153558744051,1.17410788258819,1.34763014905789,2.19286873067544
6840,1.57037379756524,1.17778107127499,1.34810800477859,2.18523231664215
6850,1.56908455215264,1.18128788249964,1.34858679756214,2.17737897639614
6860,1.56768571461341,1.18455806918429,1.3492086806139,2.16929039404205
6870,1.56618831337109,1.18759351116407,1.3500011413209,2.16097028762829
6880,1.56459936126157,1.19040839471179,1.35096304019595,2.15242664887697
6890,1.56292491530067,1.19301793206675,1.35207797571461,2.14367883812065
6900,1.56116486074599,1.19543864474128,1.35332563059163,2.13473030690505
6910,1.55932255388501,1.19768625151802,1.3547136865044,2.12556772363261
6920,1.55739174449365,1.19977685701775,1.35620456135575,2.11619381510746
6930,1.55538220357769,1.20172694653558,1.35779878628179,2.1066208779157
6940,1.55330398959376,1.20355338146157,1.35948153722315,2.09687705009657
6950,1.55114601404559,1.20527339544359,1.361229934853,2.08693471184018
6960,1.54891749414829,1.20690459145369,1.36305480777814,2.07679308321304
6970,1.54661340479127,1.20846586952682,1.36491602622223,2.06645831862475
6980,1.54424761834214,1.20997794684032,1.36681429030947,2.05595061787663
6990,1.54182353200256,1.21145980348811,1.36873624375862,2.04527454876096
7000,1.53933067504373,1.21292890089184,1.37065551691859,2.03440760732075
7010,1.53678005220698,1.21440475389991,1.37258470867486,2.02335069404619
7020,1.53416795966528,1.21590725126951,1.37448137632273,2.0121152514036
7030,1.53151110971645,1.21745666377455,1.37634485406911,2.00073181130569
7040,1.52880174307187,1.21907365463827,1.37816290610078,1.98916866847657
7050,1.52603479204444,1.22077929247378,1.37990479885934,1.97742028480019
7060,1.52322315815069,1.2225950669207,1.38158328354542,1.96549112398593
7070,1.52036753309246,1.22454721618555,1.38315377238613,1.9534016107057
7080,1.51747884110657,1.22666389479741,1.38461262245256,1.94116000606972
7090,1.51459786117452,1.22904044018363,1.38594807904545,1.92880506429448
7100,1.51179730695641,1.23175730169063,1.38712425762869,1.91651036154992
7110,1.50908677761087,1.23480718552587,1.38815220540037,1.90430094190638
7120,1.50646142381371,1.23818290749328,1.38898524279539,1.89221612115245
7130,1.50390750858524,1.24187739276815,1.3896150975939,1.88023003539366
7140,1.50141739446276,1.24588367459919,1.39002950410432,1.86833900468477
7150,1.49897819048086,1.25019489188542,1.39018674982498,1.85655292973219
7160,1.49659986039383,1.25480623303498,1.39009409340176,1.84489925474475
7170,1.49427380963394,1.25971967461243,1.38970264257485,1.83339911171453
7180,1.4919834744983,1.26493248553755,1.38899784248963,1.8220200954677
7190,1.4897238932406,1.27042620283793,1.38797751613301,1.81076796075085
7200,1.48750630691623,1.27619441606182,1.38666483878179,1.79965966590507
7210,1.48535704327437,1.28223077111973,1.38510348883637,1.78873686986701
7220,1.48326099484754,1.28852895782744,1.38327900959963,1.77797501711556
7230,1.48121823975802,1.29508269573853,1.38120667534675,1.7673653481888
7240,1.47923655028465,1.30188571815627,1.37890707847108,1.75691685422661
7250,1.47731791332114,1.30893175420091,1.37636468210686,1.74665730365565
7260,1.47548339282265,1.31622168859286,1.37361254326555,1.73661594660955
7270,1.47371714073103,1.32376232723902,1.37063728742984,1.72675180752422
7280,1.47201943657549,1.33153823033559,1.36744955532981,1.71707052406107
7290,1.47039732860651,1.33953395554041,1.36406915174394,1.70758887853519
7300,1.46885749471087,1.34774280592217,1.36047891052718,1.69835076768326
7310,1.46739991740953,1.35615791169789,1.35670705792136,1.68933478260933
7320,1.46604069221337,1.36485300159083,1.35274231537588,1.68052675967339
7330,1.46494897290609,1.37432041643601,1.3485914565358,1.67193504574645
7340,1.46417766953913,1.38467249388941,1.34427309965855,1.66358741506942
7350,1.46374594160199,1.39594477109085,1.3397702698559,1.65552278385921
7360,1.46366253045688,1.4081897685933,1.33510625460563,1.64769156817173
7370,1.46394621929772,1.42146623325817,1.33027267705864,1.64009974757635
7380,1.46460841086271,1.43578678079705,1.32527352693374,1.63276492485733
7390,1.46568790857469,1.45119792405659,1.32012574055885,1.62574006110862
7400,1.4671934903987,1.46774960163778,1.31481450546027,1.61901636409804
7410,1.4691450661412,1.48549548757858,1.30935834310762,1.61258136773739
7420,1.47156531261227,1.50449333354056,1.30375240462507,1.60645019967118
7430,1.47448728763731,1.52480534764795,1.29799929535383,1.60065721991016
7440,1.47795713079199,1.54649861474234,1.29211378072697,1.59525899690666
7450,1.48198117191235,1.56965248490664,1.28608528397826,1.59020574685216
7460,1.48660176564664,1.59436547094204,1.27992807072499,1.58551175527288
7470,1.49185476096338,1.6207217005786,1.27364131103268,1.58120127127886
7480,1.49778149906787,1.64878880561032,1.26722791951716,1.57732777207613
7490,1.50441885251142,1.67866637732941,1.26070012495454,1.5738900552503
7500,1.51179614254703,1.7104626329782,1.2540536928688,1.5708721017941
7510,1.51996171823848,1.74429533526012,1.24729951799067,1.56829030146465
7520,1.52897102006941,1.78029283077367,1.24044119422203,1.56617903521252
7530,1.53892423512574,1.81859522580517,1.23357130620105,1.564606173371
7540,1.54990520256783,1.85935572124839,1.22684142257295,1.56351846388216
7550,1.56198467807598,1.90275827287631,1.22026242531879,1.56293333603284
7560,NA,NA,1.21384823646113,1.56287703491781
7570,NA,NA,1.20761253881075,1.56340392758688
7580,NA,NA,1.20157025426163,1.56452369774495
7590,NA,NA,1.195734061475,1.56621995358345
7600,NA,NA,1.19012408432595,1.56851285835597
7610,NA,NA,1.18475439582406,1.57143842607977
7620,NA,NA,1.17964442525077,1.57507075848231
7630,NA,NA,1.1748160228322,1.57936405292723
7640,NA,NA,1.17028029228092,1.5843392254113
7650,NA,NA,1.1660695796048,1.59002645182799
7660,NA,NA,1.1621993829251,1.59648111647821
7670,NA,NA,1.15869463429703,1.60366861561935
7680,NA,NA,1.15558537788767,1.61073501663877
7690,NA,NA,1.15288212902056,1.61742250444987
7700,NA,NA,1.15062908100991,1.62376240813099
7710,NA,NA,1.1488445938543,1.62981807103162
7720,NA,NA,1.14755852960442,1.63555305646757
7730,NA,NA,1.14680977590368,1.64098062178034
7740,NA,NA,1.14660964868454,1.64612411657246
7750,NA,NA,1.14701252958386,1.65102554974753
7760,NA,NA,1.14804089353715,1.65570582014027
7770,NA,NA,1.14972862959513,1.66014823307513
7780,NA,NA,1.1521235480919,1.66437186460049
7790,NA,NA,1.15523832933829,1.66840393363261
7800,NA,NA,1.15913581643058,1.67229406020219
7810,NA,NA,1.16384309282854,1.67602364998252
7820,NA,NA,1.16939678143027,1.67960568186909
7830,NA,NA,1.17585303463883,1.68306287757642
7840,NA,NA,1.18322594569316,1.68642887488695
7850,NA,NA,1.1915846736523,1.68972742534596
7860,NA,NA,1.20095817186732,1.6929543173809
7870,NA,NA,1.211273964405,1.69613186920324
7880,NA,NA,1.22249841780348,1.69928630947916
7890,NA,NA,1.23459202745172,1.70245366116541
7900,NA,NA,1.24757180522907,1.70563860201467
7910,NA,NA,1.261415887623,1.70886122615688
7920,NA,NA,1.27610280281216,1.71214799760059
7930,NA,NA,1.29164163734318,1.71552802988634
7940,NA,NA,1.30798712568756,1.71902667411945
7950,NA,NA,1.3251515827381,1.72266338855155
7960,NA,NA,1.34311067964856,1.72646979757233
7970,NA,NA,1.36183567184252,1.73068810342084
7980,NA,NA,1.38133450129154,1.73549698588007
7990,NA,NA,1.4015578828782,1.74093097019599
8000,NA,NA,1.42251295969029,1.74703030382997
8010,NA,NA,1.44417426569124,1.75383530930867
8020,NA,NA,1.466507019733,1.76138210225483
8030,NA,NA,1.48951813409205,1.76970207339999
8040,NA,NA,1.5131566966762,1.77885270629985
8050,NA,NA,1.5374247220712,1.78888181591232
8060,NA,NA,1.56229708924149,1.79983498038889
8070,NA,NA,1.58773496382444,1.81174331402758
8080,NA,NA,1.61374421444647,1.82466758588373
8090,NA,NA,1.64027491781851,1.83867282946443
8100,NA,NA,1.66732430594701,1.853815562076
8110,NA,NA,1.6948688033601,1.8701437135557
8120,NA,NA,1.72286787375889,1.88769268461202
8130,NA,NA,1.75132591012566,1.90655999350749
8140,NA,NA,1.78019628707714,1.92681239769783
8150,NA,NA,1.8094718751767,1.94851342311857
8160,NA,NA,1.8391311687252,1.97170514801505
8170,NA,NA,1.86913419269162,1.99647368818658
8180,NA,NA,1.89948286619376,2.02291549383334
8190,NA,NA,1.93013537498275,2.05110983421365
8200,NA,NA,1.96097073600043,2.08112684825392
8210,NA,NA,1.99131627795137,2.11301390634446
8220,NA,NA,2.02104015780065,2.1469113182031
8230,NA,NA,2.05015720162229,2.18291225074725
8240,NA,NA,2.07864826616438,2.22110787731289
8250,NA,NA,2.1065161816593,2.2615682453599
8260,NA,NA,2.13375996207355,2.30363248682492
8270,NA,NA,2.16036395790244,2.34613127060573
8280,NA,NA,2.18633949083005,2.38904321522793
8290,NA,NA,2.21167392873834,2.43235393265752
8300,NA,NA,2.23636789480758,2.47601988876608
8310,NA,NA,2.26042065979768,2.52009330692217
8320,NA,NA,2.28382093953277,2.56457251039317
8330,NA,NA,2.30657416870338,2.60945347086878
8340,NA,NA,2.32867134161885,2.65471868545555
8350,NA,NA,2.3501097875276,2.70038079818642
8360,NA,NA,2.37088636882937,2.74646619892066
8370,NA,NA,2.39099176371233,2.79298031510896
8380,NA,NA,2.41042437659829,2.83992825516368
8390,NA,NA,2.42917545795721,2.88731247132354
8400,NA,NA,2.44723813799611,2.93517062067636
8410,NA,NA,2.46460500895119,2.9835175859648
8420,NA,NA,2.48126532003032,3.03237070008939
8430,NA,NA,2.49721084885835,3.0817594628325
8440,NA,NA,2.51242968402945,3.13172328693862
8450,NA,NA,2.52690995804781,3.18228279355743
8460,NA,NA,2.54063933948897,3.2334662145546
8470,NA,NA,2.55360147878218,3.28531480895563
8480,NA,NA,2.56578353877952,3.33792394300505
8490,NA,NA,2.57716744749319,3.39130162163986
8500,NA,NA,2.58773557635459,3.44548626806357
8510,NA,NA,2.59747139653547,3.50053334408691
8520,NA,NA,2.60634887757774,3.5565504167497
8530,NA,NA,2.61435356635714,3.61364328850711
8540,NA,NA,2.62160504160375,3.67181038449005
8550,NA,NA,2.62838866823002,3.73104596508533
8560,NA,NA,2.63473292003936,3.79119764558756
8570,NA,NA,2.64063886910434,3.85250310436607
8580,NA,NA,2.64613419024745,3.91496613903343
8590,NA,NA,2.65122510398305,3.97867711390758
8600,NA,NA,2.65592162838108,4.04378009999163
8610,NA,NA,2.66024816420012,4.11052684455092
8620,NA,NA,2.66419303993671,4.17919155147695
8630,NA,NA,2.66779072375194,4.24976738242462
8640,NA,NA,2.67104197405715,4.32244566372745
8650,NA,NA,2.67395071635373,4.39748120298069
8660,NA,NA,2.67654853064335,4.47539938263362
8670,NA,NA,2.67880993936313,4.55627277383868
8680,NA,NA,2.68077817989939,4.64030489191418
8690,NA,NA,2.68245052726524,4.72783368219294
8700,NA,NA,2.68382350830743,4.81938878647389
8710,NA,NA,2.68493983715932,4.91563274226629
8720,NA,NA,2.68576046784169,5.01664908295922
8730,NA,NA,2.68633839526621,5.12295001915463
8740,NA,NA,2.68667039280137,5.23518380245855
8750,NA,NA,2.68674429497109,5.35449728460664
8760,NA,NA,2.68661763970376,5.48138930643635
8770,NA,NA,2.6862393138003,5.61654232935667
8780,NA,NA,2.68567192372096,5.76098762773819
8790,NA,NA,2.68491530455892,5.91615498595043
8800,NA,NA,2.68394748220253,6.08398808585569
8810,NA,NA,2.6828436584283,6.26539852852075
8820,NA,NA,2.68154319896966,6.46230832191376
8830,NA,NA,2.68011696549825,6.67711780044082
8840,NA,NA,2.67857141396056,6.91369847362687
8850,NA,NA,2.67687395399786,7.17733508475026
8860,NA,NA,2.67511884531356,7.4727298986287
8870,NA,NA,2.67322692046517,7.8057651142636
8880,NA,NA,2.67032259795808,8.18422258437135
8890,NA,NA,2.66582578390072,8.61895549294847
8900,NA,NA,2.65969782436987,9.12064692373437
8910,NA,NA,2.65205871169025,9.70538179282242
8920,NA,NA,2.64284888049642,10.3950135486135
8930,NA,NA,2.63215943959312,11.2214660944591
8940,NA,NA,2.62003251742328,12.2271176045933
8950,NA,NA,2.60643256804335,13.473136676341
8960,NA,NA,2.59150687702994,15.054931497521
8970,NA,NA,2.57521051369718,17.1272233789379
8980,NA,NA,2.55764441100493,19.9627408976023
8990,NA,NA,2.53887379336232,24.0538703904044
9000,NA,NA,2.51886756854922,30.4583704850939
9010,NA,NA,2.49779251922547,41.8877880042434
9020,NA,NA,2.47562018705142,68.0578157539392
9030,NA,NA,2.45245452733008,188.455770387753
9040,NA,NA,2.42837892933363,-234.500541344792
9050,NA,NA,2.4033667463431,-71.4021625545684
9060,NA,NA,2.37759306702431,-41.8350502762437
9070,NA,NA,2.35104462082606,-29.4463545688994
9080,NA,NA,2.32382087145886,-22.6586643410587
9090,NA,NA,2.29601540789797,-18.3815859439026
9100,NA,NA,2.26760514135706,-15.445002121656
9110,NA,NA,2.23876109859415,-13.3070247084067
9120,NA,NA,2.20948172303596,-11.6846899383181
9130,NA,NA,2.17985537324729,-10.4152941076732
9140,NA,NA,2.14997680215709,NA
9150,NA,NA,2.11982549816061,NA
9160,NA,NA,2.08955728819146,NA
9170,NA,NA,2.05917805320565,NA
9180,NA,NA,2.02876064270134,NA
9190,NA,NA,1.99839283636664,NA
9200,NA,NA,1.96805631274542,NA
9210,NA,NA,1.93787876962226,NA
9220,NA,NA,1.9078397165704,NA
9230,NA,NA,1.87800732054513,NA
9240,NA,NA,1.84847728556698,NA
9250,NA,NA,1.81925403662407,NA
9260,NA,NA,1.79046167549571,NA
9270,NA,NA,1.76212910934396,NA
9280,NA,NA,1.73431353993001,NA
9290,NA,NA,1.70708966372192,NA
9300,NA,NA,1.68046607851347,NA
9310,NA,NA,1.65453048542871,NA
9320,NA,NA,1.62930913975385,NA
9330,NA,NA,1.60484237154251,NA
9340,NA,NA,1.58118428418719,NA
9350,NA,NA,1.5583467839372,NA
9360,NA,NA,1.53638683090073,NA
9370,NA,NA,1.51532724274918,NA
9380,NA,NA,1.49519605838957,NA
9390,NA,NA,1.47602913383805,NA
9400,NA,NA,1.45784184580153,NA
9410,NA,NA,1.44066724072424,NA
9420,NA,NA,1.42452508809361,NA
9430,NA,NA,1.4094361345152,NA
9440,NA,NA,1.39542124719051,NA
9450,NA,NA,1.38250014800442,NA
9460,NA,NA,1.3706887452371,NA
9470,NA,NA,1.36000482727403,NA
9480,NA,NA,1.35046667724518,NA
9490,NA,NA,1.34208355618541,NA
9500,NA,NA,1.33488084037458,NA
9510,NA,NA,1.3288633487612,NA
9520,NA,NA,1.32404823013631,NA
9530,NA,NA,1.32045572956592,NA
9540,NA,NA,1.31808651009421,NA
9550,NA,NA,1.31689816872389,NA
9560,NA,NA,1.31667239314181,NA
9570,NA,NA,1.31735442380904,NA
9580,NA,NA,1.31890724426205,NA
9590,NA,NA,1.32126361848198,NA
9600,NA,NA,1.32440477514834,NA
9610,NA,NA,1.32826863584443,NA
9620,NA,NA,1.33281690450459,NA
9630,NA,NA,1.33802833447836,NA
9640,NA,NA,1.34383664402647,NA
9650,NA,NA,1.35023802919776,NA
9660,NA,NA,1.35717590511163,NA
9670,NA,NA,1.36461763767042,NA
9680,NA,NA,1.37255708170444,NA
9690,NA,NA,1.38092640953535,NA
9700,NA,NA,1.38973424068776,NA
9710,NA,NA,1.39892887895178,NA
9720,NA,NA,1.40848022413015,NA
9730,NA,NA,1.41839660048251,NA
9740,NA,NA,1.42860617441223,NA
9750,NA,NA,1.43912753234801,NA
9760,NA,NA,1.44991332666915,NA
9770,NA,NA,1.46093297259894,NA
9780,NA,NA,1.47220869734501,NA
9790,NA,NA,1.48366235084994,NA
9800,NA,NA,1.49532010055247,NA
9810,NA,NA,1.50713851737816,NA
9820,NA,NA,1.5190836395761,NA
9830,NA,NA,1.53119104064759,NA
9840,NA,NA,1.54337412220031,NA
9850,NA,NA,1.55566426023103,NA
9860,NA,NA,1.56802157735402,NA
9870,NA,NA,1.58040594230359,NA
9880,NA,NA,1.59286552162906,NA
9890,NA,NA,1.60527696580936,NA
9900,NA,NA,1.61764998091134,NA
9910,NA,NA,1.62994247289448,NA
9920,NA,NA,1.64209993007665,NA
9930,NA,NA,1.65417672936123,NA
9940,NA,NA,1.66605778434783,NA
9950,NA,NA,1.67777138137466,NA
9960,NA,NA,1.68927715647501,NA
9970,NA,NA,1.70050803727904,NA
9980,NA,NA,1.71152759006989,NA
9990,NA,NA,1.72220547611924,NA
10000,NA,NA,1.73256573076065,NA
10010,NA,NA,1.74256802136549,NA
10020,NA,NA,1.75212914887158,NA
10030,NA,NA,1.76131873915437,NA
10040,NA,NA,1.76998847699922,NA
10050,NA,NA,1.77815359527033,NA
10060,NA,NA,1.78577108113438,NA
10070,NA,NA,1.79273973063298,NA
10080,NA,NA,1.79912288203346,NA
10090,NA,NA,1.80475839588508,NA
10100,NA,NA,1.80964410137141,NA
10110,NA,NA,1.8137297046371,NA
10120,NA,NA,1.81689180243808,NA
10130,NA,NA,1.81917599926005,NA
10140,NA,NA,1.82040524790816,NA
10150,NA,NA,1.82055019711619,NA
10160,NA,NA,1.81954558448882,NA
10170,NA,NA,1.81723816720606,NA
10180,NA,NA,1.81364389601332,NA
10190,NA,NA,1.80856295363378,NA
10200,NA,NA,1.80192623719892,NA
10210,NA,NA,1.79364069080726,NA
10220,NA,NA,1.78373798889485,NA
10230,NA,NA,1.7746062949007,NA
10240,NA,NA,1.7667959360825,NA
10250,NA,NA,1.76036133217817,NA
10260,NA,NA,1.75536052102896,NA
10270,NA,NA,1.75175393767685,NA
10280,NA,NA,1.74967583577597,NA
10290,NA,NA,1.74908766142439,NA
10300,NA,NA,1.75005890838366,NA
10310,NA,NA,1.75267982065179,NA
10320,NA,NA,1.75693608611205,NA
10330,NA,NA,1.76298707021474,NA
10340,NA,NA,1.77083625545703,NA
10350,NA,NA,1.78058219453198,NA
10360,NA,NA,1.79236287080135,NA
10370,NA,NA,1.80620619454933,NA
10380,NA,NA,1.82231779965525,NA
10390,NA,NA,1.84076545279295,NA
10400,NA,NA,1.86170365314188,NA
10410,NA,NA,1.88534923868985,NA
10420,NA,NA,1.91180730668464,NA
10430,NA,NA,1.94137196854106,NA
10440,NA,NA,1.97422304338506,NA
10450,NA,NA,2.01062759365401,NA
10460,NA,NA,2.05094826671925,NA
10470,NA,NA,2.09544546691887,NA
10480,NA,NA,2.14459535507259,NA
10490,NA,NA,2.1988009630461,NA
10500,NA,NA,2.25857521104342,NA
10510,NA,NA,2.32458730964491,NA
10520,NA,NA,2.39744852035318,NA
10530,NA,NA,2.47805448304701,NA
10540,NA,NA,2.5673252208997,NA
10550,NA,NA,2.66638309048023,NA
10560,NA,NA,2.77654301640939,NA
10570,NA,NA,2.89897266080015,NA
10580,NA,NA,3.03561707333922,NA
10590,NA,NA,3.18876395843639,NA
10600,NA,NA,NA,NA
10610,NA,NA,NA,NA
10620,NA,NA,NA,NA
10630,NA,NA,NA,NA
10640,NA,NA,NA,NA
10650,NA,NA,NA,NA
10660,NA,NA,NA,NA
10670,NA,NA,NA,NA
10680,NA,NA,NA,NA
10690,NA,NA,NA,NA
10700,NA,NA,NA,NA
10710,NA,NA,NA,NA
10720,NA,NA,NA,NA
10730,NA,NA,NA,NA
10740,NA,NA,NA,NA
10750,NA,NA,NA,NA
10760,NA,NA,NA,NA
10770,NA,NA,NA,NA
10780,NA,NA,NA,NA
10790,NA,NA,NA,NA
10800,NA,NA,NA,NA
10810,NA,NA,NA,NA
10820,NA,NA,NA,NA
10830,NA,NA,NA,NA
10840,NA,NA,NA,NA
10850,NA,NA,NA,NA
10860,NA,NA,NA,NA
10870,NA,NA,NA,NA
10880,NA,NA,NA,NA
10890,NA,NA,NA,NA
10900,NA,NA,NA,NA
10910,NA,NA,NA,NA
10920,NA,NA,NA,NA
10930,NA,NA,NA,NA
10940,NA,NA,NA,NA
10950,NA,NA,NA,NA
10960,NA,NA,NA,NA
10970,NA,NA,NA,NA
10980,NA,NA,NA,NA
10990,NA,NA,NA,NA
11000,NA,NA,NA,NA
11010,NA,NA,NA,NA
11020,NA,NA,NA,NA
11030,NA,NA,NA,NA
11040,NA,NA,NA,NA
11050,NA,NA,NA,NA
11060,NA,NA,NA,NA
11070,NA,NA,NA,NA
11080,NA,NA,NA,NA
11090,NA,NA,NA,NA
11100,NA,NA,NA,NA
